2026-09-13 16:36:21,740 [Worker-3: Loading available Gradle versions] INFO  o.e.b.c.i.u.g.PublishedGradleVersions - Gradle version information cache is not available. Remote download required.
2026-09-13 16:44:43,235 [Worker-13: Import Getting Started Content] INFO  o.e.m.c.i.e.AbstractTransferListenerAdapter - Downloading https://repo.maven.apache.org/maven2/org/springframework/boot/spring-boot-starter-parent/4.1.1/spring-boot-starter-parent-4.1.1.pom
2026-09-13 16:44:43,266 [Worker-13: Import Getting Started Content] INFO  o.e.m.c.i.e.AbstractTransferListenerAdapter - Downloaded https://repo.maven.apache.org/maven2/org/springframework/boot/spring-boot-starter-parent/4.1.1/spring-boot-starter-parent-4.1.1.pom
2026-09-13 16:44:43,321 [Worker-13: Import Getting Started Content] INFO  o.e.m.c.i.e.AbstractTransferListenerAdapter - Downloading https://repo.maven.apache.org/maven2/org/springframework/boot/spring-boot-dependencies/4.1.1/spring-boot-dependencies-4.1.1.pom
2026-09-13 16:44:43,359 [Worker-13: Import Getting Started Content] INFO  o.e.m.c.i.e.AbstractTransferListenerAdapter - Downloaded https://repo.maven.apache.org/maven2/org/springframework/boot/spring-boot-dependencies/4.1.1/spring-boot-dependencies-4.1.1.pom
2026-09-13 16:44:43,478 [Worker-13: Import Getting Started Content] INFO  o.e.m.c.i.e.AbstractTransferListenerAdapter - Downloading https://repo.maven.apache.org/maven2/org/springframework/cloud/spring-cloud-dependencies/2025.1.3/spring-cloud-dependencies-2025.1.3.pom
2026-09-13 16:44:43,496 [Worker-13: Import Getting Started Content] INFO  o.e.m.c.i.e.AbstractTransferListenerAdapter - Downloaded https://repo.maven.apache.org/maven2/org/springframework/cloud/spring-cloud-dependencies/2025.1.3/spring-cloud-dependencies-2025.1.3.pom
2026-09-13 16:44:43,539 [Worker-13: Import Getting Started Content] INFO  o.e.m.c.i.e.AbstractTransferListenerAdapter - Downloading https://repo.maven.apache.org/maven2/org/springframework/cloud/spring-cloud-dependencies-parent/5.0.3/spring-cloud-dependencies-parent-5.0.3.pom
2026-09-13 16:44:43,556 [Worker-13: Import Getting Started Content] INFO  o.e.m.c.i.e.AbstractTransferListenerAdapter - Downloaded https://repo.maven.apache.org/maven2/org/springframework/cloud/spring-cloud-dependencies-parent/5.0.3/spring-cloud-dependencies-parent-5.0.3.pom
2026-09-13 16:44:43,607 [Worker-13: Import Getting Started Content] INFO  o.e.m.c.i.e.AbstractTransferListenerAdapter - Downloading https://repo.maven.apache.org/maven2/org/springframework/cloud/spring-cloud-commons-dependencies/5.0.3/spring-cloud-commons-dependencies-5.0.3.pom
2026-09-13 16:44:43,625 [Worker-13: Import Getting Started Content] INFO  o.e.m.c.i.e.AbstractTransferListenerAdapter - Downloaded https://repo.maven.apache.org/maven2/org/springframework/cloud/spring-cloud-commons-dependencies/5.0.3/spring-cloud-commons-dependencies-5.0.3.pom
2026-09-13 16:44:43,680 [Worker-13: Import Getting Started Content] INFO  o.e.m.c.i.e.AbstractTransferListenerAdapter - Downloading https://repo.maven.apache.org/maven2/org/bouncycastle/bc-jdk18on-bom/1.85.2/bc-jdk18on-bom-1.85.2.pom
2026-09-13 16:44:43,697 [Worker-13: Import Getting Started Content] INFO  o.e.m.c.i.e.AbstractTransferListenerAdapter - Downloaded https://repo.maven.apache.org/maven2/org/bouncycastle/bc-jdk18on-bom/1.85.2/bc-jdk18on-bom-1.85.2.pom
2026-09-13 16:44:43,739 [Worker-13: Import Getting Started Content] INFO  o.e.m.c.i.e.AbstractTransferListenerAdapter - Downloading https://repo.maven.apache.org/maven2/org/springframework/cloud/spring-cloud-netflix-dependencies/5.0.2/spring-cloud-netflix-dependencies-5.0.2.pom
2026-09-13 16:44:43,759 [Worker-13: Import Getting Started Content] INFO  o.e.m.c.i.e.AbstractTransferListenerAdapter - Downloaded https://repo.maven.apache.org/maven2/org/springframework/cloud/spring-cloud-netflix-dependencies/5.0.2/spring-cloud-netflix-dependencies-5.0.2.pom
2026-09-13 16:44:43,801 [Worker-13: Import Getting Started Content] INFO  o.e.m.c.i.e.AbstractTransferListenerAdapter - Downloading https://repo.maven.apache.org/maven2/org/springframework/cloud/spring-cloud-dependencies-parent/5.0.2/spring-cloud-dependencies-parent-5.0.2.pom
2026-09-13 16:44:43,820 [Worker-13: Import Getting Started Content] INFO  o.e.m.c.i.e.AbstractTransferListenerAdapter - Downloaded https://repo.maven.apache.org/maven2/org/springframework/cloud/spring-cloud-dependencies-parent/5.0.2/spring-cloud-dependencies-parent-5.0.2.pom
2026-09-13 16:44:43,868 [Worker-13: Import Getting Started Content] INFO  o.e.m.c.i.e.AbstractTransferListenerAdapter - Downloading https://repo.maven.apache.org/maven2/org/springframework/cloud/spring-cloud-stream-dependencies/5.0.3/spring-cloud-stream-dependencies-5.0.3.pom
2026-09-13 16:44:43,886 [Worker-13: Import Getting Started Content] INFO  o.e.m.c.i.e.AbstractTransferListenerAdapter - Downloaded https://repo.maven.apache.org/maven2/org/springframework/cloud/spring-cloud-stream-dependencies/5.0.3/spring-cloud-stream-dependencies-5.0.3.pom
2026-09-13 16:44:43,931 [Worker-13: Import Getting Started Content] INFO  o.e.m.c.i.e.AbstractTransferListenerAdapter - Downloading https://repo.maven.apache.org/maven2/org/springframework/cloud/spring-cloud-task-dependencies/5.0.2/spring-cloud-task-dependencies-5.0.2.pom
2026-09-13 16:44:43,949 [Worker-13: Import Getting Started Content] INFO  o.e.m.c.i.e.AbstractTransferListenerAdapter - Downloaded https://repo.maven.apache.org/maven2/org/springframework/cloud/spring-cloud-task-dependencies/5.0.2/spring-cloud-task-dependencies-5.0.2.pom
2026-09-13 16:44:44,004 [Worker-13: Import Getting Started Content] INFO  o.e.m.c.i.e.AbstractTransferListenerAdapter - Downloading https://repo.maven.apache.org/maven2/org/springframework/cloud/spring-cloud-circuitbreaker-dependencies/5.0.3/spring-cloud-circuitbreaker-dependencies-5.0.3.pom
2026-09-13 16:44:44,020 [Worker-13: Import Getting Started Content] INFO  o.e.m.c.i.e.AbstractTransferListenerAdapter - Downloaded https://repo.maven.apache.org/maven2/org/springframework/cloud/spring-cloud-circuitbreaker-dependencies/5.0.3/spring-cloud-circuitbreaker-dependencies-5.0.3.pom
2026-09-13 16:44:44,062 [Worker-13: Import Getting Started Content] INFO  o.e.m.c.i.e.AbstractTransferListenerAdapter - Downloading https://repo.maven.apache.org/maven2/io/github/resilience4j/resilience4j-bom/2.3.0/resilience4j-bom-2.3.0.pom
2026-09-13 16:44:44,079 [Worker-13: Import Getting Started Content] INFO  o.e.m.c.i.e.AbstractTransferListenerAdapter - Downloaded https://repo.maven.apache.org/maven2/io/github/resilience4j/resilience4j-bom/2.3.0/resilience4j-bom-2.3.0.pom
2026-09-13 16:44:44,122 [Worker-13: Import Getting Started Content] INFO  o.e.m.c.i.e.AbstractTransferListenerAdapter - Downloading https://repo.maven.apache.org/maven2/org/springframework/cloud/spring-cloud-config-dependencies/5.0.5/spring-cloud-config-dependencies-5.0.5.pom
2026-09-13 16:44:44,140 [Worker-13: Import Getting Started Content] INFO  o.e.m.c.i.e.AbstractTransferListenerAdapter - Downloaded https://repo.maven.apache.org/maven2/org/springframework/cloud/spring-cloud-config-dependencies/5.0.5/spring-cloud-config-dependencies-5.0.5.pom
2026-09-13 16:44:44,186 [Worker-13: Import Getting Started Content] INFO  o.e.m.c.i.e.AbstractTransferListenerAdapter - Downloading https://repo.maven.apache.org/maven2/org/springframework/cloud/spring-cloud-function-dependencies/5.0.4/spring-cloud-function-dependencies-5.0.4.pom
2026-09-13 16:44:44,208 [Worker-13: Import Getting Started Content] INFO  o.e.m.c.i.e.AbstractTransferListenerAdapter - Downloaded https://repo.maven.apache.org/maven2/org/springframework/cloud/spring-cloud-function-dependencies/5.0.4/spring-cloud-function-dependencies-5.0.4.pom
2026-09-13 16:44:44,266 [Worker-13: Import Getting Started Content] INFO  o.e.m.c.i.e.AbstractTransferListenerAdapter - Downloading https://repo.maven.apache.org/maven2/org/springframework/cloud/spring-cloud-gateway-dependencies/5.0.3/spring-cloud-gateway-dependencies-5.0.3.pom
2026-09-13 16:44:44,287 [Worker-13: Import Getting Started Content] INFO  o.e.m.c.i.e.AbstractTransferListenerAdapter - Downloaded https://repo.maven.apache.org/maven2/org/springframework/cloud/spring-cloud-gateway-dependencies/5.0.3/spring-cloud-gateway-dependencies-5.0.3.pom
2026-09-13 16:44:44,352 [Worker-13: Import Getting Started Content] INFO  o.e.m.c.i.e.AbstractTransferListenerAdapter - Downloading https://repo.maven.apache.org/maven2/org/springframework/cloud/spring-cloud-consul-dependencies/5.0.3/spring-cloud-consul-dependencies-5.0.3.pom
2026-09-13 16:44:44,372 [Worker-13: Import Getting Started Content] INFO  o.e.m.c.i.e.AbstractTransferListenerAdapter - Downloaded https://repo.maven.apache.org/maven2/org/springframework/cloud/spring-cloud-consul-dependencies/5.0.3/spring-cloud-consul-dependencies-5.0.3.pom
2026-09-13 16:44:44,417 [Worker-13: Import Getting Started Content] INFO  o.e.m.c.i.e.AbstractTransferListenerAdapter - Downloading https://repo.maven.apache.org/maven2/org/springframework/cloud/spring-cloud-vault-dependencies/5.0.2/spring-cloud-vault-dependencies-5.0.2.pom
2026-09-13 16:44:44,434 [Worker-13: Import Getting Started Content] INFO  o.e.m.c.i.e.AbstractTransferListenerAdapter - Downloaded https://repo.maven.apache.org/maven2/org/springframework/cloud/spring-cloud-vault-dependencies/5.0.2/spring-cloud-vault-dependencies-5.0.2.pom
2026-09-13 16:44:44,482 [Worker-13: Import Getting Started Content] INFO  o.e.m.c.i.e.AbstractTransferListenerAdapter - Downloading https://repo.maven.apache.org/maven2/org/springframework/cloud/spring-cloud-zookeeper-dependencies/5.0.2/spring-cloud-zookeeper-dependencies-5.0.2.pom
2026-09-13 16:44:44,503 [Worker-13: Import Getting Started Content] INFO  o.e.m.c.i.e.AbstractTransferListenerAdapter - Downloaded https://repo.maven.apache.org/maven2/org/springframework/cloud/spring-cloud-zookeeper-dependencies/5.0.2/spring-cloud-zookeeper-dependencies-5.0.2.pom
2026-09-13 16:44:44,724 [Worker-13: Import Getting Started Content] INFO  o.e.m.c.i.e.AbstractTransferListenerAdapter - Downloading https://repo.maven.apache.org/maven2/org/springframework/cloud/spring-cloud-bus-dependencies/5.0.3/spring-cloud-bus-dependencies-5.0.3.pom
2026-09-13 16:44:44,744 [Worker-13: Import Getting Started Content] INFO  o.e.m.c.i.e.AbstractTransferListenerAdapter - Downloaded https://repo.maven.apache.org/maven2/org/springframework/cloud/spring-cloud-bus-dependencies/5.0.3/spring-cloud-bus-dependencies-5.0.3.pom
2026-09-13 16:44:44,791 [Worker-13: Import Getting Started Content] INFO  o.e.m.c.i.e.AbstractTransferListenerAdapter - Downloading https://repo.maven.apache.org/maven2/org/springframework/cloud/spring-cloud-openfeign-dependencies/5.0.3/spring-cloud-openfeign-dependencies-5.0.3.pom
2026-09-13 16:44:44,811 [Worker-13: Import Getting Started Content] INFO  o.e.m.c.i.e.AbstractTransferListenerAdapter - Downloaded https://repo.maven.apache.org/maven2/org/springframework/cloud/spring-cloud-openfeign-dependencies/5.0.3/spring-cloud-openfeign-dependencies-5.0.3.pom
2026-09-13 16:44:44,868 [Worker-13: Import Getting Started Content] INFO  o.e.m.c.i.e.AbstractTransferListenerAdapter - Downloading https://repo.maven.apache.org/maven2/io/github/openfeign/feign-bom/13.6.1/feign-bom-13.6.1.pom
2026-09-13 16:44:44,891 [Worker-13: Import Getting Started Content] INFO  o.e.m.c.i.e.AbstractTransferListenerAdapter - Downloaded https://repo.maven.apache.org/maven2/io/github/openfeign/feign-bom/13.6.1/feign-bom-13.6.1.pom
2026-09-13 16:44:44,945 [Worker-13: Import Getting Started Content] INFO  o.e.m.c.i.e.AbstractTransferListenerAdapter - Downloading https://repo.maven.apache.org/maven2/org/springframework/cloud/spring-cloud-kubernetes-dependencies/5.0.3/spring-cloud-kubernetes-dependencies-5.0.3.pom
2026-09-13 16:44:44,965 [Worker-13: Import Getting Started Content] INFO  o.e.m.c.i.e.AbstractTransferListenerAdapter - Downloaded https://repo.maven.apache.org/maven2/org/springframework/cloud/spring-cloud-kubernetes-dependencies/5.0.3/spring-cloud-kubernetes-dependencies-5.0.3.pom
2026-09-13 16:44:45,015 [Worker-13: Import Getting Started Content] INFO  o.e.m.c.i.e.AbstractTransferListenerAdapter - Downloading https://repo.maven.apache.org/maven2/io/fabric8/kubernetes-client-bom/7.4.1/kubernetes-client-bom-7.4.1.pom
2026-09-13 16:44:45,037 [Worker-13: Import Getting Started Content] INFO  o.e.m.c.i.e.AbstractTransferListenerAdapter - Downloaded https://repo.maven.apache.org/maven2/io/fabric8/kubernetes-client-bom/7.4.1/kubernetes-client-bom-7.4.1.pom
2026-09-13 16:44:45,081 [Worker-13: Import Getting Started Content] INFO  o.e.m.c.i.e.AbstractTransferListenerAdapter - Downloading https://repo.maven.apache.org/maven2/org/apache/activemq/activemq-bom/6.2.9/activemq-bom-6.2.9.pom
2026-09-13 16:44:45,100 [Worker-13: Import Getting Started Content] INFO  o.e.m.c.i.e.AbstractTransferListenerAdapter - Downloaded https://repo.maven.apache.org/maven2/org/apache/activemq/activemq-bom/6.2.9/activemq-bom-6.2.9.pom
2026-09-13 16:44:45,147 [Worker-13: Import Getting Started Content] INFO  o.e.m.c.i.e.AbstractTransferListenerAdapter - Downloading https://repo.maven.apache.org/maven2/org/apache/artemis/artemis-bom/2.53.0/artemis-bom-2.53.0.pom
2026-09-13 16:44:45,169 [Worker-13: Import Getting Started Content] INFO  o.e.m.c.i.e.AbstractTransferListenerAdapter - Downloaded https://repo.maven.apache.org/maven2/org/apache/artemis/artemis-bom/2.53.0/artemis-bom-2.53.0.pom
2026-09-13 16:44:45,232 [Worker-13: Import Getting Started Content] INFO  o.e.m.c.i.e.AbstractTransferListenerAdapter - Downloading https://repo.maven.apache.org/maven2/org/apache/artemis/artemis-project/2.53.0/artemis-project-2.53.0.pom
2026-09-13 16:44:45,262 [Worker-13: Import Getting Started Content] INFO  o.e.m.c.i.e.AbstractTransferListenerAdapter - Downloaded https://repo.maven.apache.org/maven2/org/apache/artemis/artemis-project/2.53.0/artemis-project-2.53.0.pom
2026-09-13 16:44:45,310 [Worker-13: Import Getting Started Content] INFO  o.e.m.c.i.e.AbstractTransferListenerAdapter - Downloading https://repo.maven.apache.org/maven2/org/apache/apache/37/apache-37.pom
2026-09-13 16:44:45,332 [Worker-13: Import Getting Started Content] INFO  o.e.m.c.i.e.AbstractTransferListenerAdapter - Downloaded https://repo.maven.apache.org/maven2/org/apache/apache/37/apache-37.pom
2026-09-13 16:44:45,379 [Worker-13: Import Getting Started Content] INFO  o.e.m.c.i.e.AbstractTransferListenerAdapter - Downloading https://repo.maven.apache.org/maven2/org/assertj/assertj-bom/3.27.7/assertj-bom-3.27.7.pom
2026-09-13 16:44:45,397 [Worker-13: Import Getting Started Content] INFO  o.e.m.c.i.e.AbstractTransferListenerAdapter - Downloaded https://repo.maven.apache.org/maven2/org/assertj/assertj-bom/3.27.7/assertj-bom-3.27.7.pom
2026-09-13 16:44:45,448 [Worker-13: Import Getting Started Content] INFO  o.e.m.c.i.e.AbstractTransferListenerAdapter - Downloading https://repo.maven.apache.org/maven2/io/zipkin/reporter2/zipkin-reporter-bom/3.5.3/zipkin-reporter-bom-3.5.3.pom
2026-09-13 16:44:45,466 [Worker-13: Import Getting Started Content] INFO  o.e.m.c.i.e.AbstractTransferListenerAdapter - Downloaded https://repo.maven.apache.org/maven2/io/zipkin/reporter2/zipkin-reporter-bom/3.5.3/zipkin-reporter-bom-3.5.3.pom
2026-09-13 16:44:45,510 [Worker-13: Import Getting Started Content] INFO  o.e.m.c.i.e.AbstractTransferListenerAdapter - Downloading https://repo.maven.apache.org/maven2/io/zipkin/brave/brave-bom/6.3.1/brave-bom-6.3.1.pom
2026-09-13 16:44:45,527 [Worker-13: Import Getting Started Content] INFO  o.e.m.c.i.e.AbstractTransferListenerAdapter - Downloaded https://repo.maven.apache.org/maven2/io/zipkin/brave/brave-bom/6.3.1/brave-bom-6.3.1.pom
2026-09-13 16:44:45,573 [Worker-13: Import Getting Started Content] INFO  o.e.m.c.i.e.AbstractTransferListenerAdapter - Downloading https://repo.maven.apache.org/maven2/org/apache/cassandra/java-driver-bom/4.19.3/java-driver-bom-4.19.3.pom
2026-09-13 16:44:45,591 [Worker-13: Import Getting Started Content] INFO  o.e.m.c.i.e.AbstractTransferListenerAdapter - Downloaded https://repo.maven.apache.org/maven2/org/apache/cassandra/java-driver-bom/4.19.3/java-driver-bom-4.19.3.pom
2026-09-13 16:44:45,639 [Worker-13: Import Getting Started Content] INFO  o.e.m.c.i.e.AbstractTransferListenerAdapter - Downloading https://repo.maven.apache.org/maven2/org/apache/groovy/groovy-bom/5.0.8/groovy-bom-5.0.8.pom
2026-09-13 16:44:45,665 [Worker-13: Import Getting Started Content] INFO  o.e.m.c.i.e.AbstractTransferListenerAdapter - Downloaded https://repo.maven.apache.org/maven2/org/apache/groovy/groovy-bom/5.0.8/groovy-bom-5.0.8.pom
2026-09-13 16:44:45,714 [Worker-13: Import Getting Started Content] INFO  o.e.m.c.i.e.AbstractTransferListenerAdapter - Downloading https://repo.maven.apache.org/maven2/io/grpc/grpc-bom/1.83.1/grpc-bom-1.83.1.pom
2026-09-13 16:44:45,732 [Worker-13: Import Getting Started Content] INFO  o.e.m.c.i.e.AbstractTransferListenerAdapter - Downloaded https://repo.maven.apache.org/maven2/io/grpc/grpc-bom/1.83.1/grpc-bom-1.83.1.pom
2026-09-13 16:44:45,781 [Worker-13: Import Getting Started Content] INFO  o.e.m.c.i.e.AbstractTransferListenerAdapter - Downloading https://repo.maven.apache.org/maven2/org/infinispan/infinispan-bom/16.1.4/infinispan-bom-16.1.4.pom
2026-09-13 16:44:45,803 [Worker-13: Import Getting Started Content] INFO  o.e.m.c.i.e.AbstractTransferListenerAdapter - Downloaded https://repo.maven.apache.org/maven2/org/infinispan/infinispan-bom/16.1.4/infinispan-bom-16.1.4.pom
2026-09-13 16:44:45,850 [Worker-13: Import Getting Started Content] INFO  o.e.m.c.i.e.AbstractTransferListenerAdapter - Downloading https://repo.maven.apache.org/maven2/com/fasterxml/jackson/jackson-bom/2.21.5/jackson-bom-2.21.5.pom
2026-09-13 16:44:45,869 [Worker-13: Import Getting Started Content] INFO  o.e.m.c.i.e.AbstractTransferListenerAdapter - Downloaded https://repo.maven.apache.org/maven2/com/fasterxml/jackson/jackson-bom/2.21.5/jackson-bom-2.21.5.pom
2026-09-13 16:44:45,939 [Worker-13: Import Getting Started Content] INFO  o.e.m.c.i.e.AbstractTransferListenerAdapter - Downloading https://repo.maven.apache.org/maven2/com/fasterxml/jackson/jackson-parent/2.21/jackson-parent-2.21.pom
2026-09-13 16:44:45,958 [Worker-13: Import Getting Started Content] INFO  o.e.m.c.i.e.AbstractTransferListenerAdapter - Downloaded https://repo.maven.apache.org/maven2/com/fasterxml/jackson/jackson-parent/2.21/jackson-parent-2.21.pom
2026-09-13 16:44:46,039 [Worker-13: Import Getting Started Content] INFO  o.e.m.c.i.e.AbstractTransferListenerAdapter - Downloading https://repo.maven.apache.org/maven2/com/fasterxml/oss-parent/75/oss-parent-75.pom
2026-09-13 16:44:46,058 [Worker-13: Import Getting Started Content] INFO  o.e.m.c.i.e.AbstractTransferListenerAdapter - Downloaded https://repo.maven.apache.org/maven2/com/fasterxml/oss-parent/75/oss-parent-75.pom
2026-09-13 16:44:46,112 [Worker-13: Import Getting Started Content] INFO  o.e.m.c.i.e.AbstractTransferListenerAdapter - Downloading https://repo.maven.apache.org/maven2/tools/jackson/jackson-bom/3.1.5/jackson-bom-3.1.5.pom
2026-09-13 16:44:46,158 [Worker-13: Import Getting Started Content] INFO  o.e.m.c.i.e.AbstractTransferListenerAdapter - Downloaded https://repo.maven.apache.org/maven2/tools/jackson/jackson-bom/3.1.5/jackson-bom-3.1.5.pom
2026-09-13 16:44:46,208 [Worker-13: Import Getting Started Content] INFO  o.e.m.c.i.e.AbstractTransferListenerAdapter - Downloading https://repo.maven.apache.org/maven2/com/fasterxml/oss-parent/79/oss-parent-79.pom
2026-09-13 16:44:46,230 [Worker-13: Import Getting Started Content] INFO  o.e.m.c.i.e.AbstractTransferListenerAdapter - Downloaded https://repo.maven.apache.org/maven2/com/fasterxml/oss-parent/79/oss-parent-79.pom
2026-09-13 16:44:46,312 [Worker-13: Import Getting Started Content] INFO  o.e.m.c.i.e.AbstractTransferListenerAdapter - Downloading https://repo.maven.apache.org/maven2/org/glassfish/jersey/jersey-bom/4.0.2/jersey-bom-4.0.2.pom
2026-09-13 16:44:46,337 [Worker-13: Import Getting Started Content] INFO  o.e.m.c.i.e.AbstractTransferListenerAdapter - Downloaded https://repo.maven.apache.org/maven2/org/glassfish/jersey/jersey-bom/4.0.2/jersey-bom-4.0.2.pom
2026-09-13 16:44:46,392 [Worker-13: Import Getting Started Content] INFO  o.e.m.c.i.e.AbstractTransferListenerAdapter - Downloading https://repo.maven.apache.org/maven2/org/eclipse/jetty/ee11/jetty-ee11-bom/12.1.12/jetty-ee11-bom-12.1.12.pom
2026-09-13 16:44:46,416 [Worker-13: Import Getting Started Content] INFO  o.e.m.c.i.e.AbstractTransferListenerAdapter - Downloaded https://repo.maven.apache.org/maven2/org/eclipse/jetty/ee11/jetty-ee11-bom/12.1.12/jetty-ee11-bom-12.1.12.pom
2026-09-13 16:44:46,489 [Worker-13: Import Getting Started Content] INFO  o.e.m.c.i.e.AbstractTransferListenerAdapter - Downloading https://repo.maven.apache.org/maven2/org/eclipse/jetty/jetty-bom/12.1.12/jetty-bom-12.1.12.pom
2026-09-13 16:44:46,514 [Worker-13: Import Getting Started Content] INFO  o.e.m.c.i.e.AbstractTransferListenerAdapter - Downloaded https://repo.maven.apache.org/maven2/org/eclipse/jetty/jetty-bom/12.1.12/jetty-bom-12.1.12.pom
2026-09-13 16:44:46,592 [Worker-13: Import Getting Started Content] INFO  o.e.m.c.i.e.AbstractTransferListenerAdapter - Downloading https://repo.maven.apache.org/maven2/org/jooq/jooq-bom/3.21.7/jooq-bom-3.21.7.pom
2026-09-13 16:44:46,613 [Worker-13: Import Getting Started Content] INFO  o.e.m.c.i.e.AbstractTransferListenerAdapter - Downloaded https://repo.maven.apache.org/maven2/org/jooq/jooq-bom/3.21.7/jooq-bom-3.21.7.pom
2026-09-13 16:44:46,679 [Worker-13: Import Getting Started Content] INFO  o.e.m.c.i.e.AbstractTransferListenerAdapter - Downloading https://repo.maven.apache.org/maven2/org/junit/junit-bom/6.0.3/junit-bom-6.0.3.pom
2026-09-13 16:44:46,693 [Worker-13: Import Getting Started Content] INFO  o.e.m.c.i.e.AbstractTransferListenerAdapter - Downloaded https://repo.maven.apache.org/maven2/org/junit/junit-bom/6.0.3/junit-bom-6.0.3.pom
2026-09-13 16:44:46,739 [Worker-13: Import Getting Started Content] INFO  o.e.m.c.i.e.AbstractTransferListenerAdapter - Downloading https://repo.maven.apache.org/maven2/org/jetbrains/kotlin/kotlin-bom/2.3.21/kotlin-bom-2.3.21.pom
2026-09-13 16:44:46,759 [Worker-13: Import Getting Started Content] INFO  o.e.m.c.i.e.AbstractTransferListenerAdapter - Downloaded https://repo.maven.apache.org/maven2/org/jetbrains/kotlin/kotlin-bom/2.3.21/kotlin-bom-2.3.21.pom
2026-09-13 16:44:46,807 [Worker-13: Import Getting Started Content] INFO  o.e.m.c.i.e.AbstractTransferListenerAdapter - Downloading https://repo.maven.apache.org/maven2/org/jetbrains/kotlinx/kotlinx-serialization-bom/1.11.0/kotlinx-serialization-bom-1.11.0.pom
2026-09-13 16:44:46,832 [Worker-13: Import Getting Started Content] INFO  o.e.m.c.i.e.AbstractTransferListenerAdapter - Downloaded https://repo.maven.apache.org/maven2/org/jetbrains/kotlinx/kotlinx-serialization-bom/1.11.0/kotlinx-serialization-bom-1.11.0.pom
2026-09-13 16:44:46,878 [Worker-13: Import Getting Started Content] INFO  o.e.m.c.i.e.AbstractTransferListenerAdapter - Downloading https://repo.maven.apache.org/maven2/org/apache/logging/log4j/log4j-bom/2.25.5/log4j-bom-2.25.5.pom
2026-09-13 16:44:46,898 [Worker-13: Import Getting Started Content] INFO  o.e.m.c.i.e.AbstractTransferListenerAdapter - Downloaded https://repo.maven.apache.org/maven2/org/apache/logging/log4j/log4j-bom/2.25.5/log4j-bom-2.25.5.pom
2026-09-13 16:44:46,961 [Worker-13: Import Getting Started Content] INFO  o.e.m.c.i.e.AbstractTransferListenerAdapter - Downloading https://repo.maven.apache.org/maven2/io/micrometer/micrometer-bom/1.17.1/micrometer-bom-1.17.1.pom
2026-09-13 16:44:46,994 [Worker-13: Import Getting Started Content] INFO  o.e.m.c.i.e.AbstractTransferListenerAdapter - Downloaded https://repo.maven.apache.org/maven2/io/micrometer/micrometer-bom/1.17.1/micrometer-bom-1.17.1.pom
2026-09-13 16:44:47,042 [Worker-13: Import Getting Started Content] INFO  o.e.m.c.i.e.AbstractTransferListenerAdapter - Downloading https://repo.maven.apache.org/maven2/io/micrometer/micrometer-tracing-bom/1.7.1/micrometer-tracing-bom-1.7.1.pom
2026-09-13 16:44:47,066 [Worker-13: Import Getting Started Content] INFO  o.e.m.c.i.e.AbstractTransferListenerAdapter - Downloaded https://repo.maven.apache.org/maven2/io/micrometer/micrometer-tracing-bom/1.7.1/micrometer-tracing-bom-1.7.1.pom
2026-09-13 16:44:47,107 [Worker-13: Import Getting Started Content] INFO  o.e.m.c.i.e.AbstractTransferListenerAdapter - Downloading https://repo.maven.apache.org/maven2/org/mockito/mockito-bom/5.23.0/mockito-bom-5.23.0.pom
2026-09-13 16:44:47,123 [Worker-13: Import Getting Started Content] INFO  o.e.m.c.i.e.AbstractTransferListenerAdapter - Downloaded https://repo.maven.apache.org/maven2/org/mockito/mockito-bom/5.23.0/mockito-bom-5.23.0.pom
2026-09-13 16:44:47,207 [Worker-13: Import Getting Started Content] INFO  o.e.m.c.i.e.AbstractTransferListenerAdapter - Downloading https://repo.maven.apache.org/maven2/org/mongodb/mongodb-driver-bom/5.8.1/mongodb-driver-bom-5.8.1.pom
2026-09-13 16:44:47,225 [Worker-13: Import Getting Started Content] INFO  o.e.m.c.i.e.AbstractTransferListenerAdapter - Downloaded https://repo.maven.apache.org/maven2/org/mongodb/mongodb-driver-bom/5.8.1/mongodb-driver-bom-5.8.1.pom
2026-09-13 16:44:47,272 [Worker-13: Import Getting Started Content] INFO  o.e.m.c.i.e.AbstractTransferListenerAdapter - Downloading https://repo.maven.apache.org/maven2/org/neo4j/driver/neo4j-java-driver-bom/6.1.0/neo4j-java-driver-bom-6.1.0.pom
2026-09-13 16:44:47,290 [Worker-13: Import Getting Started Content] INFO  o.e.m.c.i.e.AbstractTransferListenerAdapter - Downloaded https://repo.maven.apache.org/maven2/org/neo4j/driver/neo4j-java-driver-bom/6.1.0/neo4j-java-driver-bom-6.1.0.pom
2026-09-13 16:44:47,358 [Worker-13: Import Getting Started Content] INFO  o.e.m.c.i.e.AbstractTransferListenerAdapter - Downloading https://repo.maven.apache.org/maven2/org/neo4j/bolt/neo4j-bolt-connection-bom/11.0.2/neo4j-bolt-connection-bom-11.0.2.pom
2026-09-13 16:44:47,380 [Worker-13: Import Getting Started Content] INFO  o.e.m.c.i.e.AbstractTransferListenerAdapter - Downloaded https://repo.maven.apache.org/maven2/org/neo4j/bolt/neo4j-bolt-connection-bom/11.0.2/neo4j-bolt-connection-bom-11.0.2.pom
2026-09-13 16:44:47,442 [Worker-13: Import Getting Started Content] INFO  o.e.m.c.i.e.AbstractTransferListenerAdapter - Downloading https://repo.maven.apache.org/maven2/io/netty/netty-bom/4.2.17.Final/netty-bom-4.2.17.Final.pom
2026-09-13 16:44:47,470 [Worker-13: Import Getting Started Content] INFO  o.e.m.c.i.e.AbstractTransferListenerAdapter - Downloaded https://repo.maven.apache.org/maven2/io/netty/netty-bom/4.2.17.Final/netty-bom-4.2.17.Final.pom
2026-09-13 16:44:47,527 [Worker-13: Import Getting Started Content] INFO  o.e.m.c.i.e.AbstractTransferListenerAdapter - Downloading https://repo.maven.apache.org/maven2/io/opentelemetry/opentelemetry-bom/1.62.0/opentelemetry-bom-1.62.0.pom
2026-09-13 16:44:47,770 [Worker-13: Import Getting Started Content] INFO  o.e.m.c.i.e.AbstractTransferListenerAdapter - Downloaded https://repo.maven.apache.org/maven2/io/opentelemetry/opentelemetry-bom/1.62.0/opentelemetry-bom-1.62.0.pom
2026-09-13 16:44:47,828 [Worker-13: Import Getting Started Content] INFO  o.e.m.c.i.e.AbstractTransferListenerAdapter - Downloading https://repo.maven.apache.org/maven2/io/prometheus/prometheus-metrics-bom/1.7.0/prometheus-metrics-bom-1.7.0.pom
2026-09-13 16:44:47,850 [Worker-13: Import Getting Started Content] INFO  o.e.m.c.i.e.AbstractTransferListenerAdapter - Downloaded https://repo.maven.apache.org/maven2/io/prometheus/prometheus-metrics-bom/1.7.0/prometheus-metrics-bom-1.7.0.pom
2026-09-13 16:44:47,912 [Worker-13: Import Getting Started Content] INFO  o.e.m.c.i.e.AbstractTransferListenerAdapter - Downloading https://repo.maven.apache.org/maven2/io/prometheus/client_java_parent/1.7.0/client_java_parent-1.7.0.pom
2026-09-13 16:44:47,930 [Worker-13: Import Getting Started Content] INFO  o.e.m.c.i.e.AbstractTransferListenerAdapter - Downloaded https://repo.maven.apache.org/maven2/io/prometheus/client_java_parent/1.7.0/client_java_parent-1.7.0.pom
2026-09-13 16:44:48,106 [Worker-13: Import Getting Started Content] INFO  o.e.m.c.i.e.AbstractTransferListenerAdapter - Downloading https://repo.maven.apache.org/maven2/org/apache/pulsar/pulsar-bom/4.2.4/pulsar-bom-4.2.4.pom
2026-09-13 16:44:48,127 [Worker-13: Import Getting Started Content] INFO  o.e.m.c.i.e.AbstractTransferListenerAdapter - Downloaded https://repo.maven.apache.org/maven2/org/apache/pulsar/pulsar-bom/4.2.4/pulsar-bom-4.2.4.pom
2026-09-13 16:44:48,182 [Worker-13: Import Getting Started Content] INFO  o.e.m.c.i.e.AbstractTransferListenerAdapter - Downloading https://repo.maven.apache.org/maven2/com/google/protobuf/protobuf-bom/4.35.1/protobuf-bom-4.35.1.pom
2026-09-13 16:44:48,200 [Worker-13: Import Getting Started Content] INFO  o.e.m.c.i.e.AbstractTransferListenerAdapter - Downloaded https://repo.maven.apache.org/maven2/com/google/protobuf/protobuf-bom/4.35.1/protobuf-bom-4.35.1.pom
2026-09-13 16:44:48,271 [Worker-13: Import Getting Started Content] INFO  o.e.m.c.i.e.AbstractTransferListenerAdapter - Downloading https://repo.maven.apache.org/maven2/io/projectreactor/reactor-bom/2025.0.7/reactor-bom-2025.0.7.pom
2026-09-13 16:44:48,288 [Worker-13: Import Getting Started Content] INFO  o.e.m.c.i.e.AbstractTransferListenerAdapter - Downloaded https://repo.maven.apache.org/maven2/io/projectreactor/reactor-bom/2025.0.7/reactor-bom-2025.0.7.pom
2026-09-13 16:44:48,337 [Worker-13: Import Getting Started Content] INFO  o.e.m.c.i.e.AbstractTransferListenerAdapter - Downloading https://repo.maven.apache.org/maven2/org/seleniumhq/selenium/selenium-bom/4.43.0/selenium-bom-4.43.0.pom
2026-09-13 16:44:48,351 [Worker-13: Import Getting Started Content] INFO  o.e.m.c.i.e.AbstractTransferListenerAdapter - Downloaded https://repo.maven.apache.org/maven2/org/seleniumhq/selenium/selenium-bom/4.43.0/selenium-bom-4.43.0.pom
2026-09-13 16:44:48,393 [Worker-13: Import Getting Started Content] INFO  o.e.m.c.i.e.AbstractTransferListenerAdapter - Downloading https://repo.maven.apache.org/maven2/org/springframework/amqp/spring-amqp-bom/4.1.1/spring-amqp-bom-4.1.1.pom
2026-09-13 16:44:48,408 [Worker-13: Import Getting Started Content] INFO  o.e.m.c.i.e.AbstractTransferListenerAdapter - Downloaded https://repo.maven.apache.org/maven2/org/springframework/amqp/spring-amqp-bom/4.1.1/spring-amqp-bom-4.1.1.pom
2026-09-13 16:44:48,450 [Worker-13: Import Getting Started Content] INFO  o.e.m.c.i.e.AbstractTransferListenerAdapter - Downloading https://repo.maven.apache.org/maven2/org/springframework/batch/spring-batch-bom/6.0.5/spring-batch-bom-6.0.5.pom
2026-09-13 16:44:48,465 [Worker-13: Import Getting Started Content] INFO  o.e.m.c.i.e.AbstractTransferListenerAdapter - Downloaded https://repo.maven.apache.org/maven2/org/springframework/batch/spring-batch-bom/6.0.5/spring-batch-bom-6.0.5.pom
2026-09-13 16:44:48,504 [Worker-13: Import Getting Started Content] INFO  o.e.m.c.i.e.AbstractTransferListenerAdapter - Downloading https://repo.maven.apache.org/maven2/org/springframework/data/spring-data-bom/2026.0.1/spring-data-bom-2026.0.1.pom
2026-09-13 16:44:48,519 [Worker-13: Import Getting Started Content] INFO  o.e.m.c.i.e.AbstractTransferListenerAdapter - Downloaded https://repo.maven.apache.org/maven2/org/springframework/data/spring-data-bom/2026.0.1/spring-data-bom-2026.0.1.pom
2026-09-13 16:44:48,581 [Worker-13: Import Getting Started Content] INFO  o.e.m.c.i.e.AbstractTransferListenerAdapter - Downloading https://repo.maven.apache.org/maven2/org/springframework/spring-framework-bom/7.0.9/spring-framework-bom-7.0.9.pom
2026-09-13 16:44:48,595 [Worker-13: Import Getting Started Content] INFO  o.e.m.c.i.e.AbstractTransferListenerAdapter - Downloaded https://repo.maven.apache.org/maven2/org/springframework/spring-framework-bom/7.0.9/spring-framework-bom-7.0.9.pom
2026-09-13 16:44:48,636 [Worker-13: Import Getting Started Content] INFO  o.e.m.c.i.e.AbstractTransferListenerAdapter - Downloading https://repo.maven.apache.org/maven2/org/springframework/integration/spring-integration-bom/7.1.1/spring-integration-bom-7.1.1.pom
2026-09-13 16:44:48,652 [Worker-13: Import Getting Started Content] INFO  o.e.m.c.i.e.AbstractTransferListenerAdapter - Downloaded https://repo.maven.apache.org/maven2/org/springframework/integration/spring-integration-bom/7.1.1/spring-integration-bom-7.1.1.pom
2026-09-13 16:44:48,693 [Worker-13: Import Getting Started Content] INFO  o.e.m.c.i.e.AbstractTransferListenerAdapter - Downloading https://repo.maven.apache.org/maven2/org/springframework/pulsar/spring-pulsar-bom/2.0.7/spring-pulsar-bom-2.0.7.pom
2026-09-13 16:44:48,708 [Worker-13: Import Getting Started Content] INFO  o.e.m.c.i.e.AbstractTransferListenerAdapter - Downloaded https://repo.maven.apache.org/maven2/org/springframework/pulsar/spring-pulsar-bom/2.0.7/spring-pulsar-bom-2.0.7.pom
2026-09-13 16:44:48,749 [Worker-13: Import Getting Started Content] INFO  o.e.m.c.i.e.AbstractTransferListenerAdapter - Downloading https://repo.maven.apache.org/maven2/org/springframework/restdocs/spring-restdocs-bom/4.0.1/spring-restdocs-bom-4.0.1.pom
2026-09-13 16:44:48,765 [Worker-13: Import Getting Started Content] INFO  o.e.m.c.i.e.AbstractTransferListenerAdapter - Downloaded https://repo.maven.apache.org/maven2/org/springframework/restdocs/spring-restdocs-bom/4.0.1/spring-restdocs-bom-4.0.1.pom
2026-09-13 16:44:48,825 [Worker-13: Import Getting Started Content] INFO  o.e.m.c.i.e.AbstractTransferListenerAdapter - Downloading https://repo.maven.apache.org/maven2/org/springframework/security/spring-security-bom/7.1.1/spring-security-bom-7.1.1.pom
2026-09-13 16:44:48,842 [Worker-13: Import Getting Started Content] INFO  o.e.m.c.i.e.AbstractTransferListenerAdapter - Downloaded https://repo.maven.apache.org/maven2/org/springframework/security/spring-security-bom/7.1.1/spring-security-bom-7.1.1.pom
2026-09-13 16:44:48,912 [Worker-13: Import Getting Started Content] INFO  o.e.m.c.i.e.AbstractTransferListenerAdapter - Downloading https://repo.maven.apache.org/maven2/org/springframework/session/spring-session-bom/4.1.1/spring-session-bom-4.1.1.pom
2026-09-13 16:44:48,927 [Worker-13: Import Getting Started Content] INFO  o.e.m.c.i.e.AbstractTransferListenerAdapter - Downloaded https://repo.maven.apache.org/maven2/org/springframework/session/spring-session-bom/4.1.1/spring-session-bom-4.1.1.pom
2026-09-13 16:44:48,982 [Worker-13: Import Getting Started Content] INFO  o.e.m.c.i.e.AbstractTransferListenerAdapter - Downloading https://repo.maven.apache.org/maven2/org/springframework/ws/spring-ws-bom/5.0.2/spring-ws-bom-5.0.2.pom
2026-09-13 16:44:48,996 [Worker-13: Import Getting Started Content] INFO  o.e.m.c.i.e.AbstractTransferListenerAdapter - Downloaded https://repo.maven.apache.org/maven2/org/springframework/ws/spring-ws-bom/5.0.2/spring-ws-bom-5.0.2.pom
2026-09-13 16:44:49,038 [Worker-13: Import Getting Started Content] INFO  o.e.m.c.i.e.AbstractTransferListenerAdapter - Downloading https://repo.maven.apache.org/maven2/org/testcontainers/testcontainers-bom/2.0.5/testcontainers-bom-2.0.5.pom
2026-09-13 16:44:49,055 [Worker-13: Import Getting Started Content] INFO  o.e.m.c.i.e.AbstractTransferListenerAdapter - Downloaded https://repo.maven.apache.org/maven2/org/testcontainers/testcontainers-bom/2.0.5/testcontainers-bom-2.0.5.pom
2026-09-13 16:44:50,000 [Worker-13: Import Getting Started Content] INFO  o.e.m.c.i.e.AbstractTransferListenerAdapter - Downloading https://repo.maven.apache.org/maven2/org/springframework/boot/spring-boot-maven-plugin/4.1.1/spring-boot-maven-plugin-4.1.1.pom
2026-09-13 16:44:50,016 [Worker-13: Import Getting Started Content] INFO  o.e.m.c.i.e.AbstractTransferListenerAdapter - Downloaded https://repo.maven.apache.org/maven2/org/springframework/boot/spring-boot-maven-plugin/4.1.1/spring-boot-maven-plugin-4.1.1.pom
2026-09-13 16:44:50,070 [Worker-13: Import Getting Started Content] INFO  o.e.m.c.i.e.AbstractTransferListenerAdapter - Downloading https://repo.maven.apache.org/maven2/org/springframework/boot/spring-boot-maven-plugin/4.1.1/spring-boot-maven-plugin-4.1.1.jar
2026-09-13 16:44:50,116 [Worker-13: Import Getting Started Content] INFO  o.e.m.c.i.e.AbstractTransferListenerAdapter - Downloaded https://repo.maven.apache.org/maven2/org/springframework/boot/spring-boot-maven-plugin/4.1.1/spring-boot-maven-plugin-4.1.1.jar
2026-09-13 16:44:50,241 [Worker-13: Import Getting Started Content] INFO  o.e.m.c.i.e.AbstractTransferListenerAdapter - Downloading https://repo.maven.apache.org/maven2/org/apache/maven/plugins/maven-resources-plugin/3.5.0/maven-resources-plugin-3.5.0.jar
2026-09-13 16:44:50,257 [Worker-13: Import Getting Started Content] INFO  o.e.m.c.i.e.AbstractTransferListenerAdapter - Downloaded https://repo.maven.apache.org/maven2/org/apache/maven/plugins/maven-resources-plugin/3.5.0/maven-resources-plugin-3.5.0.jar
2026-09-13 16:44:50,302 [Worker-13: Import Getting Started Content] INFO  o.e.m.c.i.e.AbstractTransferListenerAdapter - Downloading https://repo.maven.apache.org/maven2/org/apache/maven/plugins/maven-compiler-plugin/3.15.0/maven-compiler-plugin-3.15.0.jar
2026-09-13 16:44:50,340 [Worker-13: Import Getting Started Content] INFO  o.e.m.c.i.e.AbstractTransferListenerAdapter - Downloaded https://repo.maven.apache.org/maven2/org/apache/maven/plugins/maven-compiler-plugin/3.15.0/maven-compiler-plugin-3.15.0.jar
2026-09-13 16:44:50,413 [Worker-13: Import Getting Started Content] INFO  o.e.m.c.i.e.AbstractTransferListenerAdapter - Downloading https://repo.maven.apache.org/maven2/org/apache/maven/plugins/maven-surefire-plugin/3.5.6/maven-surefire-plugin-3.5.6.jar
2026-09-13 16:44:50,437 [Worker-13: Import Getting Started Content] INFO  o.e.m.c.i.e.AbstractTransferListenerAdapter - Downloaded https://repo.maven.apache.org/maven2/org/apache/maven/plugins/maven-surefire-plugin/3.5.6/maven-surefire-plugin-3.5.6.jar
2026-09-13 16:44:50,483 [Worker-13: Import Getting Started Content] INFO  o.e.m.c.i.e.AbstractTransferListenerAdapter - Downloading https://repo.maven.apache.org/maven2/org/apache/maven/plugins/maven-jar-plugin/3.5.1/maven-jar-plugin-3.5.1.jar
2026-09-13 16:44:50,506 [Worker-13: Import Getting Started Content] INFO  o.e.m.c.i.e.AbstractTransferListenerAdapter - Downloaded https://repo.maven.apache.org/maven2/org/apache/maven/plugins/maven-jar-plugin/3.5.1/maven-jar-plugin-3.5.1.jar
2026-09-13 16:44:50,613 [Worker-13: Import Getting Started Content] INFO  o.e.m.c.i.e.AbstractTransferListenerAdapter - Downloading https://repo.maven.apache.org/maven2/org/apache/maven/plugins/maven-compiler-plugin/3.15.0/maven-compiler-plugin-3.15.0.pom
2026-09-13 16:44:50,634 [Worker-13: Import Getting Started Content] INFO  o.e.m.c.i.e.AbstractTransferListenerAdapter - Downloaded https://repo.maven.apache.org/maven2/org/apache/maven/plugins/maven-compiler-plugin/3.15.0/maven-compiler-plugin-3.15.0.pom
2026-09-13 16:44:50,680 [Worker-13: Import Getting Started Content] INFO  o.e.m.c.i.e.AbstractTransferListenerAdapter - Downloading https://repo.maven.apache.org/maven2/org/apache/maven/plugins/maven-plugins/47/maven-plugins-47.pom
2026-09-13 16:44:50,700 [Worker-13: Import Getting Started Content] INFO  o.e.m.c.i.e.AbstractTransferListenerAdapter - Downloaded https://repo.maven.apache.org/maven2/org/apache/maven/plugins/maven-plugins/47/maven-plugins-47.pom
2026-09-13 16:44:50,748 [Worker-13: Import Getting Started Content] INFO  o.e.m.c.i.e.AbstractTransferListenerAdapter - Downloading https://repo.maven.apache.org/maven2/org/apache/maven/maven-parent/47/maven-parent-47.pom
2026-09-13 16:44:50,770 [Worker-13: Import Getting Started Content] INFO  o.e.m.c.i.e.AbstractTransferListenerAdapter - Downloaded https://repo.maven.apache.org/maven2/org/apache/maven/maven-parent/47/maven-parent-47.pom
2026-09-13 16:44:50,827 [Worker-13: Import Getting Started Content] INFO  o.e.m.c.i.e.AbstractTransferListenerAdapter - Downloading https://repo.maven.apache.org/maven2/org/junit/junit-bom/5.14.2/junit-bom-5.14.2.pom
2026-09-13 16:44:50,850 [Worker-13: Import Getting Started Content] INFO  o.e.m.c.i.e.AbstractTransferListenerAdapter - Downloaded https://repo.maven.apache.org/maven2/org/junit/junit-bom/5.14.2/junit-bom-5.14.2.pom
2026-09-13 16:44:50,960 [Worker-13: Import Getting Started Content] INFO  o.e.m.c.i.e.AbstractTransferListenerAdapter - Downloading https://repo.maven.apache.org/maven2/org/ow2/asm/asm/9.9.1/asm-9.9.1.pom
2026-09-13 16:44:50,977 [Worker-13: Import Getting Started Content] INFO  o.e.m.c.i.e.AbstractTransferListenerAdapter - Downloaded https://repo.maven.apache.org/maven2/org/ow2/asm/asm/9.9.1/asm-9.9.1.pom
2026-09-13 16:44:51,150 [Worker-13: Import Getting Started Content] INFO  o.e.m.c.i.e.AbstractTransferListenerAdapter - Downloading https://repo.maven.apache.org/maven2/org/codehaus/plexus/plexus-java/1.5.2/plexus-java-1.5.2.pom
2026-09-13 16:44:51,167 [Worker-13: Import Getting Started Content] INFO  o.e.m.c.i.e.AbstractTransferListenerAdapter - Downloaded https://repo.maven.apache.org/maven2/org/codehaus/plexus/plexus-java/1.5.2/plexus-java-1.5.2.pom
2026-09-13 16:44:51,211 [Worker-13: Import Getting Started Content] INFO  o.e.m.c.i.e.AbstractTransferListenerAdapter - Downloading https://repo.maven.apache.org/maven2/org/codehaus/plexus/plexus-languages/1.5.2/plexus-languages-1.5.2.pom
2026-09-13 16:44:51,395 [Worker-13: Import Getting Started Content] INFO  o.e.m.c.i.e.AbstractTransferListenerAdapter - Downloaded https://repo.maven.apache.org/maven2/org/codehaus/plexus/plexus-languages/1.5.2/plexus-languages-1.5.2.pom
2026-09-13 16:44:51,447 [Worker-13: Import Getting Started Content] INFO  o.e.m.c.i.e.AbstractTransferListenerAdapter - Downloading https://repo.maven.apache.org/maven2/org/codehaus/plexus/plexus/24/plexus-24.pom
2026-09-13 16:44:51,469 [Worker-13: Import Getting Started Content] INFO  o.e.m.c.i.e.AbstractTransferListenerAdapter - Downloaded https://repo.maven.apache.org/maven2/org/codehaus/plexus/plexus/24/plexus-24.pom
2026-09-13 16:44:51,565 [Worker-13: Import Getting Started Content] INFO  o.e.m.c.i.e.AbstractTransferListenerAdapter - Downloading https://repo.maven.apache.org/maven2/org/codehaus/plexus/plexus-compiler-api/2.16.2/plexus-compiler-api-2.16.2.pom
2026-09-13 16:44:51,582 [Worker-13: Import Getting Started Content] INFO  o.e.m.c.i.e.AbstractTransferListenerAdapter - Downloaded https://repo.maven.apache.org/maven2/org/codehaus/plexus/plexus-compiler-api/2.16.2/plexus-compiler-api-2.16.2.pom
2026-09-13 16:44:51,655 [Worker-13: Import Getting Started Content] INFO  o.e.m.c.i.e.AbstractTransferListenerAdapter - Downloading https://repo.maven.apache.org/maven2/org/codehaus/plexus/plexus-compiler/2.16.2/plexus-compiler-2.16.2.pom
2026-09-13 16:44:51,672 [Worker-13: Import Getting Started Content] INFO  o.e.m.c.i.e.AbstractTransferListenerAdapter - Downloaded https://repo.maven.apache.org/maven2/org/codehaus/plexus/plexus-compiler/2.16.2/plexus-compiler-2.16.2.pom
2026-09-13 16:44:51,714 [Worker-13: Import Getting Started Content] INFO  o.e.m.c.i.e.AbstractTransferListenerAdapter - Downloading https://repo.maven.apache.org/maven2/org/codehaus/plexus/plexus/25/plexus-25.pom
2026-09-13 16:44:51,734 [Worker-13: Import Getting Started Content] INFO  o.e.m.c.i.e.AbstractTransferListenerAdapter - Downloaded https://repo.maven.apache.org/maven2/org/codehaus/plexus/plexus/25/plexus-25.pom
2026-09-13 16:44:51,774 [Worker-13: Import Getting Started Content] INFO  o.e.m.c.i.e.AbstractTransferListenerAdapter - Downloading https://repo.maven.apache.org/maven2/org/junit/junit-bom/5.14.1/junit-bom-5.14.1.pom
2026-09-13 16:44:51,789 [Worker-13: Import Getting Started Content] INFO  o.e.m.c.i.e.AbstractTransferListenerAdapter - Downloaded https://repo.maven.apache.org/maven2/org/junit/junit-bom/5.14.1/junit-bom-5.14.1.pom
2026-09-13 16:44:51,836 [Worker-13: Import Getting Started Content] INFO  o.e.m.c.i.e.AbstractTransferListenerAdapter - Downloading https://repo.maven.apache.org/maven2/org/codehaus/plexus/plexus-compiler-manager/2.16.2/plexus-compiler-manager-2.16.2.pom
2026-09-13 16:44:51,851 [Worker-13: Import Getting Started Content] INFO  o.e.m.c.i.e.AbstractTransferListenerAdapter - Downloaded https://repo.maven.apache.org/maven2/org/codehaus/plexus/plexus-compiler-manager/2.16.2/plexus-compiler-manager-2.16.2.pom
2026-09-13 16:44:51,945 [Worker-13: Import Getting Started Content] INFO  o.e.m.c.i.e.AbstractTransferListenerAdapter - Downloading https://repo.maven.apache.org/maven2/org/codehaus/plexus/plexus-compiler-javac/2.16.2/plexus-compiler-javac-2.16.2.pom
2026-09-13 16:44:51,959 [Worker-13: Import Getting Started Content] INFO  o.e.m.c.i.e.AbstractTransferListenerAdapter - Downloaded https://repo.maven.apache.org/maven2/org/codehaus/plexus/plexus-compiler-javac/2.16.2/plexus-compiler-javac-2.16.2.pom
2026-09-13 16:44:51,997 [Worker-13: Import Getting Started Content] INFO  o.e.m.c.i.e.AbstractTransferListenerAdapter - Downloading https://repo.maven.apache.org/maven2/org/codehaus/plexus/plexus-compilers/2.16.2/plexus-compilers-2.16.2.pom
2026-09-13 16:44:52,011 [Worker-13: Import Getting Started Content] INFO  o.e.m.c.i.e.AbstractTransferListenerAdapter - Downloaded https://repo.maven.apache.org/maven2/org/codehaus/plexus/plexus-compilers/2.16.2/plexus-compilers-2.16.2.pom
2026-09-13 16:44:52,127 [Worker-13: Import Getting Started Content] INFO  o.e.m.c.i.e.AbstractTransferListenerAdapter - Downloading https://repo.maven.apache.org/maven2/org/ow2/asm/asm/9.9.1/asm-9.9.1.jar
2026-09-13 16:44:52,164 [Worker-13: Import Getting Started Content] INFO  o.e.m.c.i.e.AbstractTransferListenerAdapter - Downloaded https://repo.maven.apache.org/maven2/org/ow2/asm/asm/9.9.1/asm-9.9.1.jar
2026-09-13 16:44:52,219 [BasicRepositoryConnector-repo.maven.apache.org-0-1] INFO  o.e.m.c.i.e.AbstractTransferListenerAdapter - Downloading https://repo.maven.apache.org/maven2/org/codehaus/plexus/plexus-compiler-api/2.16.2/plexus-compiler-api-2.16.2.jar
2026-09-13 16:44:52,241 [BasicRepositoryConnector-repo.maven.apache.org-0-1] INFO  o.e.m.c.i.e.AbstractTransferListenerAdapter - Downloaded https://repo.maven.apache.org/maven2/org/codehaus/plexus/plexus-compiler-api/2.16.2/plexus-compiler-api-2.16.2.jar
2026-09-13 16:44:52,322 [BasicRepositoryConnector-repo.maven.apache.org-0-0] INFO  o.e.m.c.i.e.AbstractTransferListenerAdapter - Downloading https://repo.maven.apache.org/maven2/org/codehaus/plexus/plexus-java/1.5.2/plexus-java-1.5.2.jar
2026-09-13 16:44:52,322 [BasicRepositoryConnector-repo.maven.apache.org-0-2] INFO  o.e.m.c.i.e.AbstractTransferListenerAdapter - Downloading https://repo.maven.apache.org/maven2/org/codehaus/plexus/plexus-compiler-manager/2.16.2/plexus-compiler-manager-2.16.2.jar
2026-09-13 16:44:52,324 [BasicRepositoryConnector-repo.maven.apache.org-0-3] INFO  o.e.m.c.i.e.AbstractTransferListenerAdapter - Downloading https://repo.maven.apache.org/maven2/org/codehaus/plexus/plexus-compiler-javac/2.16.2/plexus-compiler-javac-2.16.2.jar
2026-09-13 16:44:52,340 [BasicRepositoryConnector-repo.maven.apache.org-0-2] INFO  o.e.m.c.i.e.AbstractTransferListenerAdapter - Downloaded https://repo.maven.apache.org/maven2/org/codehaus/plexus/plexus-compiler-manager/2.16.2/plexus-compiler-manager-2.16.2.jar
2026-09-13 16:44:52,391 [BasicRepositoryConnector-repo.maven.apache.org-0-3] INFO  o.e.m.c.i.e.AbstractTransferListenerAdapter - Downloaded https://repo.maven.apache.org/maven2/org/codehaus/plexus/plexus-compiler-javac/2.16.2/plexus-compiler-javac-2.16.2.jar
2026-09-13 16:44:52,393 [BasicRepositoryConnector-repo.maven.apache.org-0-0] INFO  o.e.m.c.i.e.AbstractTransferListenerAdapter - Downloaded https://repo.maven.apache.org/maven2/org/codehaus/plexus/plexus-java/1.5.2/plexus-java-1.5.2.jar
2026-09-13 16:44:54,640 [Worker-13: Import Getting Started Content] INFO  o.e.m.c.i.l.LifecycleMappingFactory - Using org.eclipse.m2e.jdt.JarLifecycleMapping lifecycle mapping for MavenProject: com.flightmanagement:eureka-server:0.0.1-SNAPSHOT @ C:\Users\LMANTHIN\OneDrive - Capgemini\botp\FlightManagementSystem\eureka-server\pom.xml.
2026-09-13 16:44:54,700 [Worker-13: Import Getting Started Content] INFO  o.e.m.c.i.e.AbstractTransferListenerAdapter - Downloading https://repo.maven.apache.org/maven2/org/springframework/boot/spring-boot-starter-webmvc/4.1.1/spring-boot-starter-webmvc-4.1.1.pom
2026-09-13 16:44:54,721 [Worker-13: Import Getting Started Content] INFO  o.e.m.c.i.e.AbstractTransferListenerAdapter - Downloaded https://repo.maven.apache.org/maven2/org/springframework/boot/spring-boot-starter-webmvc/4.1.1/spring-boot-starter-webmvc-4.1.1.pom
2026-09-13 16:44:54,761 [Worker-13: Import Getting Started Content] INFO  o.e.m.c.i.e.AbstractTransferListenerAdapter - Downloading https://repo.maven.apache.org/maven2/org/springframework/boot/spring-boot-starter/4.1.1/spring-boot-starter-4.1.1.pom
2026-09-13 16:44:54,785 [Worker-13: Import Getting Started Content] INFO  o.e.m.c.i.e.AbstractTransferListenerAdapter - Downloaded https://repo.maven.apache.org/maven2/org/springframework/boot/spring-boot-starter/4.1.1/spring-boot-starter-4.1.1.pom
2026-09-13 16:44:54,853 [Worker-13: Import Getting Started Content] INFO  o.e.m.c.i.e.AbstractTransferListenerAdapter - Downloading https://repo.maven.apache.org/maven2/org/springframework/boot/spring-boot-starter-logging/4.1.1/spring-boot-starter-logging-4.1.1.pom
2026-09-13 16:44:54,869 [Worker-13: Import Getting Started Content] INFO  o.e.m.c.i.e.AbstractTransferListenerAdapter - Downloaded https://repo.maven.apache.org/maven2/org/springframework/boot/spring-boot-starter-logging/4.1.1/spring-boot-starter-logging-4.1.1.pom
2026-09-13 16:44:54,907 [Worker-13: Import Getting Started Content] INFO  o.e.m.c.i.e.AbstractTransferListenerAdapter - Downloading https://repo.maven.apache.org/maven2/ch/qos/logback/logback-classic/1.5.38/logback-classic-1.5.38.pom
2026-09-13 16:44:54,935 [Worker-13: Import Getting Started Content] INFO  o.e.m.c.i.e.AbstractTransferListenerAdapter - Downloaded https://repo.maven.apache.org/maven2/ch/qos/logback/logback-classic/1.5.38/logback-classic-1.5.38.pom
2026-09-13 16:44:55,014 [Worker-13: Import Getting Started Content] INFO  o.e.m.c.i.e.AbstractTransferListenerAdapter - Downloading https://repo.maven.apache.org/maven2/ch/qos/logback/logback-parent/1.5.38/logback-parent-1.5.38.pom
2026-09-13 16:44:55,033 [Worker-13: Import Getting Started Content] INFO  o.e.m.c.i.e.AbstractTransferListenerAdapter - Downloaded https://repo.maven.apache.org/maven2/ch/qos/logback/logback-parent/1.5.38/logback-parent-1.5.38.pom
2026-09-13 16:44:55,084 [Worker-13: Import Getting Started Content] INFO  o.e.m.c.i.e.AbstractTransferListenerAdapter - Downloading https://repo.maven.apache.org/maven2/ch/qos/logback/logback-core/1.5.38/logback-core-1.5.38.pom
2026-09-13 16:44:55,100 [Worker-13: Import Getting Started Content] INFO  o.e.m.c.i.e.AbstractTransferListenerAdapter - Downloaded https://repo.maven.apache.org/maven2/ch/qos/logback/logback-core/1.5.38/logback-core-1.5.38.pom
2026-09-13 16:44:55,154 [Worker-13: Import Getting Started Content] INFO  o.e.m.c.i.e.AbstractTransferListenerAdapter - Downloading https://repo.maven.apache.org/maven2/org/slf4j/slf4j-api/2.0.18/slf4j-api-2.0.18.pom
2026-09-13 16:44:55,176 [Worker-13: Import Getting Started Content] INFO  o.e.m.c.i.e.AbstractTransferListenerAdapter - Downloaded https://repo.maven.apache.org/maven2/org/slf4j/slf4j-api/2.0.18/slf4j-api-2.0.18.pom
2026-09-13 16:44:55,220 [Worker-13: Import Getting Started Content] INFO  o.e.m.c.i.e.AbstractTransferListenerAdapter - Downloading https://repo.maven.apache.org/maven2/org/slf4j/slf4j-parent/2.0.18/slf4j-parent-2.0.18.pom
2026-09-13 16:44:55,243 [Worker-13: Import Getting Started Content] INFO  o.e.m.c.i.e.AbstractTransferListenerAdapter - Downloaded https://repo.maven.apache.org/maven2/org/slf4j/slf4j-parent/2.0.18/slf4j-parent-2.0.18.pom
2026-09-13 16:44:55,291 [Worker-13: Import Getting Started Content] INFO  o.e.m.c.i.e.AbstractTransferListenerAdapter - Downloading https://repo.maven.apache.org/maven2/org/slf4j/slf4j-bom/2.0.18/slf4j-bom-2.0.18.pom
2026-09-13 16:44:55,309 [Worker-13: Import Getting Started Content] INFO  o.e.m.c.i.e.AbstractTransferListenerAdapter - Downloaded https://repo.maven.apache.org/maven2/org/slf4j/slf4j-bom/2.0.18/slf4j-bom-2.0.18.pom
2026-09-13 16:44:55,354 [Worker-13: Import Getting Started Content] INFO  o.e.m.c.i.e.AbstractTransferListenerAdapter - Downloading https://repo.maven.apache.org/maven2/org/apache/logging/log4j/log4j-to-slf4j/2.25.5/log4j-to-slf4j-2.25.5.pom
2026-09-13 16:44:55,372 [Worker-13: Import Getting Started Content] INFO  o.e.m.c.i.e.AbstractTransferListenerAdapter - Downloaded https://repo.maven.apache.org/maven2/org/apache/logging/log4j/log4j-to-slf4j/2.25.5/log4j-to-slf4j-2.25.5.pom
2026-09-13 16:44:55,438 [Worker-13: Import Getting Started Content] INFO  o.e.m.c.i.e.AbstractTransferListenerAdapter - Downloading https://repo.maven.apache.org/maven2/org/apache/logging/log4j/log4j/2.25.5/log4j-2.25.5.pom
2026-09-13 16:44:55,457 [Worker-13: Import Getting Started Content] INFO  o.e.m.c.i.e.AbstractTransferListenerAdapter - Downloaded https://repo.maven.apache.org/maven2/org/apache/logging/log4j/log4j/2.25.5/log4j-2.25.5.pom
2026-09-13 16:44:55,570 [Worker-13: Import Getting Started Content] INFO  o.e.m.c.i.e.AbstractTransferListenerAdapter - Downloading https://repo.maven.apache.org/maven2/org/apache/logging/log4j/log4j-api/2.25.5/log4j-api-2.25.5.pom
2026-09-13 16:44:55,602 [Worker-13: Import Getting Started Content] INFO  o.e.m.c.i.e.AbstractTransferListenerAdapter - Downloaded https://repo.maven.apache.org/maven2/org/apache/logging/log4j/log4j-api/2.25.5/log4j-api-2.25.5.pom
2026-09-13 16:44:55,666 [Worker-13: Import Getting Started Content] INFO  o.e.m.c.i.e.AbstractTransferListenerAdapter - Downloading https://repo.maven.apache.org/maven2/org/slf4j/jul-to-slf4j/2.0.18/jul-to-slf4j-2.0.18.pom
2026-09-13 16:44:55,683 [Worker-13: Import Getting Started Content] INFO  o.e.m.c.i.e.AbstractTransferListenerAdapter - Downloaded https://repo.maven.apache.org/maven2/org/slf4j/jul-to-slf4j/2.0.18/jul-to-slf4j-2.0.18.pom
2026-09-13 16:44:55,725 [Worker-13: Import Getting Started Content] INFO  o.e.m.c.i.e.AbstractTransferListenerAdapter - Downloading https://repo.maven.apache.org/maven2/org/springframework/boot/spring-boot-autoconfigure/4.1.1/spring-boot-autoconfigure-4.1.1.pom
2026-09-13 16:44:55,944 [Worker-13: Import Getting Started Content] INFO  o.e.m.c.i.e.AbstractTransferListenerAdapter - Downloaded https://repo.maven.apache.org/maven2/org/springframework/boot/spring-boot-autoconfigure/4.1.1/spring-boot-autoconfigure-4.1.1.pom
2026-09-13 16:44:56,010 [Worker-13: Import Getting Started Content] INFO  o.e.m.c.i.e.AbstractTransferListenerAdapter - Downloading https://repo.maven.apache.org/maven2/org/springframework/boot/spring-boot/4.1.1/spring-boot-4.1.1.pom
2026-09-13 16:44:56,033 [Worker-13: Import Getting Started Content] INFO  o.e.m.c.i.e.AbstractTransferListenerAdapter - Downloaded https://repo.maven.apache.org/maven2/org/springframework/boot/spring-boot/4.1.1/spring-boot-4.1.1.pom
2026-09-13 16:44:56,075 [Worker-13: Import Getting Started Content] INFO  o.e.m.c.i.e.AbstractTransferListenerAdapter - Downloading https://repo.maven.apache.org/maven2/org/springframework/spring-core/7.0.9/spring-core-7.0.9.pom
2026-09-13 16:44:56,091 [Worker-13: Import Getting Started Content] INFO  o.e.m.c.i.e.AbstractTransferListenerAdapter - Downloaded https://repo.maven.apache.org/maven2/org/springframework/spring-core/7.0.9/spring-core-7.0.9.pom
2026-09-13 16:44:56,166 [Worker-13: Import Getting Started Content] INFO  o.e.m.c.i.e.AbstractTransferListenerAdapter - Downloading https://repo.maven.apache.org/maven2/commons-logging/commons-logging/1.3.6/commons-logging-1.3.6.pom
2026-09-13 16:44:56,191 [Worker-13: Import Getting Started Content] INFO  o.e.m.c.i.e.AbstractTransferListenerAdapter - Downloaded https://repo.maven.apache.org/maven2/commons-logging/commons-logging/1.3.6/commons-logging-1.3.6.pom
2026-09-13 16:44:56,243 [Worker-13: Import Getting Started Content] INFO  o.e.m.c.i.e.AbstractTransferListenerAdapter - Downloading https://repo.maven.apache.org/maven2/org/apache/commons/commons-parent/97/commons-parent-97.pom
2026-09-13 16:44:56,285 [Worker-13: Import Getting Started Content] INFO  o.e.m.c.i.e.AbstractTransferListenerAdapter - Downloaded https://repo.maven.apache.org/maven2/org/apache/commons/commons-parent/97/commons-parent-97.pom
2026-09-13 16:44:56,359 [Worker-13: Import Getting Started Content] INFO  o.e.m.c.i.e.AbstractTransferListenerAdapter - Downloading https://repo.maven.apache.org/maven2/org/jspecify/jspecify/1.0.1/jspecify-1.0.1.pom
2026-09-13 16:44:56,370 [Worker-13: Import Getting Started Content] INFO  o.e.m.c.i.e.AbstractTransferListenerAdapter - Downloaded https://repo.maven.apache.org/maven2/org/jspecify/jspecify/1.0.1/jspecify-1.0.1.pom
2026-09-13 16:44:56,506 [Worker-13: Import Getting Started Content] INFO  o.e.m.c.i.e.AbstractTransferListenerAdapter - Downloading https://repo.maven.apache.org/maven2/org/springframework/spring-context/7.0.9/spring-context-7.0.9.pom
2026-09-13 16:44:56,589 [Worker-13: Import Getting Started Content] INFO  o.e.m.c.i.e.AbstractTransferListenerAdapter - Downloaded https://repo.maven.apache.org/maven2/org/springframework/spring-context/7.0.9/spring-context-7.0.9.pom
2026-09-13 16:44:56,647 [Worker-13: Import Getting Started Content] INFO  o.e.m.c.i.e.AbstractTransferListenerAdapter - Downloading https://repo.maven.apache.org/maven2/org/springframework/spring-aop/7.0.9/spring-aop-7.0.9.pom
2026-09-13 16:44:56,677 [Worker-13: Import Getting Started Content] INFO  o.e.m.c.i.e.AbstractTransferListenerAdapter - Downloaded https://repo.maven.apache.org/maven2/org/springframework/spring-aop/7.0.9/spring-aop-7.0.9.pom
2026-09-13 16:44:56,738 [Worker-13: Import Getting Started Content] INFO  o.e.m.c.i.e.AbstractTransferListenerAdapter - Downloading https://repo.maven.apache.org/maven2/org/springframework/spring-beans/7.0.9/spring-beans-7.0.9.pom
2026-09-13 16:44:56,754 [Worker-13: Import Getting Started Content] INFO  o.e.m.c.i.e.AbstractTransferListenerAdapter - Downloaded https://repo.maven.apache.org/maven2/org/springframework/spring-beans/7.0.9/spring-beans-7.0.9.pom
2026-09-13 16:44:56,804 [Worker-13: Import Getting Started Content] INFO  o.e.m.c.i.e.AbstractTransferListenerAdapter - Downloading https://repo.maven.apache.org/maven2/org/springframework/spring-expression/7.0.9/spring-expression-7.0.9.pom
2026-09-13 16:44:56,822 [Worker-13: Import Getting Started Content] INFO  o.e.m.c.i.e.AbstractTransferListenerAdapter - Downloaded https://repo.maven.apache.org/maven2/org/springframework/spring-expression/7.0.9/spring-expression-7.0.9.pom
2026-09-13 16:44:56,887 [Worker-13: Import Getting Started Content] INFO  o.e.m.c.i.e.AbstractTransferListenerAdapter - Downloading https://repo.maven.apache.org/maven2/io/micrometer/micrometer-observation/1.17.1/micrometer-observation-1.17.1.pom
2026-09-13 16:44:56,902 [Worker-13: Import Getting Started Content] INFO  o.e.m.c.i.e.AbstractTransferListenerAdapter - Downloaded https://repo.maven.apache.org/maven2/io/micrometer/micrometer-observation/1.17.1/micrometer-observation-1.17.1.pom
2026-09-13 16:44:56,943 [Worker-13: Import Getting Started Content] INFO  o.e.m.c.i.e.AbstractTransferListenerAdapter - Downloading https://repo.maven.apache.org/maven2/io/micrometer/micrometer-commons/1.17.1/micrometer-commons-1.17.1.pom
2026-09-13 16:44:56,970 [Worker-13: Import Getting Started Content] INFO  o.e.m.c.i.e.AbstractTransferListenerAdapter - Downloaded https://repo.maven.apache.org/maven2/io/micrometer/micrometer-commons/1.17.1/micrometer-commons-1.17.1.pom
2026-09-13 16:44:57,037 [Worker-13: Import Getting Started Content] INFO  o.e.m.c.i.e.AbstractTransferListenerAdapter - Downloading https://repo.maven.apache.org/maven2/org/yaml/snakeyaml/2.6/snakeyaml-2.6.pom
2026-09-13 16:44:57,061 [Worker-13: Import Getting Started Content] INFO  o.e.m.c.i.e.AbstractTransferListenerAdapter - Downloaded https://repo.maven.apache.org/maven2/org/yaml/snakeyaml/2.6/snakeyaml-2.6.pom
2026-09-13 16:44:57,122 [Worker-13: Import Getting Started Content] INFO  o.e.m.c.i.e.AbstractTransferListenerAdapter - Downloading https://repo.maven.apache.org/maven2/org/springframework/boot/spring-boot-starter-jackson/4.1.1/spring-boot-starter-jackson-4.1.1.pom
2026-09-13 16:44:57,136 [Worker-13: Import Getting Started Content] INFO  o.e.m.c.i.e.AbstractTransferListenerAdapter - Downloaded https://repo.maven.apache.org/maven2/org/springframework/boot/spring-boot-starter-jackson/4.1.1/spring-boot-starter-jackson-4.1.1.pom
2026-09-13 16:44:57,185 [Worker-13: Import Getting Started Content] INFO  o.e.m.c.i.e.AbstractTransferListenerAdapter - Downloading https://repo.maven.apache.org/maven2/org/springframework/boot/spring-boot-jackson/4.1.1/spring-boot-jackson-4.1.1.pom
2026-09-13 16:44:57,201 [Worker-13: Import Getting Started Content] INFO  o.e.m.c.i.e.AbstractTransferListenerAdapter - Downloaded https://repo.maven.apache.org/maven2/org/springframework/boot/spring-boot-jackson/4.1.1/spring-boot-jackson-4.1.1.pom
2026-09-13 16:44:57,254 [Worker-13: Import Getting Started Content] INFO  o.e.m.c.i.e.AbstractTransferListenerAdapter - Downloading https://repo.maven.apache.org/maven2/tools/jackson/core/jackson-databind/3.1.5/jackson-databind-3.1.5.pom
2026-09-13 16:44:57,307 [Worker-13: Import Getting Started Content] INFO  o.e.m.c.i.e.AbstractTransferListenerAdapter - Downloaded https://repo.maven.apache.org/maven2/tools/jackson/core/jackson-databind/3.1.5/jackson-databind-3.1.5.pom
2026-09-13 16:44:57,373 [Worker-13: Import Getting Started Content] INFO  o.e.m.c.i.e.AbstractTransferListenerAdapter - Downloading https://repo.maven.apache.org/maven2/tools/jackson/jackson-base/3.1.5/jackson-base-3.1.5.pom
2026-09-13 16:44:57,401 [Worker-13: Import Getting Started Content] INFO  o.e.m.c.i.e.AbstractTransferListenerAdapter - Downloaded https://repo.maven.apache.org/maven2/tools/jackson/jackson-base/3.1.5/jackson-base-3.1.5.pom
2026-09-13 16:44:57,504 [Worker-13: Import Getting Started Content] INFO  o.e.m.c.i.e.AbstractTransferListenerAdapter - Downloading https://repo.maven.apache.org/maven2/com/fasterxml/jackson/core/jackson-annotations/2.21/jackson-annotations-2.21.pom
2026-09-13 16:44:57,529 [Worker-13: Import Getting Started Content] INFO  o.e.m.c.i.e.AbstractTransferListenerAdapter - Downloaded https://repo.maven.apache.org/maven2/com/fasterxml/jackson/core/jackson-annotations/2.21/jackson-annotations-2.21.pom
2026-09-13 16:44:57,611 [Worker-13: Import Getting Started Content] INFO  o.e.m.c.i.e.AbstractTransferListenerAdapter - Downloading https://repo.maven.apache.org/maven2/tools/jackson/core/jackson-core/3.1.5/jackson-core-3.1.5.pom
2026-09-13 16:44:57,635 [Worker-13: Import Getting Started Content] INFO  o.e.m.c.i.e.AbstractTransferListenerAdapter - Downloaded https://repo.maven.apache.org/maven2/tools/jackson/core/jackson-core/3.1.5/jackson-core-3.1.5.pom
2026-09-13 16:44:57,701 [Worker-13: Import Getting Started Content] INFO  o.e.m.c.i.e.AbstractTransferListenerAdapter - Downloading https://repo.maven.apache.org/maven2/org/springframework/boot/spring-boot-starter-tomcat/4.1.1/spring-boot-starter-tomcat-4.1.1.pom
2026-09-13 16:44:57,727 [Worker-13: Import Getting Started Content] INFO  o.e.m.c.i.e.AbstractTransferListenerAdapter - Downloaded https://repo.maven.apache.org/maven2/org/springframework/boot/spring-boot-starter-tomcat/4.1.1/spring-boot-starter-tomcat-4.1.1.pom
2026-09-13 16:44:57,795 [Worker-13: Import Getting Started Content] INFO  o.e.m.c.i.e.AbstractTransferListenerAdapter - Downloading https://repo.maven.apache.org/maven2/org/springframework/boot/spring-boot-starter-tomcat-runtime/4.1.1/spring-boot-starter-tomcat-runtime-4.1.1.pom
2026-09-13 16:44:57,811 [Worker-13: Import Getting Started Content] INFO  o.e.m.c.i.e.AbstractTransferListenerAdapter - Downloaded https://repo.maven.apache.org/maven2/org/springframework/boot/spring-boot-starter-tomcat-runtime/4.1.1/spring-boot-starter-tomcat-runtime-4.1.1.pom
2026-09-13 16:44:57,860 [Worker-13: Import Getting Started Content] INFO  o.e.m.c.i.e.AbstractTransferListenerAdapter - Downloading https://repo.maven.apache.org/maven2/org/springframework/boot/spring-boot-tomcat/4.1.1/spring-boot-tomcat-4.1.1.pom
2026-09-13 16:44:57,876 [Worker-13: Import Getting Started Content] INFO  o.e.m.c.i.e.AbstractTransferListenerAdapter - Downloaded https://repo.maven.apache.org/maven2/org/springframework/boot/spring-boot-tomcat/4.1.1/spring-boot-tomcat-4.1.1.pom
2026-09-13 16:44:57,926 [Worker-13: Import Getting Started Content] INFO  o.e.m.c.i.e.AbstractTransferListenerAdapter - Downloading https://repo.maven.apache.org/maven2/org/springframework/boot/spring-boot-web-server/4.1.1/spring-boot-web-server-4.1.1.pom
2026-09-13 16:44:57,942 [Worker-13: Import Getting Started Content] INFO  o.e.m.c.i.e.AbstractTransferListenerAdapter - Downloaded https://repo.maven.apache.org/maven2/org/springframework/boot/spring-boot-web-server/4.1.1/spring-boot-web-server-4.1.1.pom
2026-09-13 16:44:57,985 [Worker-13: Import Getting Started Content] INFO  o.e.m.c.i.e.AbstractTransferListenerAdapter - Downloading https://repo.maven.apache.org/maven2/org/apache/tomcat/embed/tomcat-embed-core/11.0.24/tomcat-embed-core-11.0.24.pom
2026-09-13 16:44:58,005 [Worker-13: Import Getting Started Content] INFO  o.e.m.c.i.e.AbstractTransferListenerAdapter - Downloaded https://repo.maven.apache.org/maven2/org/apache/tomcat/embed/tomcat-embed-core/11.0.24/tomcat-embed-core-11.0.24.pom
2026-09-13 16:44:58,041 [Worker-13: Import Getting Started Content] INFO  o.e.m.c.i.e.AbstractTransferListenerAdapter - Downloading https://repo.maven.apache.org/maven2/org/apache/tomcat/embed/tomcat-embed-el/11.0.24/tomcat-embed-el-11.0.24.pom
2026-09-13 16:44:58,066 [Worker-13: Import Getting Started Content] INFO  o.e.m.c.i.e.AbstractTransferListenerAdapter - Downloaded https://repo.maven.apache.org/maven2/org/apache/tomcat/embed/tomcat-embed-el/11.0.24/tomcat-embed-el-11.0.24.pom
2026-09-13 16:44:58,125 [Worker-13: Import Getting Started Content] INFO  o.e.m.c.i.e.AbstractTransferListenerAdapter - Downloading https://repo.maven.apache.org/maven2/org/apache/tomcat/embed/tomcat-embed-websocket/11.0.24/tomcat-embed-websocket-11.0.24.pom
2026-09-13 16:44:58,149 [Worker-13: Import Getting Started Content] INFO  o.e.m.c.i.e.AbstractTransferListenerAdapter - Downloaded https://repo.maven.apache.org/maven2/org/apache/tomcat/embed/tomcat-embed-websocket/11.0.24/tomcat-embed-websocket-11.0.24.pom
2026-09-13 16:44:58,192 [Worker-13: Import Getting Started Content] INFO  o.e.m.c.i.e.AbstractTransferListenerAdapter - Downloading https://repo.maven.apache.org/maven2/org/springframework/spring-web/7.0.9/spring-web-7.0.9.pom
2026-09-13 16:44:58,217 [Worker-13: Import Getting Started Content] INFO  o.e.m.c.i.e.AbstractTransferListenerAdapter - Downloaded https://repo.maven.apache.org/maven2/org/springframework/spring-web/7.0.9/spring-web-7.0.9.pom
2026-09-13 16:44:58,281 [Worker-13: Import Getting Started Content] INFO  o.e.m.c.i.e.AbstractTransferListenerAdapter - Downloading https://repo.maven.apache.org/maven2/org/springframework/boot/spring-boot-http-converter/4.1.1/spring-boot-http-converter-4.1.1.pom
2026-09-13 16:44:58,298 [Worker-13: Import Getting Started Content] INFO  o.e.m.c.i.e.AbstractTransferListenerAdapter - Downloaded https://repo.maven.apache.org/maven2/org/springframework/boot/spring-boot-http-converter/4.1.1/spring-boot-http-converter-4.1.1.pom
2026-09-13 16:44:58,339 [Worker-13: Import Getting Started Content] INFO  o.e.m.c.i.e.AbstractTransferListenerAdapter - Downloading https://repo.maven.apache.org/maven2/org/springframework/boot/spring-boot-webmvc/4.1.1/spring-boot-webmvc-4.1.1.pom
2026-09-13 16:44:58,356 [Worker-13: Import Getting Started Content] INFO  o.e.m.c.i.e.AbstractTransferListenerAdapter - Downloaded https://repo.maven.apache.org/maven2/org/springframework/boot/spring-boot-webmvc/4.1.1/spring-boot-webmvc-4.1.1.pom
2026-09-13 16:44:58,423 [Worker-13: Import Getting Started Content] INFO  o.e.m.c.i.e.AbstractTransferListenerAdapter - Downloading https://repo.maven.apache.org/maven2/org/springframework/boot/spring-boot-servlet/4.1.1/spring-boot-servlet-4.1.1.pom
2026-09-13 16:44:58,438 [Worker-13: Import Getting Started Content] INFO  o.e.m.c.i.e.AbstractTransferListenerAdapter - Downloaded https://repo.maven.apache.org/maven2/org/springframework/boot/spring-boot-servlet/4.1.1/spring-boot-servlet-4.1.1.pom
2026-09-13 16:44:58,478 [Worker-13: Import Getting Started Content] INFO  o.e.m.c.i.e.AbstractTransferListenerAdapter - Downloading https://repo.maven.apache.org/maven2/org/springframework/spring-webmvc/7.0.9/spring-webmvc-7.0.9.pom
2026-09-13 16:44:58,501 [Worker-13: Import Getting Started Content] INFO  o.e.m.c.i.e.AbstractTransferListenerAdapter - Downloaded https://repo.maven.apache.org/maven2/org/springframework/spring-webmvc/7.0.9/spring-webmvc-7.0.9.pom
2026-09-13 16:44:58,561 [Worker-13: Import Getting Started Content] INFO  o.e.m.c.i.e.AbstractTransferListenerAdapter - Downloading https://repo.maven.apache.org/maven2/org/springframework/cloud/spring-cloud-starter-netflix-eureka-client/5.0.2/spring-cloud-starter-netflix-eureka-client-5.0.2.pom
2026-09-13 16:44:58,585 [Worker-13: Import Getting Started Content] INFO  o.e.m.c.i.e.AbstractTransferListenerAdapter - Downloaded https://repo.maven.apache.org/maven2/org/springframework/cloud/spring-cloud-starter-netflix-eureka-client/5.0.2/spring-cloud-starter-netflix-eureka-client-5.0.2.pom
2026-09-13 16:44:58,643 [Worker-13: Import Getting Started Content] INFO  o.e.m.c.i.e.AbstractTransferListenerAdapter - Downloading https://repo.maven.apache.org/maven2/org/springframework/cloud/spring-cloud-netflix/5.0.2/spring-cloud-netflix-5.0.2.pom
2026-09-13 16:44:58,667 [Worker-13: Import Getting Started Content] INFO  o.e.m.c.i.e.AbstractTransferListenerAdapter - Downloaded https://repo.maven.apache.org/maven2/org/springframework/cloud/spring-cloud-netflix/5.0.2/spring-cloud-netflix-5.0.2.pom
2026-09-13 16:44:58,733 [Worker-13: Import Getting Started Content] INFO  o.e.m.c.i.e.AbstractTransferListenerAdapter - Downloading https://repo.maven.apache.org/maven2/org/springframework/cloud/spring-cloud-build/5.0.2/spring-cloud-build-5.0.2.pom
2026-09-13 16:44:58,765 [Worker-13: Import Getting Started Content] INFO  o.e.m.c.i.e.AbstractTransferListenerAdapter - Downloaded https://repo.maven.apache.org/maven2/org/springframework/cloud/spring-cloud-build/5.0.2/spring-cloud-build-5.0.2.pom
2026-09-13 16:44:58,808 [Worker-13: Import Getting Started Content] INFO  o.e.m.c.i.e.AbstractTransferListenerAdapter - Downloading https://repo.maven.apache.org/maven2/org/springframework/cloud/spring-cloud-build-dependencies/5.0.2/spring-cloud-build-dependencies-5.0.2.pom
2026-09-13 16:44:58,824 [Worker-13: Import Getting Started Content] INFO  o.e.m.c.i.e.AbstractTransferListenerAdapter - Downloaded https://repo.maven.apache.org/maven2/org/springframework/cloud/spring-cloud-build-dependencies/5.0.2/spring-cloud-build-dependencies-5.0.2.pom
2026-09-13 16:44:58,890 [Worker-13: Import Getting Started Content] INFO  o.e.m.c.i.e.AbstractTransferListenerAdapter - Downloading https://repo.maven.apache.org/maven2/org/springframework/boot/spring-boot-dependencies/4.0.7/spring-boot-dependencies-4.0.7.pom
2026-09-13 16:44:58,924 [Worker-13: Import Getting Started Content] INFO  o.e.m.c.i.e.AbstractTransferListenerAdapter - Downloaded https://repo.maven.apache.org/maven2/org/springframework/boot/spring-boot-dependencies/4.0.7/spring-boot-dependencies-4.0.7.pom
2026-09-13 16:44:59,044 [Worker-13: Import Getting Started Content] INFO  o.e.m.c.i.e.AbstractTransferListenerAdapter - Downloading https://repo.maven.apache.org/maven2/org/apache/groovy/groovy-bom/5.0.6/groovy-bom-5.0.6.pom
2026-09-13 16:44:59,069 [Worker-13: Import Getting Started Content] INFO  o.e.m.c.i.e.AbstractTransferListenerAdapter - Downloaded https://repo.maven.apache.org/maven2/org/apache/groovy/groovy-bom/5.0.6/groovy-bom-5.0.6.pom
2026-09-13 16:44:59,129 [Worker-13: Import Getting Started Content] INFO  o.e.m.c.i.e.AbstractTransferListenerAdapter - Downloading https://repo.maven.apache.org/maven2/com/fasterxml/jackson/jackson-bom/2.21.4/jackson-bom-2.21.4.pom
2026-09-13 16:44:59,152 [Worker-13: Import Getting Started Content] INFO  o.e.m.c.i.e.AbstractTransferListenerAdapter - Downloaded https://repo.maven.apache.org/maven2/com/fasterxml/jackson/jackson-bom/2.21.4/jackson-bom-2.21.4.pom
2026-09-13 16:44:59,210 [Worker-13: Import Getting Started Content] INFO  o.e.m.c.i.e.AbstractTransferListenerAdapter - Downloading https://repo.maven.apache.org/maven2/tools/jackson/jackson-bom/3.1.4/jackson-bom-3.1.4.pom
2026-09-13 16:44:59,234 [Worker-13: Import Getting Started Content] INFO  o.e.m.c.i.e.AbstractTransferListenerAdapter - Downloaded https://repo.maven.apache.org/maven2/tools/jackson/jackson-bom/3.1.4/jackson-bom-3.1.4.pom
2026-09-13 16:44:59,283 [Worker-13: Import Getting Started Content] INFO  o.e.m.c.i.e.AbstractTransferListenerAdapter - Downloading https://repo.maven.apache.org/maven2/org/eclipse/jetty/ee11/jetty-ee11-bom/12.1.10/jetty-ee11-bom-12.1.10.pom
2026-09-13 16:44:59,341 [Worker-13: Import Getting Started Content] INFO  o.e.m.c.i.e.AbstractTransferListenerAdapter - Downloaded https://repo.maven.apache.org/maven2/org/eclipse/jetty/ee11/jetty-ee11-bom/12.1.10/jetty-ee11-bom-12.1.10.pom
2026-09-13 16:44:59,382 [Worker-13: Import Getting Started Content] INFO  o.e.m.c.i.e.AbstractTransferListenerAdapter - Downloading https://repo.maven.apache.org/maven2/org/eclipse/jetty/jetty-bom/12.1.10/jetty-bom-12.1.10.pom
2026-09-13 16:44:59,407 [Worker-13: Import Getting Started Content] INFO  o.e.m.c.i.e.AbstractTransferListenerAdapter - Downloaded https://repo.maven.apache.org/maven2/org/eclipse/jetty/jetty-bom/12.1.10/jetty-bom-12.1.10.pom
2026-09-13 16:44:59,456 [Worker-13: Import Getting Started Content] INFO  o.e.m.c.i.e.AbstractTransferListenerAdapter - Downloading https://repo.maven.apache.org/maven2/org/jooq/jooq-bom/3.19.35/jooq-bom-3.19.35.pom
2026-09-13 16:44:59,472 [Worker-13: Import Getting Started Content] INFO  o.e.m.c.i.e.AbstractTransferListenerAdapter - Downloaded https://repo.maven.apache.org/maven2/org/jooq/jooq-bom/3.19.35/jooq-bom-3.19.35.pom
2026-09-13 16:44:59,530 [Worker-13: Import Getting Started Content] INFO  o.e.m.c.i.e.AbstractTransferListenerAdapter - Downloading https://repo.maven.apache.org/maven2/org/apache/logging/log4j/log4j-bom/2.25.4/log4j-bom-2.25.4.pom
2026-09-13 16:44:59,546 [Worker-13: Import Getting Started Content] INFO  o.e.m.c.i.e.AbstractTransferListenerAdapter - Downloaded https://repo.maven.apache.org/maven2/org/apache/logging/log4j/log4j-bom/2.25.4/log4j-bom-2.25.4.pom
2026-09-13 16:44:59,586 [Worker-13: Import Getting Started Content] INFO  o.e.m.c.i.e.AbstractTransferListenerAdapter - Downloading https://repo.maven.apache.org/maven2/io/micrometer/micrometer-bom/1.16.6/micrometer-bom-1.16.6.pom
2026-09-13 16:44:59,624 [Worker-13: Import Getting Started Content] INFO  o.e.m.c.i.e.AbstractTransferListenerAdapter - Downloaded https://repo.maven.apache.org/maven2/io/micrometer/micrometer-bom/1.16.6/micrometer-bom-1.16.6.pom
2026-09-13 16:44:59,668 [Worker-13: Import Getting Started Content] INFO  o.e.m.c.i.e.AbstractTransferListenerAdapter - Downloading https://repo.maven.apache.org/maven2/org/mongodb/mongodb-driver-bom/5.6.5/mongodb-driver-bom-5.6.5.pom
2026-09-13 16:44:59,687 [Worker-13: Import Getting Started Content] INFO  o.e.m.c.i.e.AbstractTransferListenerAdapter - Downloaded https://repo.maven.apache.org/maven2/org/mongodb/mongodb-driver-bom/5.6.5/mongodb-driver-bom-5.6.5.pom
2026-09-13 16:44:59,759 [Worker-13: Import Getting Started Content] INFO  o.e.m.c.i.e.AbstractTransferListenerAdapter - Downloading https://repo.maven.apache.org/maven2/io/netty/netty-bom/4.2.15.Final/netty-bom-4.2.15.Final.pom
2026-09-13 16:44:59,775 [Worker-13: Import Getting Started Content] INFO  o.e.m.c.i.e.AbstractTransferListenerAdapter - Downloaded https://repo.maven.apache.org/maven2/io/netty/netty-bom/4.2.15.Final/netty-bom-4.2.15.Final.pom
2026-09-13 16:44:59,849 [Worker-13: Import Getting Started Content] INFO  o.e.m.c.i.e.AbstractTransferListenerAdapter - Downloading https://repo.maven.apache.org/maven2/org/apache/pulsar/pulsar-bom/4.1.3/pulsar-bom-4.1.3.pom
2026-09-13 16:44:59,866 [Worker-13: Import Getting Started Content] INFO  o.e.m.c.i.e.AbstractTransferListenerAdapter - Downloaded https://repo.maven.apache.org/maven2/org/apache/pulsar/pulsar-bom/4.1.3/pulsar-bom-4.1.3.pom
2026-09-13 16:44:59,915 [Worker-13: Import Getting Started Content] INFO  o.e.m.c.i.e.AbstractTransferListenerAdapter - Downloading https://repo.maven.apache.org/maven2/io/projectreactor/reactor-bom/2025.0.6/reactor-bom-2025.0.6.pom
2026-09-13 16:44:59,934 [Worker-13: Import Getting Started Content] INFO  o.e.m.c.i.e.AbstractTransferListenerAdapter - Downloaded https://repo.maven.apache.org/maven2/io/projectreactor/reactor-bom/2025.0.6/reactor-bom-2025.0.6.pom
2026-09-13 16:45:00,038 [Worker-13: Import Getting Started Content] INFO  o.e.m.c.i.e.AbstractTransferListenerAdapter - Downloading https://repo.maven.apache.org/maven2/org/springframework/amqp/spring-amqp-bom/4.0.4/spring-amqp-bom-4.0.4.pom
2026-09-13 16:45:00,062 [Worker-13: Import Getting Started Content] INFO  o.e.m.c.i.e.AbstractTransferListenerAdapter - Downloaded https://repo.maven.apache.org/maven2/org/springframework/amqp/spring-amqp-bom/4.0.4/spring-amqp-bom-4.0.4.pom
2026-09-13 16:45:00,105 [Worker-13: Import Getting Started Content] INFO  o.e.m.c.i.e.AbstractTransferListenerAdapter - Downloading https://repo.maven.apache.org/maven2/org/springframework/batch/spring-batch-bom/6.0.4/spring-batch-bom-6.0.4.pom
2026-09-13 16:45:00,128 [Worker-13: Import Getting Started Content] INFO  o.e.m.c.i.e.AbstractTransferListenerAdapter - Downloaded https://repo.maven.apache.org/maven2/org/springframework/batch/spring-batch-bom/6.0.4/spring-batch-bom-6.0.4.pom
2026-09-13 16:45:00,169 [Worker-13: Import Getting Started Content] INFO  o.e.m.c.i.e.AbstractTransferListenerAdapter - Downloading https://repo.maven.apache.org/maven2/org/springframework/data/spring-data-bom/2025.1.6/spring-data-bom-2025.1.6.pom
2026-09-13 16:45:00,185 [Worker-13: Import Getting Started Content] INFO  o.e.m.c.i.e.AbstractTransferListenerAdapter - Downloaded https://repo.maven.apache.org/maven2/org/springframework/data/spring-data-bom/2025.1.6/spring-data-bom-2025.1.6.pom
2026-09-13 16:45:00,226 [Worker-13: Import Getting Started Content] INFO  o.e.m.c.i.e.AbstractTransferListenerAdapter - Downloading https://repo.maven.apache.org/maven2/org/springframework/spring-framework-bom/7.0.8/spring-framework-bom-7.0.8.pom
2026-09-13 16:45:00,267 [Worker-13: Import Getting Started Content] INFO  o.e.m.c.i.e.AbstractTransferListenerAdapter - Downloaded https://repo.maven.apache.org/maven2/org/springframework/spring-framework-bom/7.0.8/spring-framework-bom-7.0.8.pom
2026-09-13 16:45:00,334 [Worker-13: Import Getting Started Content] INFO  o.e.m.c.i.e.AbstractTransferListenerAdapter - Downloading https://repo.maven.apache.org/maven2/org/springframework/integration/spring-integration-bom/7.0.5/spring-integration-bom-7.0.5.pom
2026-09-13 16:45:00,358 [Worker-13: Import Getting Started Content] INFO  o.e.m.c.i.e.AbstractTransferListenerAdapter - Downloaded https://repo.maven.apache.org/maven2/org/springframework/integration/spring-integration-bom/7.0.5/spring-integration-bom-7.0.5.pom
2026-09-13 16:45:00,408 [Worker-13: Import Getting Started Content] INFO  o.e.m.c.i.e.AbstractTransferListenerAdapter - Downloading https://repo.maven.apache.org/maven2/org/springframework/pulsar/spring-pulsar-bom/2.0.6/spring-pulsar-bom-2.0.6.pom
2026-09-13 16:45:00,431 [Worker-13: Import Getting Started Content] INFO  o.e.m.c.i.e.AbstractTransferListenerAdapter - Downloaded https://repo.maven.apache.org/maven2/org/springframework/pulsar/spring-pulsar-bom/2.0.6/spring-pulsar-bom-2.0.6.pom
2026-09-13 16:45:00,481 [Worker-13: Import Getting Started Content] INFO  o.e.m.c.i.e.AbstractTransferListenerAdapter - Downloading https://repo.maven.apache.org/maven2/org/springframework/security/spring-security-bom/7.0.6/spring-security-bom-7.0.6.pom
2026-09-13 16:45:00,498 [Worker-13: Import Getting Started Content] INFO  o.e.m.c.i.e.AbstractTransferListenerAdapter - Downloaded https://repo.maven.apache.org/maven2/org/springframework/security/spring-security-bom/7.0.6/spring-security-bom-7.0.6.pom
2026-09-13 16:45:00,563 [Worker-13: Import Getting Started Content] INFO  o.e.m.c.i.e.AbstractTransferListenerAdapter - Downloading https://repo.maven.apache.org/maven2/org/springframework/session/spring-session-bom/4.0.4/spring-session-bom-4.0.4.pom
2026-09-13 16:45:00,579 [Worker-13: Import Getting Started Content] INFO  o.e.m.c.i.e.AbstractTransferListenerAdapter - Downloaded https://repo.maven.apache.org/maven2/org/springframework/session/spring-session-bom/4.0.4/spring-session-bom-4.0.4.pom
2026-09-13 16:45:00,644 [Worker-13: Import Getting Started Content] INFO  o.e.m.c.i.e.AbstractTransferListenerAdapter - Downloading https://repo.maven.apache.org/maven2/org/springframework/cloud/spring-cloud-starter/5.0.3/spring-cloud-starter-5.0.3.pom
2026-09-13 16:45:00,662 [Worker-13: Import Getting Started Content] INFO  o.e.m.c.i.e.AbstractTransferListenerAdapter - Downloaded https://repo.maven.apache.org/maven2/org/springframework/cloud/spring-cloud-starter/5.0.3/spring-cloud-starter-5.0.3.pom
2026-09-13 16:45:00,844 [Worker-13: Import Getting Started Content] INFO  o.e.m.c.i.e.AbstractTransferListenerAdapter - Downloading https://repo.maven.apache.org/maven2/org/springframework/cloud/spring-cloud-commons-parent/5.0.3/spring-cloud-commons-parent-5.0.3.pom
2026-09-13 16:45:00,864 [Worker-13: Import Getting Started Content] INFO  o.e.m.c.i.e.AbstractTransferListenerAdapter - Downloaded https://repo.maven.apache.org/maven2/org/springframework/cloud/spring-cloud-commons-parent/5.0.3/spring-cloud-commons-parent-5.0.3.pom
2026-09-13 16:45:00,935 [Worker-13: Import Getting Started Content] INFO  o.e.m.c.i.e.AbstractTransferListenerAdapter - Downloading https://repo.maven.apache.org/maven2/org/springframework/cloud/spring-cloud-build/5.0.3/spring-cloud-build-5.0.3.pom
2026-09-13 16:45:00,961 [Worker-13: Import Getting Started Content] INFO  o.e.m.c.i.e.AbstractTransferListenerAdapter - Downloaded https://repo.maven.apache.org/maven2/org/springframework/cloud/spring-cloud-build/5.0.3/spring-cloud-build-5.0.3.pom
2026-09-13 16:45:01,007 [Worker-13: Import Getting Started Content] INFO  o.e.m.c.i.e.AbstractTransferListenerAdapter - Downloading https://repo.maven.apache.org/maven2/org/springframework/cloud/spring-cloud-build-dependencies/5.0.3/spring-cloud-build-dependencies-5.0.3.pom
2026-09-13 16:45:01,033 [Worker-13: Import Getting Started Content] INFO  o.e.m.c.i.e.AbstractTransferListenerAdapter - Downloaded https://repo.maven.apache.org/maven2/org/springframework/cloud/spring-cloud-build-dependencies/5.0.3/spring-cloud-build-dependencies-5.0.3.pom
2026-09-13 16:45:01,097 [Worker-13: Import Getting Started Content] INFO  o.e.m.c.i.e.AbstractTransferListenerAdapter - Downloading https://repo.maven.apache.org/maven2/org/springframework/boot/spring-boot-dependencies/4.0.8/spring-boot-dependencies-4.0.8.pom
2026-09-13 16:45:01,122 [Worker-13: Import Getting Started Content] INFO  o.e.m.c.i.e.AbstractTransferListenerAdapter - Downloaded https://repo.maven.apache.org/maven2/org/springframework/boot/spring-boot-dependencies/4.0.8/spring-boot-dependencies-4.0.8.pom
2026-09-13 16:45:01,187 [Worker-13: Import Getting Started Content] INFO  o.e.m.c.i.e.AbstractTransferListenerAdapter - Downloading https://repo.maven.apache.org/maven2/org/jooq/jooq-bom/3.19.37/jooq-bom-3.19.37.pom
2026-09-13 16:45:01,204 [Worker-13: Import Getting Started Content] INFO  o.e.m.c.i.e.AbstractTransferListenerAdapter - Downloaded https://repo.maven.apache.org/maven2/org/jooq/jooq-bom/3.19.37/jooq-bom-3.19.37.pom
2026-09-13 16:45:01,261 [Worker-13: Import Getting Started Content] INFO  o.e.m.c.i.e.AbstractTransferListenerAdapter - Downloading https://repo.maven.apache.org/maven2/io/micrometer/micrometer-bom/1.16.7/micrometer-bom-1.16.7.pom
2026-09-13 16:45:01,279 [Worker-13: Import Getting Started Content] INFO  o.e.m.c.i.e.AbstractTransferListenerAdapter - Downloaded https://repo.maven.apache.org/maven2/io/micrometer/micrometer-bom/1.16.7/micrometer-bom-1.16.7.pom
2026-09-13 16:45:01,352 [Worker-13: Import Getting Started Content] INFO  o.e.m.c.i.e.AbstractTransferListenerAdapter - Downloading https://repo.maven.apache.org/maven2/org/springframework/amqp/spring-amqp-bom/4.0.5/spring-amqp-bom-4.0.5.pom
2026-09-13 16:45:01,369 [Worker-13: Import Getting Started Content] INFO  o.e.m.c.i.e.AbstractTransferListenerAdapter - Downloaded https://repo.maven.apache.org/maven2/org/springframework/amqp/spring-amqp-bom/4.0.5/spring-amqp-bom-4.0.5.pom
2026-09-13 16:45:01,412 [Worker-13: Import Getting Started Content] INFO  o.e.m.c.i.e.AbstractTransferListenerAdapter - Downloading https://repo.maven.apache.org/maven2/org/springframework/data/spring-data-bom/2025.1.7/spring-data-bom-2025.1.7.pom
2026-09-13 16:45:01,434 [Worker-13: Import Getting Started Content] INFO  o.e.m.c.i.e.AbstractTransferListenerAdapter - Downloaded https://repo.maven.apache.org/maven2/org/springframework/data/spring-data-bom/2025.1.7/spring-data-bom-2025.1.7.pom
2026-09-13 16:45:01,481 [Worker-13: Import Getting Started Content] INFO  o.e.m.c.i.e.AbstractTransferListenerAdapter - Downloading https://repo.maven.apache.org/maven2/org/springframework/integration/spring-integration-bom/7.0.6/spring-integration-bom-7.0.6.pom
2026-09-13 16:45:01,492 [Worker-13: Import Getting Started Content] INFO  o.e.m.c.i.e.AbstractTransferListenerAdapter - Downloaded https://repo.maven.apache.org/maven2/org/springframework/integration/spring-integration-bom/7.0.6/spring-integration-bom-7.0.6.pom
2026-09-13 16:45:01,541 [Worker-13: Import Getting Started Content] INFO  o.e.m.c.i.e.AbstractTransferListenerAdapter - Downloading https://repo.maven.apache.org/maven2/org/springframework/security/spring-security-bom/7.0.7/spring-security-bom-7.0.7.pom
2026-09-13 16:45:01,558 [Worker-13: Import Getting Started Content] INFO  o.e.m.c.i.e.AbstractTransferListenerAdapter - Downloaded https://repo.maven.apache.org/maven2/org/springframework/security/spring-security-bom/7.0.7/spring-security-bom-7.0.7.pom
2026-09-13 16:45:01,599 [Worker-13: Import Getting Started Content] INFO  o.e.m.c.i.e.AbstractTransferListenerAdapter - Downloading https://repo.maven.apache.org/maven2/org/springframework/session/spring-session-bom/4.0.5/spring-session-bom-4.0.5.pom
2026-09-13 16:45:01,630 [Worker-13: Import Getting Started Content] INFO  o.e.m.c.i.e.AbstractTransferListenerAdapter - Downloaded https://repo.maven.apache.org/maven2/org/springframework/session/spring-session-bom/4.0.5/spring-session-bom-4.0.5.pom
2026-09-13 16:45:01,684 [Worker-13: Import Getting Started Content] INFO  o.e.m.c.i.e.AbstractTransferListenerAdapter - Downloading https://repo.maven.apache.org/maven2/org/springframework/cloud/spring-cloud-context/5.0.3/spring-cloud-context-5.0.3.pom
2026-09-13 16:45:01,703 [Worker-13: Import Getting Started Content] INFO  o.e.m.c.i.e.AbstractTransferListenerAdapter - Downloaded https://repo.maven.apache.org/maven2/org/springframework/cloud/spring-cloud-context/5.0.3/spring-cloud-context-5.0.3.pom
2026-09-13 16:45:01,747 [Worker-13: Import Getting Started Content] INFO  o.e.m.c.i.e.AbstractTransferListenerAdapter - Downloading https://repo.maven.apache.org/maven2/org/springframework/security/spring-security-crypto/7.1.1/spring-security-crypto-7.1.1.pom
2026-09-13 16:45:01,765 [Worker-13: Import Getting Started Content] INFO  o.e.m.c.i.e.AbstractTransferListenerAdapter - Downloaded https://repo.maven.apache.org/maven2/org/springframework/security/spring-security-crypto/7.1.1/spring-security-crypto-7.1.1.pom
2026-09-13 16:45:01,825 [Worker-13: Import Getting Started Content] INFO  o.e.m.c.i.e.AbstractTransferListenerAdapter - Downloading https://repo.maven.apache.org/maven2/org/springframework/cloud/spring-cloud-commons/5.0.3/spring-cloud-commons-5.0.3.pom
2026-09-13 16:45:01,846 [Worker-13: Import Getting Started Content] INFO  o.e.m.c.i.e.AbstractTransferListenerAdapter - Downloaded https://repo.maven.apache.org/maven2/org/springframework/cloud/spring-cloud-commons/5.0.3/spring-cloud-commons-5.0.3.pom
2026-09-13 16:45:01,891 [Worker-13: Import Getting Started Content] INFO  o.e.m.c.i.e.AbstractTransferListenerAdapter - Downloading https://repo.maven.apache.org/maven2/org/bouncycastle/bcprov-jdk18on/1.85.2/bcprov-jdk18on-1.85.2.pom
2026-09-13 16:45:01,910 [Worker-13: Import Getting Started Content] INFO  o.e.m.c.i.e.AbstractTransferListenerAdapter - Downloaded https://repo.maven.apache.org/maven2/org/bouncycastle/bcprov-jdk18on/1.85.2/bcprov-jdk18on-1.85.2.pom
2026-09-13 16:45:01,971 [Worker-13: Import Getting Started Content] INFO  o.e.m.c.i.e.AbstractTransferListenerAdapter - Downloading https://repo.maven.apache.org/maven2/org/springframework/cloud/spring-cloud-netflix-eureka-client/5.0.2/spring-cloud-netflix-eureka-client-5.0.2.pom
2026-09-13 16:45:02,002 [Worker-13: Import Getting Started Content] INFO  o.e.m.c.i.e.AbstractTransferListenerAdapter - Downloaded https://repo.maven.apache.org/maven2/org/springframework/cloud/spring-cloud-netflix-eureka-client/5.0.2/spring-cloud-netflix-eureka-client-5.0.2.pom
2026-09-13 16:45:02,053 [Worker-13: Import Getting Started Content] INFO  o.e.m.c.i.e.AbstractTransferListenerAdapter - Downloading https://repo.maven.apache.org/maven2/org/springframework/boot/spring-boot-jackson2/4.1.1/spring-boot-jackson2-4.1.1.pom
2026-09-13 16:45:02,073 [Worker-13: Import Getting Started Content] INFO  o.e.m.c.i.e.AbstractTransferListenerAdapter - Downloaded https://repo.maven.apache.org/maven2/org/springframework/boot/spring-boot-jackson2/4.1.1/spring-boot-jackson2-4.1.1.pom
2026-09-13 16:45:02,141 [Worker-13: Import Getting Started Content] INFO  o.e.m.c.i.e.AbstractTransferListenerAdapter - Downloading https://repo.maven.apache.org/maven2/com/fasterxml/jackson/core/jackson-databind/2.21.5/jackson-databind-2.21.5.pom
2026-09-13 16:45:02,167 [Worker-13: Import Getting Started Content] INFO  o.e.m.c.i.e.AbstractTransferListenerAdapter - Downloaded https://repo.maven.apache.org/maven2/com/fasterxml/jackson/core/jackson-databind/2.21.5/jackson-databind-2.21.5.pom
2026-09-13 16:45:02,223 [Worker-13: Import Getting Started Content] INFO  o.e.m.c.i.e.AbstractTransferListenerAdapter - Downloading https://repo.maven.apache.org/maven2/com/fasterxml/jackson/jackson-base/2.21.5/jackson-base-2.21.5.pom
2026-09-13 16:45:02,244 [Worker-13: Import Getting Started Content] INFO  o.e.m.c.i.e.AbstractTransferListenerAdapter - Downloaded https://repo.maven.apache.org/maven2/com/fasterxml/jackson/jackson-base/2.21.5/jackson-base-2.21.5.pom
2026-09-13 16:45:02,314 [Worker-13: Import Getting Started Content] INFO  o.e.m.c.i.e.AbstractTransferListenerAdapter - Downloading https://repo.maven.apache.org/maven2/com/fasterxml/jackson/core/jackson-core/2.21.5/jackson-core-2.21.5.pom
2026-09-13 16:45:02,334 [Worker-13: Import Getting Started Content] INFO  o.e.m.c.i.e.AbstractTransferListenerAdapter - Downloaded https://repo.maven.apache.org/maven2/com/fasterxml/jackson/core/jackson-core/2.21.5/jackson-core-2.21.5.pom
2026-09-13 16:45:02,382 [Worker-13: Import Getting Started Content] INFO  o.e.m.c.i.e.AbstractTransferListenerAdapter - Downloading https://repo.maven.apache.org/maven2/com/fasterxml/jackson/datatype/jackson-datatype-jdk8/2.21.5/jackson-datatype-jdk8-2.21.5.pom
2026-09-13 16:45:02,401 [Worker-13: Import Getting Started Content] INFO  o.e.m.c.i.e.AbstractTransferListenerAdapter - Downloaded https://repo.maven.apache.org/maven2/com/fasterxml/jackson/datatype/jackson-datatype-jdk8/2.21.5/jackson-datatype-jdk8-2.21.5.pom
2026-09-13 16:45:02,466 [Worker-13: Import Getting Started Content] INFO  o.e.m.c.i.e.AbstractTransferListenerAdapter - Downloading https://repo.maven.apache.org/maven2/com/fasterxml/jackson/module/jackson-modules-java8/2.21.5/jackson-modules-java8-2.21.5.pom
2026-09-13 16:45:02,488 [Worker-13: Import Getting Started Content] INFO  o.e.m.c.i.e.AbstractTransferListenerAdapter - Downloaded https://repo.maven.apache.org/maven2/com/fasterxml/jackson/module/jackson-modules-java8/2.21.5/jackson-modules-java8-2.21.5.pom
2026-09-13 16:45:02,549 [Worker-13: Import Getting Started Content] INFO  o.e.m.c.i.e.AbstractTransferListenerAdapter - Downloading https://repo.maven.apache.org/maven2/com/fasterxml/jackson/datatype/jackson-datatype-jsr310/2.21.5/jackson-datatype-jsr310-2.21.5.pom
2026-09-13 16:45:02,573 [Worker-13: Import Getting Started Content] INFO  o.e.m.c.i.e.AbstractTransferListenerAdapter - Downloaded https://repo.maven.apache.org/maven2/com/fasterxml/jackson/datatype/jackson-datatype-jsr310/2.21.5/jackson-datatype-jsr310-2.21.5.pom
2026-09-13 16:45:02,641 [Worker-13: Import Getting Started Content] INFO  o.e.m.c.i.e.AbstractTransferListenerAdapter - Downloading https://repo.maven.apache.org/maven2/com/fasterxml/jackson/module/jackson-module-parameter-names/2.21.5/jackson-module-parameter-names-2.21.5.pom
2026-09-13 16:45:02,664 [Worker-13: Import Getting Started Content] INFO  o.e.m.c.i.e.AbstractTransferListenerAdapter - Downloaded https://repo.maven.apache.org/maven2/com/fasterxml/jackson/module/jackson-module-parameter-names/2.21.5/jackson-module-parameter-names-2.21.5.pom
2026-09-13 16:45:02,716 [Worker-13: Import Getting Started Content] INFO  o.e.m.c.i.e.AbstractTransferListenerAdapter - Downloading https://repo.maven.apache.org/maven2/com/netflix/eureka/eureka-client/2.0.6/eureka-client-2.0.6.pom
2026-09-13 16:45:02,737 [Worker-13: Import Getting Started Content] INFO  o.e.m.c.i.e.AbstractTransferListenerAdapter - Downloaded https://repo.maven.apache.org/maven2/com/netflix/eureka/eureka-client/2.0.6/eureka-client-2.0.6.pom
2026-09-13 16:45:02,805 [Worker-13: Import Getting Started Content] INFO  o.e.m.c.i.e.AbstractTransferListenerAdapter - Downloading https://repo.maven.apache.org/maven2/com/thoughtworks/xstream/xstream/1.4.21/xstream-1.4.21.pom
2026-09-13 16:45:02,828 [Worker-13: Import Getting Started Content] INFO  o.e.m.c.i.e.AbstractTransferListenerAdapter - Downloaded https://repo.maven.apache.org/maven2/com/thoughtworks/xstream/xstream/1.4.21/xstream-1.4.21.pom
2026-09-13 16:45:02,871 [Worker-13: Import Getting Started Content] INFO  o.e.m.c.i.e.AbstractTransferListenerAdapter - Downloading https://repo.maven.apache.org/maven2/com/thoughtworks/xstream/xstream-parent/1.4.21/xstream-parent-1.4.21.pom
2026-09-13 16:45:02,899 [Worker-13: Import Getting Started Content] INFO  o.e.m.c.i.e.AbstractTransferListenerAdapter - Downloaded https://repo.maven.apache.org/maven2/com/thoughtworks/xstream/xstream-parent/1.4.21/xstream-parent-1.4.21.pom
2026-09-13 16:45:02,966 [Worker-13: Import Getting Started Content] INFO  o.e.m.c.i.e.AbstractTransferListenerAdapter - Downloading https://repo.maven.apache.org/maven2/jakarta/ws/rs/jakarta.ws.rs-api/4.0.0/jakarta.ws.rs-api-4.0.0.pom
2026-09-13 16:45:02,986 [Worker-13: Import Getting Started Content] INFO  o.e.m.c.i.e.AbstractTransferListenerAdapter - Downloaded https://repo.maven.apache.org/maven2/jakarta/ws/rs/jakarta.ws.rs-api/4.0.0/jakarta.ws.rs-api-4.0.0.pom
2026-09-13 16:45:03,054 [Worker-13: Import Getting Started Content] INFO  o.e.m.c.i.e.AbstractTransferListenerAdapter - Downloading https://repo.maven.apache.org/maven2/jakarta/ws/rs/all/4.0.0/all-4.0.0.pom
2026-09-13 16:45:03,075 [Worker-13: Import Getting Started Content] INFO  o.e.m.c.i.e.AbstractTransferListenerAdapter - Downloaded https://repo.maven.apache.org/maven2/jakarta/ws/rs/all/4.0.0/all-4.0.0.pom
2026-09-13 16:45:03,222 [Worker-13: Import Getting Started Content] INFO  o.e.m.c.i.e.AbstractTransferListenerAdapter - Downloading https://repo.maven.apache.org/maven2/commons-codec/commons-codec/1.21.0/commons-codec-1.21.0.pom
2026-09-13 16:45:03,243 [Worker-13: Import Getting Started Content] INFO  o.e.m.c.i.e.AbstractTransferListenerAdapter - Downloaded https://repo.maven.apache.org/maven2/commons-codec/commons-codec/1.21.0/commons-codec-1.21.0.pom
2026-09-13 16:45:03,310 [Worker-13: Import Getting Started Content] INFO  o.e.m.c.i.e.AbstractTransferListenerAdapter - Downloading https://repo.maven.apache.org/maven2/org/apache/commons/commons-parent/96/commons-parent-96.pom
2026-09-13 16:45:03,341 [Worker-13: Import Getting Started Content] INFO  o.e.m.c.i.e.AbstractTransferListenerAdapter - Downloaded https://repo.maven.apache.org/maven2/org/apache/commons/commons-parent/96/commons-parent-96.pom
2026-09-13 16:45:03,535 [Worker-13: Import Getting Started Content] INFO  o.e.m.c.i.e.AbstractTransferListenerAdapter - Downloading https://repo.maven.apache.org/maven2/org/apache/httpcomponents/client5/httpclient5/5.6.4/httpclient5-5.6.4.pom
2026-09-13 16:45:03,555 [Worker-13: Import Getting Started Content] INFO  o.e.m.c.i.e.AbstractTransferListenerAdapter - Downloaded https://repo.maven.apache.org/maven2/org/apache/httpcomponents/client5/httpclient5/5.6.4/httpclient5-5.6.4.pom
2026-09-13 16:45:03,603 [Worker-13: Import Getting Started Content] INFO  o.e.m.c.i.e.AbstractTransferListenerAdapter - Downloading https://repo.maven.apache.org/maven2/org/apache/httpcomponents/client5/httpclient5-parent/5.6.4/httpclient5-parent-5.6.4.pom
2026-09-13 16:45:03,624 [Worker-13: Import Getting Started Content] INFO  o.e.m.c.i.e.AbstractTransferListenerAdapter - Downloaded https://repo.maven.apache.org/maven2/org/apache/httpcomponents/client5/httpclient5-parent/5.6.4/httpclient5-parent-5.6.4.pom
2026-09-13 16:45:03,708 [Worker-13: Import Getting Started Content] INFO  o.e.m.c.i.e.AbstractTransferListenerAdapter - Downloading https://repo.maven.apache.org/maven2/org/junit/junit-bom/5.13.3/junit-bom-5.13.3.pom
2026-09-13 16:45:03,728 [Worker-13: Import Getting Started Content] INFO  o.e.m.c.i.e.AbstractTransferListenerAdapter - Downloaded https://repo.maven.apache.org/maven2/org/junit/junit-bom/5.13.3/junit-bom-5.13.3.pom
2026-09-13 16:45:03,800 [Worker-13: Import Getting Started Content] INFO  o.e.m.c.i.e.AbstractTransferListenerAdapter - Downloading https://repo.maven.apache.org/maven2/org/apache/httpcomponents/core5/httpcore5/5.4.3/httpcore5-5.4.3.pom
2026-09-13 16:45:03,821 [Worker-13: Import Getting Started Content] INFO  o.e.m.c.i.e.AbstractTransferListenerAdapter - Downloaded https://repo.maven.apache.org/maven2/org/apache/httpcomponents/core5/httpcore5/5.4.3/httpcore5-5.4.3.pom
2026-09-13 16:45:03,882 [Worker-13: Import Getting Started Content] INFO  o.e.m.c.i.e.AbstractTransferListenerAdapter - Downloading https://repo.maven.apache.org/maven2/org/apache/httpcomponents/core5/httpcore5-parent/5.4.3/httpcore5-parent-5.4.3.pom
2026-09-13 16:45:03,907 [Worker-13: Import Getting Started Content] INFO  o.e.m.c.i.e.AbstractTransferListenerAdapter - Downloaded https://repo.maven.apache.org/maven2/org/apache/httpcomponents/core5/httpcore5-parent/5.4.3/httpcore5-parent-5.4.3.pom
2026-09-13 16:45:03,958 [Worker-13: Import Getting Started Content] INFO  o.e.m.c.i.e.AbstractTransferListenerAdapter - Downloading https://repo.maven.apache.org/maven2/org/apache/httpcomponents/core5/httpcore5-h2/5.4.3/httpcore5-h2-5.4.3.pom
2026-09-13 16:45:03,975 [Worker-13: Import Getting Started Content] INFO  o.e.m.c.i.e.AbstractTransferListenerAdapter - Downloaded https://repo.maven.apache.org/maven2/org/apache/httpcomponents/core5/httpcore5-h2/5.4.3/httpcore5-h2-5.4.3.pom
2026-09-13 16:45:04,018 [Worker-13: Import Getting Started Content] INFO  o.e.m.c.i.e.AbstractTransferListenerAdapter - Downloading https://repo.maven.apache.org/maven2/org/springframework/cloud/spring-cloud-starter-loadbalancer/5.0.3/spring-cloud-starter-loadbalancer-5.0.3.pom
2026-09-13 16:45:04,037 [Worker-13: Import Getting Started Content] INFO  o.e.m.c.i.e.AbstractTransferListenerAdapter - Downloaded https://repo.maven.apache.org/maven2/org/springframework/cloud/spring-cloud-starter-loadbalancer/5.0.3/spring-cloud-starter-loadbalancer-5.0.3.pom
2026-09-13 16:45:04,086 [Worker-13: Import Getting Started Content] INFO  o.e.m.c.i.e.AbstractTransferListenerAdapter - Downloading https://repo.maven.apache.org/maven2/org/springframework/cloud/spring-cloud-loadbalancer/5.0.3/spring-cloud-loadbalancer-5.0.3.pom
2026-09-13 16:45:04,103 [Worker-13: Import Getting Started Content] INFO  o.e.m.c.i.e.AbstractTransferListenerAdapter - Downloaded https://repo.maven.apache.org/maven2/org/springframework/cloud/spring-cloud-loadbalancer/5.0.3/spring-cloud-loadbalancer-5.0.3.pom
2026-09-13 16:45:04,169 [Worker-13: Import Getting Started Content] INFO  o.e.m.c.i.e.AbstractTransferListenerAdapter - Downloading https://repo.maven.apache.org/maven2/io/projectreactor/reactor-core/3.8.7/reactor-core-3.8.7.pom
2026-09-13 16:45:04,185 [Worker-13: Import Getting Started Content] INFO  o.e.m.c.i.e.AbstractTransferListenerAdapter - Downloaded https://repo.maven.apache.org/maven2/io/projectreactor/reactor-core/3.8.7/reactor-core-3.8.7.pom
2026-09-13 16:45:04,232 [Worker-13: Import Getting Started Content] INFO  o.e.m.c.i.e.AbstractTransferListenerAdapter - Downloading https://repo.maven.apache.org/maven2/io/projectreactor/addons/reactor-extra/3.6.1/reactor-extra-3.6.1.pom
2026-09-13 16:45:04,268 [Worker-13: Import Getting Started Content] INFO  o.e.m.c.i.e.AbstractTransferListenerAdapter - Downloaded https://repo.maven.apache.org/maven2/io/projectreactor/addons/reactor-extra/3.6.1/reactor-extra-3.6.1.pom
2026-09-13 16:45:04,306 [Worker-13: Import Getting Started Content] INFO  o.e.m.c.i.e.AbstractTransferListenerAdapter - Downloading https://repo.maven.apache.org/maven2/org/springframework/boot/spring-boot-starter-cache/4.1.1/spring-boot-starter-cache-4.1.1.pom
2026-09-13 16:45:04,324 [Worker-13: Import Getting Started Content] INFO  o.e.m.c.i.e.AbstractTransferListenerAdapter - Downloaded https://repo.maven.apache.org/maven2/org/springframework/boot/spring-boot-starter-cache/4.1.1/spring-boot-starter-cache-4.1.1.pom
2026-09-13 16:45:04,364 [Worker-13: Import Getting Started Content] INFO  o.e.m.c.i.e.AbstractTransferListenerAdapter - Downloading https://repo.maven.apache.org/maven2/org/springframework/boot/spring-boot-cache/4.1.1/spring-boot-cache-4.1.1.pom
2026-09-13 16:45:04,382 [Worker-13: Import Getting Started Content] INFO  o.e.m.c.i.e.AbstractTransferListenerAdapter - Downloaded https://repo.maven.apache.org/maven2/org/springframework/boot/spring-boot-cache/4.1.1/spring-boot-cache-4.1.1.pom
2026-09-13 16:45:04,421 [Worker-13: Import Getting Started Content] INFO  o.e.m.c.i.e.AbstractTransferListenerAdapter - Downloading https://repo.maven.apache.org/maven2/org/springframework/spring-context-support/7.0.9/spring-context-support-7.0.9.pom
2026-09-13 16:45:04,437 [Worker-13: Import Getting Started Content] INFO  o.e.m.c.i.e.AbstractTransferListenerAdapter - Downloaded https://repo.maven.apache.org/maven2/org/springframework/spring-context-support/7.0.9/spring-context-support-7.0.9.pom
2026-09-13 16:45:04,506 [Worker-13: Import Getting Started Content] INFO  o.e.m.c.i.e.AbstractTransferListenerAdapter - Downloading https://repo.maven.apache.org/maven2/org/springframework/cloud/spring-cloud-starter-netflix-eureka-server/5.0.2/spring-cloud-starter-netflix-eureka-server-5.0.2.pom
2026-09-13 16:45:04,522 [Worker-13: Import Getting Started Content] INFO  o.e.m.c.i.e.AbstractTransferListenerAdapter - Downloaded https://repo.maven.apache.org/maven2/org/springframework/cloud/spring-cloud-starter-netflix-eureka-server/5.0.2/spring-cloud-starter-netflix-eureka-server-5.0.2.pom
2026-09-13 16:45:04,569 [Worker-13: Import Getting Started Content] INFO  o.e.m.c.i.e.AbstractTransferListenerAdapter - Downloading https://repo.maven.apache.org/maven2/org/springframework/cloud/spring-cloud-netflix-eureka-server/5.0.2/spring-cloud-netflix-eureka-server-5.0.2.pom
2026-09-13 16:45:04,589 [Worker-13: Import Getting Started Content] INFO  o.e.m.c.i.e.AbstractTransferListenerAdapter - Downloaded https://repo.maven.apache.org/maven2/org/springframework/cloud/spring-cloud-netflix-eureka-server/5.0.2/spring-cloud-netflix-eureka-server-5.0.2.pom
2026-09-13 16:45:04,633 [Worker-13: Import Getting Started Content] INFO  o.e.m.c.i.e.AbstractTransferListenerAdapter - Downloading https://repo.maven.apache.org/maven2/org/springframework/boot/spring-boot-starter-web/4.1.1/spring-boot-starter-web-4.1.1.pom
2026-09-13 16:45:04,651 [Worker-13: Import Getting Started Content] INFO  o.e.m.c.i.e.AbstractTransferListenerAdapter - Downloaded https://repo.maven.apache.org/maven2/org/springframework/boot/spring-boot-starter-web/4.1.1/spring-boot-starter-web-4.1.1.pom
2026-09-13 16:45:04,720 [Worker-13: Import Getting Started Content] INFO  o.e.m.c.i.e.AbstractTransferListenerAdapter - Downloading https://repo.maven.apache.org/maven2/org/springframework/boot/spring-boot-starter-actuator/4.1.1/spring-boot-starter-actuator-4.1.1.pom
2026-09-13 16:45:04,739 [Worker-13: Import Getting Started Content] INFO  o.e.m.c.i.e.AbstractTransferListenerAdapter - Downloaded https://repo.maven.apache.org/maven2/org/springframework/boot/spring-boot-starter-actuator/4.1.1/spring-boot-starter-actuator-4.1.1.pom
2026-09-13 16:45:04,782 [Worker-13: Import Getting Started Content] INFO  o.e.m.c.i.e.AbstractTransferListenerAdapter - Downloading https://repo.maven.apache.org/maven2/org/springframework/boot/spring-boot-starter-micrometer-metrics/4.1.1/spring-boot-starter-micrometer-metrics-4.1.1.pom
2026-09-13 16:45:04,803 [Worker-13: Import Getting Started Content] INFO  o.e.m.c.i.e.AbstractTransferListenerAdapter - Downloaded https://repo.maven.apache.org/maven2/org/springframework/boot/spring-boot-starter-micrometer-metrics/4.1.1/spring-boot-starter-micrometer-metrics-4.1.1.pom
2026-09-13 16:45:04,865 [Worker-13: Import Getting Started Content] INFO  o.e.m.c.i.e.AbstractTransferListenerAdapter - Downloading https://repo.maven.apache.org/maven2/org/springframework/boot/spring-boot-micrometer-metrics/4.1.1/spring-boot-micrometer-metrics-4.1.1.pom
2026-09-13 16:45:05,068 [Worker-13: Import Getting Started Content] INFO  o.e.m.c.i.e.AbstractTransferListenerAdapter - Downloaded https://repo.maven.apache.org/maven2/org/springframework/boot/spring-boot-micrometer-metrics/4.1.1/spring-boot-micrometer-metrics-4.1.1.pom
2026-09-13 16:45:05,111 [Worker-13: Import Getting Started Content] INFO  o.e.m.c.i.e.AbstractTransferListenerAdapter - Downloading https://repo.maven.apache.org/maven2/org/springframework/boot/spring-boot-micrometer-observation/4.1.1/spring-boot-micrometer-observation-4.1.1.pom
2026-09-13 16:45:05,129 [Worker-13: Import Getting Started Content] INFO  o.e.m.c.i.e.AbstractTransferListenerAdapter - Downloaded https://repo.maven.apache.org/maven2/org/springframework/boot/spring-boot-micrometer-observation/4.1.1/spring-boot-micrometer-observation-4.1.1.pom
2026-09-13 16:45:05,193 [Worker-13: Import Getting Started Content] INFO  o.e.m.c.i.e.AbstractTransferListenerAdapter - Downloading https://repo.maven.apache.org/maven2/io/micrometer/micrometer-core/1.17.1/micrometer-core-1.17.1.pom
2026-09-13 16:45:05,216 [Worker-13: Import Getting Started Content] INFO  o.e.m.c.i.e.AbstractTransferListenerAdapter - Downloaded https://repo.maven.apache.org/maven2/io/micrometer/micrometer-core/1.17.1/micrometer-core-1.17.1.pom
2026-09-13 16:45:05,272 [Worker-13: Import Getting Started Content] INFO  o.e.m.c.i.e.AbstractTransferListenerAdapter - Downloading https://repo.maven.apache.org/maven2/org/springframework/boot/spring-boot-actuator-autoconfigure/4.1.1/spring-boot-actuator-autoconfigure-4.1.1.pom
2026-09-13 16:45:05,292 [Worker-13: Import Getting Started Content] INFO  o.e.m.c.i.e.AbstractTransferListenerAdapter - Downloaded https://repo.maven.apache.org/maven2/org/springframework/boot/spring-boot-actuator-autoconfigure/4.1.1/spring-boot-actuator-autoconfigure-4.1.1.pom
2026-09-13 16:45:05,358 [Worker-13: Import Getting Started Content] INFO  o.e.m.c.i.e.AbstractTransferListenerAdapter - Downloading https://repo.maven.apache.org/maven2/org/springframework/boot/spring-boot-actuator/4.1.1/spring-boot-actuator-4.1.1.pom
2026-09-13 16:45:05,380 [Worker-13: Import Getting Started Content] INFO  o.e.m.c.i.e.AbstractTransferListenerAdapter - Downloaded https://repo.maven.apache.org/maven2/org/springframework/boot/spring-boot-actuator/4.1.1/spring-boot-actuator-4.1.1.pom
2026-09-13 16:45:05,425 [Worker-13: Import Getting Started Content] INFO  o.e.m.c.i.e.AbstractTransferListenerAdapter - Downloading https://repo.maven.apache.org/maven2/org/springframework/boot/spring-boot-health/4.1.1/spring-boot-health-4.1.1.pom
2026-09-13 16:45:05,447 [Worker-13: Import Getting Started Content] INFO  o.e.m.c.i.e.AbstractTransferListenerAdapter - Downloaded https://repo.maven.apache.org/maven2/org/springframework/boot/spring-boot-health/4.1.1/spring-boot-health-4.1.1.pom
2026-09-13 16:45:05,496 [Worker-13: Import Getting Started Content] INFO  o.e.m.c.i.e.AbstractTransferListenerAdapter - Downloading https://repo.maven.apache.org/maven2/io/micrometer/micrometer-jakarta9/1.17.1/micrometer-jakarta9-1.17.1.pom
2026-09-13 16:45:05,523 [Worker-13: Import Getting Started Content] INFO  o.e.m.c.i.e.AbstractTransferListenerAdapter - Downloaded https://repo.maven.apache.org/maven2/io/micrometer/micrometer-jakarta9/1.17.1/micrometer-jakarta9-1.17.1.pom
2026-09-13 16:45:05,567 [Worker-13: Import Getting Started Content] INFO  o.e.m.c.i.e.AbstractTransferListenerAdapter - Downloading https://repo.maven.apache.org/maven2/org/springframework/boot/spring-boot-starter-freemarker/4.1.1/spring-boot-starter-freemarker-4.1.1.pom
2026-09-13 16:45:05,583 [Worker-13: Import Getting Started Content] INFO  o.e.m.c.i.e.AbstractTransferListenerAdapter - Downloaded https://repo.maven.apache.org/maven2/org/springframework/boot/spring-boot-starter-freemarker/4.1.1/spring-boot-starter-freemarker-4.1.1.pom
2026-09-13 16:45:05,626 [Worker-13: Import Getting Started Content] INFO  o.e.m.c.i.e.AbstractTransferListenerAdapter - Downloading https://repo.maven.apache.org/maven2/org/springframework/boot/spring-boot-freemarker/4.1.1/spring-boot-freemarker-4.1.1.pom
2026-09-13 16:45:05,647 [Worker-13: Import Getting Started Content] INFO  o.e.m.c.i.e.AbstractTransferListenerAdapter - Downloaded https://repo.maven.apache.org/maven2/org/springframework/boot/spring-boot-freemarker/4.1.1/spring-boot-freemarker-4.1.1.pom
2026-09-13 16:45:05,718 [Worker-13: Import Getting Started Content] INFO  o.e.m.c.i.e.AbstractTransferListenerAdapter - Downloading https://repo.maven.apache.org/maven2/com/netflix/eureka/eureka-client-jersey3/2.0.6/eureka-client-jersey3-2.0.6.pom
2026-09-13 16:45:05,738 [Worker-13: Import Getting Started Content] INFO  o.e.m.c.i.e.AbstractTransferListenerAdapter - Downloaded https://repo.maven.apache.org/maven2/com/netflix/eureka/eureka-client-jersey3/2.0.6/eureka-client-jersey3-2.0.6.pom
2026-09-13 16:45:05,785 [Worker-13: Import Getting Started Content] INFO  o.e.m.c.i.e.AbstractTransferListenerAdapter - Downloading https://repo.maven.apache.org/maven2/org/glassfish/jersey/core/jersey-client/4.0.2/jersey-client-4.0.2.pom
2026-09-13 16:45:05,807 [Worker-13: Import Getting Started Content] INFO  o.e.m.c.i.e.AbstractTransferListenerAdapter - Downloaded https://repo.maven.apache.org/maven2/org/glassfish/jersey/core/jersey-client/4.0.2/jersey-client-4.0.2.pom
2026-09-13 16:45:05,875 [Worker-13: Import Getting Started Content] INFO  o.e.m.c.i.e.AbstractTransferListenerAdapter - Downloading https://repo.maven.apache.org/maven2/org/glassfish/jersey/project/4.0.2/project-4.0.2.pom
2026-09-13 16:45:05,900 [Worker-13: Import Getting Started Content] INFO  o.e.m.c.i.e.AbstractTransferListenerAdapter - Downloaded https://repo.maven.apache.org/maven2/org/glassfish/jersey/project/4.0.2/project-4.0.2.pom
2026-09-13 16:45:05,950 [Worker-13: Import Getting Started Content] INFO  o.e.m.c.i.e.AbstractTransferListenerAdapter - Downloading https://repo.maven.apache.org/maven2/org/glassfish/jersey/core/jersey-common/4.0.2/jersey-common-4.0.2.pom
2026-09-13 16:45:05,974 [Worker-13: Import Getting Started Content] INFO  o.e.m.c.i.e.AbstractTransferListenerAdapter - Downloaded https://repo.maven.apache.org/maven2/org/glassfish/jersey/core/jersey-common/4.0.2/jersey-common-4.0.2.pom
2026-09-13 16:45:06,045 [Worker-13: Import Getting Started Content] INFO  o.e.m.c.i.e.AbstractTransferListenerAdapter - Downloading https://repo.maven.apache.org/maven2/org/glassfish/hk2/osgi-resource-locator/3.0.0/osgi-resource-locator-3.0.0.pom
2026-09-13 16:45:06,063 [Worker-13: Import Getting Started Content] INFO  o.e.m.c.i.e.AbstractTransferListenerAdapter - Downloaded https://repo.maven.apache.org/maven2/org/glassfish/hk2/osgi-resource-locator/3.0.0/osgi-resource-locator-3.0.0.pom
2026-09-13 16:45:06,107 [Worker-13: Import Getting Started Content] INFO  o.e.m.c.i.e.AbstractTransferListenerAdapter - Downloading https://repo.maven.apache.org/maven2/org/glassfish/hk2/hk2-extra-parent/3.0.0/hk2-extra-parent-3.0.0.pom
2026-09-13 16:45:06,126 [Worker-13: Import Getting Started Content] INFO  o.e.m.c.i.e.AbstractTransferListenerAdapter - Downloaded https://repo.maven.apache.org/maven2/org/glassfish/hk2/hk2-extra-parent/3.0.0/hk2-extra-parent-3.0.0.pom
2026-09-13 16:45:06,201 [Worker-13: Import Getting Started Content] INFO  o.e.m.c.i.e.AbstractTransferListenerAdapter - Downloading https://repo.maven.apache.org/maven2/org/glassfish/jersey/inject/jersey-hk2/4.0.2/jersey-hk2-4.0.2.pom
2026-09-13 16:45:06,223 [Worker-13: Import Getting Started Content] INFO  o.e.m.c.i.e.AbstractTransferListenerAdapter - Downloaded https://repo.maven.apache.org/maven2/org/glassfish/jersey/inject/jersey-hk2/4.0.2/jersey-hk2-4.0.2.pom
2026-09-13 16:45:06,289 [Worker-13: Import Getting Started Content] INFO  o.e.m.c.i.e.AbstractTransferListenerAdapter - Downloading https://repo.maven.apache.org/maven2/org/glassfish/jersey/inject/project/4.0.2/project-4.0.2.pom
2026-09-13 16:45:06,314 [Worker-13: Import Getting Started Content] INFO  o.e.m.c.i.e.AbstractTransferListenerAdapter - Downloaded https://repo.maven.apache.org/maven2/org/glassfish/jersey/inject/project/4.0.2/project-4.0.2.pom
2026-09-13 16:45:06,395 [Worker-13: Import Getting Started Content] INFO  o.e.m.c.i.e.AbstractTransferListenerAdapter - Downloading https://repo.maven.apache.org/maven2/org/glassfish/hk2/hk2-locator/4.0.0-M3/hk2-locator-4.0.0-M3.pom
2026-09-13 16:45:06,416 [Worker-13: Import Getting Started Content] INFO  o.e.m.c.i.e.AbstractTransferListenerAdapter - Downloaded https://repo.maven.apache.org/maven2/org/glassfish/hk2/hk2-locator/4.0.0-M3/hk2-locator-4.0.0-M3.pom
2026-09-13 16:45:06,474 [Worker-13: Import Getting Started Content] INFO  o.e.m.c.i.e.AbstractTransferListenerAdapter - Downloading https://repo.maven.apache.org/maven2/org/glassfish/hk2/hk2-parent/4.0.0-M3/hk2-parent-4.0.0-M3.pom
2026-09-13 16:45:06,502 [Worker-13: Import Getting Started Content] INFO  o.e.m.c.i.e.AbstractTransferListenerAdapter - Downloaded https://repo.maven.apache.org/maven2/org/glassfish/hk2/hk2-parent/4.0.0-M3/hk2-parent-4.0.0-M3.pom
2026-09-13 16:45:06,571 [Worker-13: Import Getting Started Content] INFO  o.e.m.c.i.e.AbstractTransferListenerAdapter - Downloading https://repo.maven.apache.org/maven2/org/glassfish/hk2/external/aopalliance-repackaged/4.0.0-M3/aopalliance-repackaged-4.0.0-M3.pom
2026-09-13 16:45:06,591 [Worker-13: Import Getting Started Content] INFO  o.e.m.c.i.e.AbstractTransferListenerAdapter - Downloaded https://repo.maven.apache.org/maven2/org/glassfish/hk2/external/aopalliance-repackaged/4.0.0-M3/aopalliance-repackaged-4.0.0-M3.pom
2026-09-13 16:45:06,629 [Worker-13: Import Getting Started Content] INFO  o.e.m.c.i.e.AbstractTransferListenerAdapter - Downloading https://repo.maven.apache.org/maven2/org/glassfish/hk2/external/4.0.0-M3/external-4.0.0-M3.pom
2026-09-13 16:45:06,645 [Worker-13: Import Getting Started Content] INFO  o.e.m.c.i.e.AbstractTransferListenerAdapter - Downloaded https://repo.maven.apache.org/maven2/org/glassfish/hk2/external/4.0.0-M3/external-4.0.0-M3.pom
2026-09-13 16:45:06,708 [Worker-13: Import Getting Started Content] INFO  o.e.m.c.i.e.AbstractTransferListenerAdapter - Downloading https://repo.maven.apache.org/maven2/org/glassfish/hk2/hk2-api/4.0.0-M3/hk2-api-4.0.0-M3.pom
2026-09-13 16:45:06,725 [Worker-13: Import Getting Started Content] INFO  o.e.m.c.i.e.AbstractTransferListenerAdapter - Downloaded https://repo.maven.apache.org/maven2/org/glassfish/hk2/hk2-api/4.0.0-M3/hk2-api-4.0.0-M3.pom
2026-09-13 16:45:06,767 [Worker-13: Import Getting Started Content] INFO  o.e.m.c.i.e.AbstractTransferListenerAdapter - Downloading https://repo.maven.apache.org/maven2/org/glassfish/hk2/hk2-utils/4.0.0-M3/hk2-utils-4.0.0-M3.pom
2026-09-13 16:45:06,784 [Worker-13: Import Getting Started Content] INFO  o.e.m.c.i.e.AbstractTransferListenerAdapter - Downloaded https://repo.maven.apache.org/maven2/org/glassfish/hk2/hk2-utils/4.0.0-M3/hk2-utils-4.0.0-M3.pom
2026-09-13 16:45:06,837 [Worker-13: Import Getting Started Content] INFO  o.e.m.c.i.e.AbstractTransferListenerAdapter - Downloading https://repo.maven.apache.org/maven2/jakarta/xml/bind/jakarta.xml.bind-api/4.0.5/jakarta.xml.bind-api-4.0.5.pom
2026-09-13 16:45:06,856 [Worker-13: Import Getting Started Content] INFO  o.e.m.c.i.e.AbstractTransferListenerAdapter - Downloaded https://repo.maven.apache.org/maven2/jakarta/xml/bind/jakarta.xml.bind-api/4.0.5/jakarta.xml.bind-api-4.0.5.pom
2026-09-13 16:45:06,920 [Worker-13: Import Getting Started Content] INFO  o.e.m.c.i.e.AbstractTransferListenerAdapter - Downloading https://repo.maven.apache.org/maven2/jakarta/xml/bind/jakarta.xml.bind-api-parent/4.0.5/jakarta.xml.bind-api-parent-4.0.5.pom
2026-09-13 16:45:06,939 [Worker-13: Import Getting Started Content] INFO  o.e.m.c.i.e.AbstractTransferListenerAdapter - Downloaded https://repo.maven.apache.org/maven2/jakarta/xml/bind/jakarta.xml.bind-api-parent/4.0.5/jakarta.xml.bind-api-parent-4.0.5.pom
2026-09-13 16:45:06,987 [Worker-13: Import Getting Started Content] INFO  o.e.m.c.i.e.AbstractTransferListenerAdapter - Downloading https://repo.maven.apache.org/maven2/org/glassfish/jersey/connectors/jersey-apache-connector/3.0.5/jersey-apache-connector-3.0.5.pom
2026-09-13 16:45:07,004 [Worker-13: Import Getting Started Content] INFO  o.e.m.c.i.e.AbstractTransferListenerAdapter - Downloaded https://repo.maven.apache.org/maven2/org/glassfish/jersey/connectors/jersey-apache-connector/3.0.5/jersey-apache-connector-3.0.5.pom
2026-09-13 16:45:07,045 [Worker-13: Import Getting Started Content] INFO  o.e.m.c.i.e.AbstractTransferListenerAdapter - Downloading https://repo.maven.apache.org/maven2/org/glassfish/jersey/connectors/project/3.0.5/project-3.0.5.pom
2026-09-13 16:45:07,064 [Worker-13: Import Getting Started Content] INFO  o.e.m.c.i.e.AbstractTransferListenerAdapter - Downloaded https://repo.maven.apache.org/maven2/org/glassfish/jersey/connectors/project/3.0.5/project-3.0.5.pom
2026-09-13 16:45:07,129 [Worker-13: Import Getting Started Content] INFO  o.e.m.c.i.e.AbstractTransferListenerAdapter - Downloading https://repo.maven.apache.org/maven2/org/glassfish/jersey/project/3.0.5/project-3.0.5.pom
2026-09-13 16:45:07,155 [Worker-13: Import Getting Started Content] INFO  o.e.m.c.i.e.AbstractTransferListenerAdapter - Downloaded https://repo.maven.apache.org/maven2/org/glassfish/jersey/project/3.0.5/project-3.0.5.pom
2026-09-13 16:45:07,219 [Worker-13: Import Getting Started Content] INFO  o.e.m.c.i.e.AbstractTransferListenerAdapter - Downloading https://repo.maven.apache.org/maven2/com/netflix/eureka/eureka-core-jersey3/2.0.6/eureka-core-jersey3-2.0.6.pom
2026-09-13 16:45:07,237 [Worker-13: Import Getting Started Content] INFO  o.e.m.c.i.e.AbstractTransferListenerAdapter - Downloaded https://repo.maven.apache.org/maven2/com/netflix/eureka/eureka-core-jersey3/2.0.6/eureka-core-jersey3-2.0.6.pom
2026-09-13 16:45:07,278 [Worker-13: Import Getting Started Content] INFO  o.e.m.c.i.e.AbstractTransferListenerAdapter - Downloading https://repo.maven.apache.org/maven2/com/netflix/eureka/eureka-core/2.0.6/eureka-core-2.0.6.pom
2026-09-13 16:45:07,298 [Worker-13: Import Getting Started Content] INFO  o.e.m.c.i.e.AbstractTransferListenerAdapter - Downloaded https://repo.maven.apache.org/maven2/com/netflix/eureka/eureka-core/2.0.6/eureka-core-2.0.6.pom
2026-09-13 16:45:07,478 [Worker-13: Import Getting Started Content] INFO  o.e.m.c.i.e.AbstractTransferListenerAdapter - Downloading https://repo.maven.apache.org/maven2/org/glassfish/jersey/containers/jersey-container-servlet/4.0.2/jersey-container-servlet-4.0.2.pom
2026-09-13 16:45:07,492 [Worker-13: Import Getting Started Content] INFO  o.e.m.c.i.e.AbstractTransferListenerAdapter - Downloaded https://repo.maven.apache.org/maven2/org/glassfish/jersey/containers/jersey-container-servlet/4.0.2/jersey-container-servlet-4.0.2.pom
2026-09-13 16:45:07,535 [Worker-13: Import Getting Started Content] INFO  o.e.m.c.i.e.AbstractTransferListenerAdapter - Downloading https://repo.maven.apache.org/maven2/org/glassfish/jersey/containers/project/4.0.2/project-4.0.2.pom
2026-09-13 16:45:07,555 [Worker-13: Import Getting Started Content] INFO  o.e.m.c.i.e.AbstractTransferListenerAdapter - Downloaded https://repo.maven.apache.org/maven2/org/glassfish/jersey/containers/project/4.0.2/project-4.0.2.pom
2026-09-13 16:45:07,620 [Worker-13: Import Getting Started Content] INFO  o.e.m.c.i.e.AbstractTransferListenerAdapter - Downloading https://repo.maven.apache.org/maven2/org/glassfish/jersey/core/jersey-server/4.0.2/jersey-server-4.0.2.pom
2026-09-13 16:45:07,642 [Worker-13: Import Getting Started Content] INFO  o.e.m.c.i.e.AbstractTransferListenerAdapter - Downloaded https://repo.maven.apache.org/maven2/org/glassfish/jersey/core/jersey-server/4.0.2/jersey-server-4.0.2.pom
2026-09-13 16:45:07,689 [Worker-13: Import Getting Started Content] INFO  o.e.m.c.i.e.AbstractTransferListenerAdapter - Downloading https://repo.maven.apache.org/maven2/jakarta/validation/jakarta.validation-api/3.1.1/jakarta.validation-api-3.1.1.pom
2026-09-13 16:45:07,709 [Worker-13: Import Getting Started Content] INFO  o.e.m.c.i.e.AbstractTransferListenerAdapter - Downloaded https://repo.maven.apache.org/maven2/jakarta/validation/jakarta.validation-api/3.1.1/jakarta.validation-api-3.1.1.pom
2026-09-13 16:45:07,798 [Worker-13: Import Getting Started Content] INFO  o.e.m.c.i.e.AbstractTransferListenerAdapter - Downloading https://repo.maven.apache.org/maven2/com/fasterxml/jackson/dataformat/jackson-dataformat-xml/2.21.5/jackson-dataformat-xml-2.21.5.pom
2026-09-13 16:45:07,816 [Worker-13: Import Getting Started Content] INFO  o.e.m.c.i.e.AbstractTransferListenerAdapter - Downloaded https://repo.maven.apache.org/maven2/com/fasterxml/jackson/dataformat/jackson-dataformat-xml/2.21.5/jackson-dataformat-xml-2.21.5.pom
2026-09-13 16:45:07,894 [Worker-13: Import Getting Started Content] INFO  o.e.m.c.i.e.AbstractTransferListenerAdapter - Downloading https://repo.maven.apache.org/maven2/org/glassfish/jaxb/jaxb-runtime/4.0.9/jaxb-runtime-4.0.9.pom
2026-09-13 16:45:07,913 [Worker-13: Import Getting Started Content] INFO  o.e.m.c.i.e.AbstractTransferListenerAdapter - Downloaded https://repo.maven.apache.org/maven2/org/glassfish/jaxb/jaxb-runtime/4.0.9/jaxb-runtime-4.0.9.pom
2026-09-13 16:45:07,976 [Worker-13: Import Getting Started Content] INFO  o.e.m.c.i.e.AbstractTransferListenerAdapter - Downloading https://repo.maven.apache.org/maven2/org/glassfish/jaxb/jaxb-runtime-parent/4.0.9/jaxb-runtime-parent-4.0.9.pom
2026-09-13 16:45:08,290 [Worker-13: Import Getting Started Content] INFO  o.e.m.c.i.e.AbstractTransferListenerAdapter - Downloaded https://repo.maven.apache.org/maven2/org/glassfish/jaxb/jaxb-runtime-parent/4.0.9/jaxb-runtime-parent-4.0.9.pom
2026-09-13 16:45:08,354 [Worker-13: Import Getting Started Content] INFO  o.e.m.c.i.e.AbstractTransferListenerAdapter - Downloading https://repo.maven.apache.org/maven2/org/glassfish/jaxb/jaxb-parent/4.0.9/jaxb-parent-4.0.9.pom
2026-09-13 16:45:08,373 [Worker-13: Import Getting Started Content] INFO  o.e.m.c.i.e.AbstractTransferListenerAdapter - Downloaded https://repo.maven.apache.org/maven2/org/glassfish/jaxb/jaxb-parent/4.0.9/jaxb-parent-4.0.9.pom
2026-09-13 16:45:08,436 [Worker-13: Import Getting Started Content] INFO  o.e.m.c.i.e.AbstractTransferListenerAdapter - Downloading https://repo.maven.apache.org/maven2/org/glassfish/jaxb/jaxb-bom-ext/4.0.9/jaxb-bom-ext-4.0.9.pom
2026-09-13 16:45:08,451 [Worker-13: Import Getting Started Content] INFO  o.e.m.c.i.e.AbstractTransferListenerAdapter - Downloaded https://repo.maven.apache.org/maven2/org/glassfish/jaxb/jaxb-bom-ext/4.0.9/jaxb-bom-ext-4.0.9.pom
2026-09-13 16:45:08,491 [Worker-13: Import Getting Started Content] INFO  o.e.m.c.i.e.AbstractTransferListenerAdapter - Downloading https://repo.maven.apache.org/maven2/org/glassfish/jaxb/jaxb-bom/4.0.9/jaxb-bom-4.0.9.pom
2026-09-13 16:45:08,506 [Worker-13: Import Getting Started Content] INFO  o.e.m.c.i.e.AbstractTransferListenerAdapter - Downloaded https://repo.maven.apache.org/maven2/org/glassfish/jaxb/jaxb-bom/4.0.9/jaxb-bom-4.0.9.pom
2026-09-13 16:45:08,565 [Worker-13: Import Getting Started Content] INFO  o.e.m.c.i.e.AbstractTransferListenerAdapter - Downloading https://repo.maven.apache.org/maven2/org/eclipse/ee4j/project/2.0.4/project-2.0.4.pom
2026-09-13 16:45:08,583 [Worker-13: Import Getting Started Content] INFO  o.e.m.c.i.e.AbstractTransferListenerAdapter - Downloaded https://repo.maven.apache.org/maven2/org/eclipse/ee4j/project/2.0.4/project-2.0.4.pom
2026-09-13 16:45:08,624 [Worker-13: Import Getting Started Content] INFO  o.e.m.c.i.e.AbstractTransferListenerAdapter - Downloading https://repo.maven.apache.org/maven2/org/glassfish/jaxb/jaxb-core/4.0.9/jaxb-core-4.0.9.pom
2026-09-13 16:45:08,641 [Worker-13: Import Getting Started Content] INFO  o.e.m.c.i.e.AbstractTransferListenerAdapter - Downloaded https://repo.maven.apache.org/maven2/org/glassfish/jaxb/jaxb-core/4.0.9/jaxb-core-4.0.9.pom
2026-09-13 16:45:08,691 [Worker-13: Import Getting Started Content] INFO  o.e.m.c.i.e.AbstractTransferListenerAdapter - Downloading https://repo.maven.apache.org/maven2/org/glassfish/jaxb/txw2/4.0.9/txw2-4.0.9.pom
2026-09-13 16:45:08,704 [Worker-13: Import Getting Started Content] INFO  o.e.m.c.i.e.AbstractTransferListenerAdapter - Downloaded https://repo.maven.apache.org/maven2/org/glassfish/jaxb/txw2/4.0.9/txw2-4.0.9.pom
2026-09-13 16:45:08,762 [Worker-13: Import Getting Started Content] INFO  o.e.m.c.i.e.AbstractTransferListenerAdapter - Downloading https://repo.maven.apache.org/maven2/org/glassfish/jaxb/jaxb-txw-parent/4.0.9/jaxb-txw-parent-4.0.9.pom
2026-09-13 16:45:08,777 [Worker-13: Import Getting Started Content] INFO  o.e.m.c.i.e.AbstractTransferListenerAdapter - Downloaded https://repo.maven.apache.org/maven2/org/glassfish/jaxb/jaxb-txw-parent/4.0.9/jaxb-txw-parent-4.0.9.pom
2026-09-13 16:45:08,825 [Worker-13: Import Getting Started Content] INFO  o.e.m.c.i.e.AbstractTransferListenerAdapter - Downloading https://repo.maven.apache.org/maven2/org/springframework/boot/spring-boot-starter-webmvc-test/4.1.1/spring-boot-starter-webmvc-test-4.1.1.pom
2026-09-13 16:45:08,839 [Worker-13: Import Getting Started Content] INFO  o.e.m.c.i.e.AbstractTransferListenerAdapter - Downloaded https://repo.maven.apache.org/maven2/org/springframework/boot/spring-boot-starter-webmvc-test/4.1.1/spring-boot-starter-webmvc-test-4.1.1.pom
2026-09-13 16:45:08,897 [Worker-13: Import Getting Started Content] INFO  o.e.m.c.i.e.AbstractTransferListenerAdapter - Downloading https://repo.maven.apache.org/maven2/org/springframework/boot/spring-boot-starter-jackson-test/4.1.1/spring-boot-starter-jackson-test-4.1.1.pom
2026-09-13 16:45:08,913 [Worker-13: Import Getting Started Content] INFO  o.e.m.c.i.e.AbstractTransferListenerAdapter - Downloaded https://repo.maven.apache.org/maven2/org/springframework/boot/spring-boot-starter-jackson-test/4.1.1/spring-boot-starter-jackson-test-4.1.1.pom
2026-09-13 16:45:08,967 [Worker-13: Import Getting Started Content] INFO  o.e.m.c.i.e.AbstractTransferListenerAdapter - Downloading https://repo.maven.apache.org/maven2/org/springframework/boot/spring-boot-starter-test/4.1.1/spring-boot-starter-test-4.1.1.pom
2026-09-13 16:45:08,981 [Worker-13: Import Getting Started Content] INFO  o.e.m.c.i.e.AbstractTransferListenerAdapter - Downloaded https://repo.maven.apache.org/maven2/org/springframework/boot/spring-boot-starter-test/4.1.1/spring-boot-starter-test-4.1.1.pom
2026-09-13 16:45:09,038 [Worker-13: Import Getting Started Content] INFO  o.e.m.c.i.e.AbstractTransferListenerAdapter - Downloading https://repo.maven.apache.org/maven2/org/springframework/boot/spring-boot-test/4.1.1/spring-boot-test-4.1.1.pom
2026-09-13 16:45:09,052 [Worker-13: Import Getting Started Content] INFO  o.e.m.c.i.e.AbstractTransferListenerAdapter - Downloaded https://repo.maven.apache.org/maven2/org/springframework/boot/spring-boot-test/4.1.1/spring-boot-test-4.1.1.pom
2026-09-13 16:45:09,090 [Worker-13: Import Getting Started Content] INFO  o.e.m.c.i.e.AbstractTransferListenerAdapter - Downloading https://repo.maven.apache.org/maven2/org/springframework/spring-test/7.0.9/spring-test-7.0.9.pom
2026-09-13 16:45:09,106 [Worker-13: Import Getting Started Content] INFO  o.e.m.c.i.e.AbstractTransferListenerAdapter - Downloaded https://repo.maven.apache.org/maven2/org/springframework/spring-test/7.0.9/spring-test-7.0.9.pom
2026-09-13 16:45:09,144 [Worker-13: Import Getting Started Content] INFO  o.e.m.c.i.e.AbstractTransferListenerAdapter - Downloading https://repo.maven.apache.org/maven2/org/springframework/boot/spring-boot-test-autoconfigure/4.1.1/spring-boot-test-autoconfigure-4.1.1.pom
2026-09-13 16:45:09,156 [Worker-13: Import Getting Started Content] INFO  o.e.m.c.i.e.AbstractTransferListenerAdapter - Downloaded https://repo.maven.apache.org/maven2/org/springframework/boot/spring-boot-test-autoconfigure/4.1.1/spring-boot-test-autoconfigure-4.1.1.pom
2026-09-13 16:45:09,213 [Worker-13: Import Getting Started Content] INFO  o.e.m.c.i.e.AbstractTransferListenerAdapter - Downloading https://repo.maven.apache.org/maven2/com/jayway/jsonpath/json-path/2.10.0/json-path-2.10.0.pom
2026-09-13 16:45:09,223 [Worker-13: Import Getting Started Content] INFO  o.e.m.c.i.e.AbstractTransferListenerAdapter - Downloaded https://repo.maven.apache.org/maven2/com/jayway/jsonpath/json-path/2.10.0/json-path-2.10.0.pom
2026-09-13 16:45:09,280 [Worker-13: Import Getting Started Content] INFO  o.e.m.c.i.e.AbstractTransferListenerAdapter - Downloading https://repo.maven.apache.org/maven2/org/assertj/assertj-core/3.27.7/assertj-core-3.27.7.pom
2026-09-13 16:45:09,295 [Worker-13: Import Getting Started Content] INFO  o.e.m.c.i.e.AbstractTransferListenerAdapter - Downloaded https://repo.maven.apache.org/maven2/org/assertj/assertj-core/3.27.7/assertj-core-3.27.7.pom
2026-09-13 16:45:09,335 [Worker-13: Import Getting Started Content] INFO  o.e.m.c.i.e.AbstractTransferListenerAdapter - Downloading https://repo.maven.apache.org/maven2/net/bytebuddy/byte-buddy/1.18.11/byte-buddy-1.18.11.pom
2026-09-13 16:45:09,365 [Worker-13: Import Getting Started Content] INFO  o.e.m.c.i.e.AbstractTransferListenerAdapter - Downloaded https://repo.maven.apache.org/maven2/net/bytebuddy/byte-buddy/1.18.11/byte-buddy-1.18.11.pom
2026-09-13 16:45:09,414 [Worker-13: Import Getting Started Content] INFO  o.e.m.c.i.e.AbstractTransferListenerAdapter - Downloading https://repo.maven.apache.org/maven2/net/bytebuddy/byte-buddy-parent/1.18.11/byte-buddy-parent-1.18.11.pom
2026-09-13 16:45:09,437 [Worker-13: Import Getting Started Content] INFO  o.e.m.c.i.e.AbstractTransferListenerAdapter - Downloaded https://repo.maven.apache.org/maven2/net/bytebuddy/byte-buddy-parent/1.18.11/byte-buddy-parent-1.18.11.pom
2026-09-13 16:45:09,514 [Worker-13: Import Getting Started Content] INFO  o.e.m.c.i.e.AbstractTransferListenerAdapter - Downloading https://repo.maven.apache.org/maven2/org/junit/jupiter/junit-jupiter/6.0.3/junit-jupiter-6.0.3.pom
2026-09-13 16:45:09,528 [Worker-13: Import Getting Started Content] INFO  o.e.m.c.i.e.AbstractTransferListenerAdapter - Downloaded https://repo.maven.apache.org/maven2/org/junit/jupiter/junit-jupiter/6.0.3/junit-jupiter-6.0.3.pom
2026-09-13 16:45:09,571 [Worker-13: Import Getting Started Content] INFO  o.e.m.c.i.e.AbstractTransferListenerAdapter - Downloading https://repo.maven.apache.org/maven2/org/junit/jupiter/junit-jupiter-api/6.0.3/junit-jupiter-api-6.0.3.pom
2026-09-13 16:45:09,601 [Worker-13: Import Getting Started Content] INFO  o.e.m.c.i.e.AbstractTransferListenerAdapter - Downloaded https://repo.maven.apache.org/maven2/org/junit/jupiter/junit-jupiter-api/6.0.3/junit-jupiter-api-6.0.3.pom
2026-09-13 16:45:09,647 [Worker-13: Import Getting Started Content] INFO  o.e.m.c.i.e.AbstractTransferListenerAdapter - Downloading https://repo.maven.apache.org/maven2/org/junit/platform/junit-platform-commons/6.0.3/junit-platform-commons-6.0.3.pom
2026-09-13 16:45:09,663 [Worker-13: Import Getting Started Content] INFO  o.e.m.c.i.e.AbstractTransferListenerAdapter - Downloaded https://repo.maven.apache.org/maven2/org/junit/platform/junit-platform-commons/6.0.3/junit-platform-commons-6.0.3.pom
2026-09-13 16:45:09,730 [Worker-13: Import Getting Started Content] INFO  o.e.m.c.i.e.AbstractTransferListenerAdapter - Downloading https://repo.maven.apache.org/maven2/org/junit/jupiter/junit-jupiter-params/6.0.3/junit-jupiter-params-6.0.3.pom
2026-09-13 16:45:09,741 [Worker-13: Import Getting Started Content] INFO  o.e.m.c.i.e.AbstractTransferListenerAdapter - Downloaded https://repo.maven.apache.org/maven2/org/junit/jupiter/junit-jupiter-params/6.0.3/junit-jupiter-params-6.0.3.pom
2026-09-13 16:45:09,779 [Worker-13: Import Getting Started Content] INFO  o.e.m.c.i.e.AbstractTransferListenerAdapter - Downloading https://repo.maven.apache.org/maven2/org/junit/jupiter/junit-jupiter-engine/6.0.3/junit-jupiter-engine-6.0.3.pom
2026-09-13 16:45:09,793 [Worker-13: Import Getting Started Content] INFO  o.e.m.c.i.e.AbstractTransferListenerAdapter - Downloaded https://repo.maven.apache.org/maven2/org/junit/jupiter/junit-jupiter-engine/6.0.3/junit-jupiter-engine-6.0.3.pom
2026-09-13 16:45:09,854 [Worker-13: Import Getting Started Content] INFO  o.e.m.c.i.e.AbstractTransferListenerAdapter - Downloading https://repo.maven.apache.org/maven2/org/junit/platform/junit-platform-engine/6.0.3/junit-platform-engine-6.0.3.pom
2026-09-13 16:45:09,869 [Worker-13: Import Getting Started Content] INFO  o.e.m.c.i.e.AbstractTransferListenerAdapter - Downloaded https://repo.maven.apache.org/maven2/org/junit/platform/junit-platform-engine/6.0.3/junit-platform-engine-6.0.3.pom
2026-09-13 16:45:09,912 [Worker-13: Import Getting Started Content] INFO  o.e.m.c.i.e.AbstractTransferListenerAdapter - Downloading https://repo.maven.apache.org/maven2/org/mockito/mockito-core/5.23.0/mockito-core-5.23.0.pom
2026-09-13 16:45:09,925 [Worker-13: Import Getting Started Content] INFO  o.e.m.c.i.e.AbstractTransferListenerAdapter - Downloaded https://repo.maven.apache.org/maven2/org/mockito/mockito-core/5.23.0/mockito-core-5.23.0.pom
2026-09-13 16:45:09,963 [Worker-13: Import Getting Started Content] INFO  o.e.m.c.i.e.AbstractTransferListenerAdapter - Downloading https://repo.maven.apache.org/maven2/net/bytebuddy/byte-buddy-agent/1.18.11/byte-buddy-agent-1.18.11.pom
2026-09-13 16:45:09,979 [Worker-13: Import Getting Started Content] INFO  o.e.m.c.i.e.AbstractTransferListenerAdapter - Downloaded https://repo.maven.apache.org/maven2/net/bytebuddy/byte-buddy-agent/1.18.11/byte-buddy-agent-1.18.11.pom
2026-09-13 16:45:10,254 [Worker-13: Import Getting Started Content] INFO  o.e.m.c.i.e.AbstractTransferListenerAdapter - Downloading https://repo.maven.apache.org/maven2/org/mockito/mockito-junit-jupiter/5.23.0/mockito-junit-jupiter-5.23.0.pom
2026-09-13 16:45:10,268 [Worker-13: Import Getting Started Content] INFO  o.e.m.c.i.e.AbstractTransferListenerAdapter - Downloaded https://repo.maven.apache.org/maven2/org/mockito/mockito-junit-jupiter/5.23.0/mockito-junit-jupiter-5.23.0.pom
2026-09-13 16:45:10,319 [Worker-13: Import Getting Started Content] INFO  o.e.m.c.i.e.AbstractTransferListenerAdapter - Downloading https://repo.maven.apache.org/maven2/org/xmlunit/xmlunit-core/2.11.0/xmlunit-core-2.11.0.pom
2026-09-13 16:45:10,334 [Worker-13: Import Getting Started Content] INFO  o.e.m.c.i.e.AbstractTransferListenerAdapter - Downloaded https://repo.maven.apache.org/maven2/org/xmlunit/xmlunit-core/2.11.0/xmlunit-core-2.11.0.pom
2026-09-13 16:45:10,394 [Worker-13: Import Getting Started Content] INFO  o.e.m.c.i.e.AbstractTransferListenerAdapter - Downloading https://repo.maven.apache.org/maven2/org/xmlunit/xmlunit-parent/2.11.0/xmlunit-parent-2.11.0.pom
2026-09-13 16:45:10,414 [Worker-13: Import Getting Started Content] INFO  o.e.m.c.i.e.AbstractTransferListenerAdapter - Downloaded https://repo.maven.apache.org/maven2/org/xmlunit/xmlunit-parent/2.11.0/xmlunit-parent-2.11.0.pom
2026-09-13 16:45:10,450 [Worker-13: Import Getting Started Content] INFO  o.e.m.c.i.e.AbstractTransferListenerAdapter - Downloading https://repo.maven.apache.org/maven2/org/springframework/boot/spring-boot-webmvc-test/4.1.1/spring-boot-webmvc-test-4.1.1.pom
2026-09-13 16:45:10,464 [Worker-13: Import Getting Started Content] INFO  o.e.m.c.i.e.AbstractTransferListenerAdapter - Downloaded https://repo.maven.apache.org/maven2/org/springframework/boot/spring-boot-webmvc-test/4.1.1/spring-boot-webmvc-test-4.1.1.pom
2026-09-13 16:45:10,503 [Worker-13: Import Getting Started Content] INFO  o.e.m.c.i.e.AbstractTransferListenerAdapter - Downloading https://repo.maven.apache.org/maven2/org/springframework/boot/spring-boot-resttestclient/4.1.1/spring-boot-resttestclient-4.1.1.pom
2026-09-13 16:45:10,517 [Worker-13: Import Getting Started Content] INFO  o.e.m.c.i.e.AbstractTransferListenerAdapter - Downloaded https://repo.maven.apache.org/maven2/org/springframework/boot/spring-boot-resttestclient/4.1.1/spring-boot-resttestclient-4.1.1.pom
2026-09-13 16:45:10,849 [Worker-13: Import Getting Started Content] INFO  o.e.m.c.i.e.AbstractTransferListenerAdapter - Downloading https://repo.maven.apache.org/maven2/org/springframework/boot/spring-boot-starter-webmvc/4.1.1/spring-boot-starter-webmvc-4.1.1.jar
2026-09-13 16:45:10,864 [Worker-13: Import Getting Started Content] INFO  o.e.m.c.i.e.AbstractTransferListenerAdapter - Downloaded https://repo.maven.apache.org/maven2/org/springframework/boot/spring-boot-starter-webmvc/4.1.1/spring-boot-starter-webmvc-4.1.1.jar
2026-09-13 16:45:10,914 [BasicRepositoryConnector-repo.maven.apache.org-1-0] INFO  o.e.m.c.i.e.AbstractTransferListenerAdapter - Downloading https://repo.maven.apache.org/maven2/org/springframework/boot/spring-boot-starter/4.1.1/spring-boot-starter-4.1.1.jar
2026-09-13 16:45:10,914 [BasicRepositoryConnector-repo.maven.apache.org-1-1] INFO  o.e.m.c.i.e.AbstractTransferListenerAdapter - Downloading https://repo.maven.apache.org/maven2/org/springframework/boot/spring-boot-starter-logging/4.1.1/spring-boot-starter-logging-4.1.1.jar
2026-09-13 16:45:10,914 [BasicRepositoryConnector-repo.maven.apache.org-1-4] INFO  o.e.m.c.i.e.AbstractTransferListenerAdapter - Downloading https://repo.maven.apache.org/maven2/org/apache/logging/log4j/log4j-to-slf4j/2.25.5/log4j-to-slf4j-2.25.5.jar
2026-09-13 16:45:10,914 [BasicRepositoryConnector-repo.maven.apache.org-1-3] INFO  o.e.m.c.i.e.AbstractTransferListenerAdapter - Downloading https://repo.maven.apache.org/maven2/ch/qos/logback/logback-core/1.5.38/logback-core-1.5.38.jar
2026-09-13 16:45:10,930 [BasicRepositoryConnector-repo.maven.apache.org-1-1] INFO  o.e.m.c.i.e.AbstractTransferListenerAdapter - Downloaded https://repo.maven.apache.org/maven2/org/springframework/boot/spring-boot-starter-logging/4.1.1/spring-boot-starter-logging-4.1.1.jar
2026-09-13 16:45:10,930 [BasicRepositoryConnector-repo.maven.apache.org-1-0] INFO  o.e.m.c.i.e.AbstractTransferListenerAdapter - Downloaded https://repo.maven.apache.org/maven2/org/springframework/boot/spring-boot-starter/4.1.1/spring-boot-starter-4.1.1.jar
2026-09-13 16:45:10,937 [BasicRepositoryConnector-repo.maven.apache.org-1-4] INFO  o.e.m.c.i.e.AbstractTransferListenerAdapter - Downloaded https://repo.maven.apache.org/maven2/org/apache/logging/log4j/log4j-to-slf4j/2.25.5/log4j-to-slf4j-2.25.5.jar
2026-09-13 16:45:10,957 [BasicRepositoryConnector-repo.maven.apache.org-1-1] INFO  o.e.m.c.i.e.AbstractTransferListenerAdapter - Downloading https://repo.maven.apache.org/maven2/org/apache/logging/log4j/log4j-api/2.25.5/log4j-api-2.25.5.jar
2026-09-13 16:45:10,966 [BasicRepositoryConnector-repo.maven.apache.org-1-0] INFO  o.e.m.c.i.e.AbstractTransferListenerAdapter - Downloading https://repo.maven.apache.org/maven2/org/slf4j/jul-to-slf4j/2.0.18/jul-to-slf4j-2.0.18.jar
2026-09-13 16:45:10,978 [BasicRepositoryConnector-repo.maven.apache.org-1-4] INFO  o.e.m.c.i.e.AbstractTransferListenerAdapter - Downloading https://repo.maven.apache.org/maven2/org/springframework/boot/spring-boot-autoconfigure/4.1.1/spring-boot-autoconfigure-4.1.1.jar
2026-09-13 16:45:10,981 [BasicRepositoryConnector-repo.maven.apache.org-1-0] INFO  o.e.m.c.i.e.AbstractTransferListenerAdapter - Downloaded https://repo.maven.apache.org/maven2/org/slf4j/jul-to-slf4j/2.0.18/jul-to-slf4j-2.0.18.jar
2026-09-13 16:45:11,016 [BasicRepositoryConnector-repo.maven.apache.org-1-2] INFO  o.e.m.c.i.e.AbstractTransferListenerAdapter - Downloading https://repo.maven.apache.org/maven2/ch/qos/logback/logback-classic/1.5.38/logback-classic-1.5.38.jar
2026-09-13 16:45:11,036 [BasicRepositoryConnector-repo.maven.apache.org-1-0] INFO  o.e.m.c.i.e.AbstractTransferListenerAdapter - Downloading https://repo.maven.apache.org/maven2/org/yaml/snakeyaml/2.6/snakeyaml-2.6.jar
2026-09-13 16:45:11,053 [BasicRepositoryConnector-repo.maven.apache.org-1-4] INFO  o.e.m.c.i.e.AbstractTransferListenerAdapter - Downloaded https://repo.maven.apache.org/maven2/org/springframework/boot/spring-boot-autoconfigure/4.1.1/spring-boot-autoconfigure-4.1.1.jar
2026-09-13 16:45:11,111 [BasicRepositoryConnector-repo.maven.apache.org-1-4] INFO  o.e.m.c.i.e.AbstractTransferListenerAdapter - Downloading https://repo.maven.apache.org/maven2/org/springframework/boot/spring-boot-starter-jackson/4.1.1/spring-boot-starter-jackson-4.1.1.jar
2026-09-13 16:45:11,113 [BasicRepositoryConnector-repo.maven.apache.org-1-3] INFO  o.e.m.c.i.e.AbstractTransferListenerAdapter - Downloaded https://repo.maven.apache.org/maven2/ch/qos/logback/logback-core/1.5.38/logback-core-1.5.38.jar
2026-09-13 16:45:11,124 [BasicRepositoryConnector-repo.maven.apache.org-1-4] INFO  o.e.m.c.i.e.AbstractTransferListenerAdapter - Downloaded https://repo.maven.apache.org/maven2/org/springframework/boot/spring-boot-starter-jackson/4.1.1/spring-boot-starter-jackson-4.1.1.jar
2026-09-13 16:45:11,155 [BasicRepositoryConnector-repo.maven.apache.org-1-3] INFO  o.e.m.c.i.e.AbstractTransferListenerAdapter - Downloading https://repo.maven.apache.org/maven2/org/springframework/boot/spring-boot-jackson/4.1.1/spring-boot-jackson-4.1.1.jar
2026-09-13 16:45:11,167 [BasicRepositoryConnector-repo.maven.apache.org-1-1] INFO  o.e.m.c.i.e.AbstractTransferListenerAdapter - Downloaded https://repo.maven.apache.org/maven2/org/apache/logging/log4j/log4j-api/2.25.5/log4j-api-2.25.5.jar
2026-09-13 16:45:11,188 [BasicRepositoryConnector-repo.maven.apache.org-1-3] INFO  o.e.m.c.i.e.AbstractTransferListenerAdapter - Downloaded https://repo.maven.apache.org/maven2/org/springframework/boot/spring-boot-jackson/4.1.1/spring-boot-jackson-4.1.1.jar
2026-09-13 16:45:11,192 [BasicRepositoryConnector-repo.maven.apache.org-1-4] INFO  o.e.m.c.i.e.AbstractTransferListenerAdapter - Downloading https://repo.maven.apache.org/maven2/tools/jackson/core/jackson-databind/3.1.5/jackson-databind-3.1.5.jar
2026-09-13 16:45:11,209 [BasicRepositoryConnector-repo.maven.apache.org-1-0] INFO  o.e.m.c.i.e.AbstractTransferListenerAdapter - Downloaded https://repo.maven.apache.org/maven2/org/yaml/snakeyaml/2.6/snakeyaml-2.6.jar
2026-09-13 16:45:11,247 [BasicRepositoryConnector-repo.maven.apache.org-1-1] INFO  o.e.m.c.i.e.AbstractTransferListenerAdapter - Downloading https://repo.maven.apache.org/maven2/tools/jackson/core/jackson-core/3.1.5/jackson-core-3.1.5.jar
2026-09-13 16:45:11,290 [BasicRepositoryConnector-repo.maven.apache.org-1-3] INFO  o.e.m.c.i.e.AbstractTransferListenerAdapter - Downloading https://repo.maven.apache.org/maven2/org/springframework/boot/spring-boot-starter-tomcat/4.1.1/spring-boot-starter-tomcat-4.1.1.jar
2026-09-13 16:45:11,290 [BasicRepositoryConnector-repo.maven.apache.org-1-0] INFO  o.e.m.c.i.e.AbstractTransferListenerAdapter - Downloading https://repo.maven.apache.org/maven2/org/springframework/boot/spring-boot-starter-tomcat-runtime/4.1.1/spring-boot-starter-tomcat-runtime-4.1.1.jar
2026-09-13 16:45:11,306 [BasicRepositoryConnector-repo.maven.apache.org-1-3] INFO  o.e.m.c.i.e.AbstractTransferListenerAdapter - Downloaded https://repo.maven.apache.org/maven2/org/springframework/boot/spring-boot-starter-tomcat/4.1.1/spring-boot-starter-tomcat-4.1.1.jar
2026-09-13 16:45:11,307 [BasicRepositoryConnector-repo.maven.apache.org-1-0] INFO  o.e.m.c.i.e.AbstractTransferListenerAdapter - Downloaded https://repo.maven.apache.org/maven2/org/springframework/boot/spring-boot-starter-tomcat-runtime/4.1.1/spring-boot-starter-tomcat-runtime-4.1.1.jar
2026-09-13 16:45:11,355 [BasicRepositoryConnector-repo.maven.apache.org-1-2] INFO  o.e.m.c.i.e.AbstractTransferListenerAdapter - Downloaded https://repo.maven.apache.org/maven2/ch/qos/logback/logback-classic/1.5.38/logback-classic-1.5.38.jar
2026-09-13 16:45:11,402 [BasicRepositoryConnector-repo.maven.apache.org-1-1] INFO  o.e.m.c.i.e.AbstractTransferListenerAdapter - Downloaded https://repo.maven.apache.org/maven2/tools/jackson/core/jackson-core/3.1.5/jackson-core-3.1.5.jar
2026-09-13 16:45:11,420 [BasicRepositoryConnector-repo.maven.apache.org-1-0] INFO  o.e.m.c.i.e.AbstractTransferListenerAdapter - Downloading https://repo.maven.apache.org/maven2/org/apache/tomcat/embed/tomcat-embed-el/11.0.24/tomcat-embed-el-11.0.24.jar
2026-09-13 16:45:11,432 [BasicRepositoryConnector-repo.maven.apache.org-1-3] INFO  o.e.m.c.i.e.AbstractTransferListenerAdapter - Downloading https://repo.maven.apache.org/maven2/org/apache/tomcat/embed/tomcat-embed-core/11.0.24/tomcat-embed-core-11.0.24.jar
2026-09-13 16:45:11,553 [BasicRepositoryConnector-repo.maven.apache.org-1-1] INFO  o.e.m.c.i.e.AbstractTransferListenerAdapter - Downloading https://repo.maven.apache.org/maven2/org/springframework/boot/spring-boot-tomcat/4.1.1/spring-boot-tomcat-4.1.1.jar
2026-09-13 16:45:11,561 [BasicRepositoryConnector-repo.maven.apache.org-1-2] INFO  o.e.m.c.i.e.AbstractTransferListenerAdapter - Downloading https://repo.maven.apache.org/maven2/org/apache/tomcat/embed/tomcat-embed-websocket/11.0.24/tomcat-embed-websocket-11.0.24.jar
2026-09-13 16:45:11,579 [BasicRepositoryConnector-repo.maven.apache.org-1-4] INFO  o.e.m.c.i.e.AbstractTransferListenerAdapter - Downloaded https://repo.maven.apache.org/maven2/tools/jackson/core/jackson-databind/3.1.5/jackson-databind-3.1.5.jar
2026-09-13 16:45:11,585 [BasicRepositoryConnector-repo.maven.apache.org-1-1] INFO  o.e.m.c.i.e.AbstractTransferListenerAdapter - Downloaded https://repo.maven.apache.org/maven2/org/springframework/boot/spring-boot-tomcat/4.1.1/spring-boot-tomcat-4.1.1.jar
2026-09-13 16:45:11,602 [BasicRepositoryConnector-repo.maven.apache.org-1-0] INFO  o.e.m.c.i.e.AbstractTransferListenerAdapter - Downloaded https://repo.maven.apache.org/maven2/org/apache/tomcat/embed/tomcat-embed-el/11.0.24/tomcat-embed-el-11.0.24.jar
2026-09-13 16:45:11,725 [BasicRepositoryConnector-repo.maven.apache.org-1-1] INFO  o.e.m.c.i.e.AbstractTransferListenerAdapter - Downloading https://repo.maven.apache.org/maven2/org/springframework/boot/spring-boot/4.1.1/spring-boot-4.1.1.jar
2026-09-13 16:45:11,759 [BasicRepositoryConnector-repo.maven.apache.org-1-0] INFO  o.e.m.c.i.e.AbstractTransferListenerAdapter - Downloading https://repo.maven.apache.org/maven2/org/springframework/spring-context/7.0.9/spring-context-7.0.9.jar
2026-09-13 16:45:11,853 [BasicRepositoryConnector-repo.maven.apache.org-1-2] INFO  o.e.m.c.i.e.AbstractTransferListenerAdapter - Downloaded https://repo.maven.apache.org/maven2/org/apache/tomcat/embed/tomcat-embed-websocket/11.0.24/tomcat-embed-websocket-11.0.24.jar
2026-09-13 16:45:12,045 [BasicRepositoryConnector-repo.maven.apache.org-1-4] INFO  o.e.m.c.i.e.AbstractTransferListenerAdapter - Downloading https://repo.maven.apache.org/maven2/org/springframework/boot/spring-boot-http-converter/4.1.1/spring-boot-http-converter-4.1.1.jar
2026-09-13 16:45:12,049 [BasicRepositoryConnector-repo.maven.apache.org-1-2] INFO  o.e.m.c.i.e.AbstractTransferListenerAdapter - Downloading https://repo.maven.apache.org/maven2/org/springframework/spring-web/7.0.9/spring-web-7.0.9.jar
2026-09-13 16:45:12,061 [BasicRepositoryConnector-repo.maven.apache.org-1-0] INFO  o.e.m.c.i.e.AbstractTransferListenerAdapter - Downloaded https://repo.maven.apache.org/maven2/org/springframework/spring-context/7.0.9/spring-context-7.0.9.jar
2026-09-13 16:45:12,065 [BasicRepositoryConnector-repo.maven.apache.org-1-4] INFO  o.e.m.c.i.e.AbstractTransferListenerAdapter - Downloaded https://repo.maven.apache.org/maven2/org/springframework/boot/spring-boot-http-converter/4.1.1/spring-boot-http-converter-4.1.1.jar
2026-09-13 16:45:12,086 [BasicRepositoryConnector-repo.maven.apache.org-1-3] INFO  o.e.m.c.i.e.AbstractTransferListenerAdapter - Downloaded https://repo.maven.apache.org/maven2/org/apache/tomcat/embed/tomcat-embed-core/11.0.24/tomcat-embed-core-11.0.24.jar
2026-09-13 16:45:12,124 [BasicRepositoryConnector-repo.maven.apache.org-1-1] INFO  o.e.m.c.i.e.AbstractTransferListenerAdapter - Downloaded https://repo.maven.apache.org/maven2/org/springframework/boot/spring-boot/4.1.1/spring-boot-4.1.1.jar
2026-09-13 16:45:12,149 [BasicRepositoryConnector-repo.maven.apache.org-1-0] INFO  o.e.m.c.i.e.AbstractTransferListenerAdapter - Downloading https://repo.maven.apache.org/maven2/org/springframework/spring-beans/7.0.9/spring-beans-7.0.9.jar
2026-09-13 16:45:12,161 [BasicRepositoryConnector-repo.maven.apache.org-1-4] INFO  o.e.m.c.i.e.AbstractTransferListenerAdapter - Downloading https://repo.maven.apache.org/maven2/io/micrometer/micrometer-observation/1.17.1/micrometer-observation-1.17.1.jar
2026-09-13 16:45:12,197 [BasicRepositoryConnector-repo.maven.apache.org-1-3] INFO  o.e.m.c.i.e.AbstractTransferListenerAdapter - Downloading https://repo.maven.apache.org/maven2/io/micrometer/micrometer-commons/1.17.1/micrometer-commons-1.17.1.jar
2026-09-13 16:45:12,199 [BasicRepositoryConnector-repo.maven.apache.org-1-4] INFO  o.e.m.c.i.e.AbstractTransferListenerAdapter - Downloaded https://repo.maven.apache.org/maven2/io/micrometer/micrometer-observation/1.17.1/micrometer-observation-1.17.1.jar
2026-09-13 16:45:12,216 [BasicRepositoryConnector-repo.maven.apache.org-1-3] INFO  o.e.m.c.i.e.AbstractTransferListenerAdapter - Downloaded https://repo.maven.apache.org/maven2/io/micrometer/micrometer-commons/1.17.1/micrometer-commons-1.17.1.jar
2026-09-13 16:45:12,281 [BasicRepositoryConnector-repo.maven.apache.org-1-1] INFO  o.e.m.c.i.e.AbstractTransferListenerAdapter - Downloading https://repo.maven.apache.org/maven2/org/springframework/boot/spring-boot-webmvc/4.1.1/spring-boot-webmvc-4.1.1.jar
2026-09-13 16:45:12,313 [BasicRepositoryConnector-repo.maven.apache.org-1-1] INFO  o.e.m.c.i.e.AbstractTransferListenerAdapter - Downloaded https://repo.maven.apache.org/maven2/org/springframework/boot/spring-boot-webmvc/4.1.1/spring-boot-webmvc-4.1.1.jar
2026-09-13 16:45:12,322 [BasicRepositoryConnector-repo.maven.apache.org-1-0] INFO  o.e.m.c.i.e.AbstractTransferListenerAdapter - Downloaded https://repo.maven.apache.org/maven2/org/springframework/spring-beans/7.0.9/spring-beans-7.0.9.jar
2026-09-13 16:45:12,377 [BasicRepositoryConnector-repo.maven.apache.org-1-4] INFO  o.e.m.c.i.e.AbstractTransferListenerAdapter - Downloading https://repo.maven.apache.org/maven2/org/springframework/boot/spring-boot-servlet/4.1.1/spring-boot-servlet-4.1.1.jar
2026-09-13 16:45:12,378 [BasicRepositoryConnector-repo.maven.apache.org-1-3] INFO  o.e.m.c.i.e.AbstractTransferListenerAdapter - Downloading https://repo.maven.apache.org/maven2/org/springframework/spring-webmvc/7.0.9/spring-webmvc-7.0.9.jar
2026-09-13 16:45:12,397 [BasicRepositoryConnector-repo.maven.apache.org-1-4] INFO  o.e.m.c.i.e.AbstractTransferListenerAdapter - Downloaded https://repo.maven.apache.org/maven2/org/springframework/boot/spring-boot-servlet/4.1.1/spring-boot-servlet-4.1.1.jar
2026-09-13 16:45:12,517 [BasicRepositoryConnector-repo.maven.apache.org-1-1] INFO  o.e.m.c.i.e.AbstractTransferListenerAdapter - Downloading https://repo.maven.apache.org/maven2/org/springframework/spring-aop/7.0.9/spring-aop-7.0.9.jar
2026-09-13 16:45:12,548 [BasicRepositoryConnector-repo.maven.apache.org-1-2] INFO  o.e.m.c.i.e.AbstractTransferListenerAdapter - Downloaded https://repo.maven.apache.org/maven2/org/springframework/spring-web/7.0.9/spring-web-7.0.9.jar
2026-09-13 16:45:12,587 [BasicRepositoryConnector-repo.maven.apache.org-1-0] INFO  o.e.m.c.i.e.AbstractTransferListenerAdapter - Downloading https://repo.maven.apache.org/maven2/org/springframework/spring-expression/7.0.9/spring-expression-7.0.9.jar
2026-09-13 16:45:12,606 [BasicRepositoryConnector-repo.maven.apache.org-1-1] INFO  o.e.m.c.i.e.AbstractTransferListenerAdapter - Downloaded https://repo.maven.apache.org/maven2/org/springframework/spring-aop/7.0.9/spring-aop-7.0.9.jar
2026-09-13 16:45:12,612 [BasicRepositoryConnector-repo.maven.apache.org-1-3] INFO  o.e.m.c.i.e.AbstractTransferListenerAdapter - Downloaded https://repo.maven.apache.org/maven2/org/springframework/spring-webmvc/7.0.9/spring-webmvc-7.0.9.jar
2026-09-13 16:45:12,613 [BasicRepositoryConnector-repo.maven.apache.org-1-4] INFO  o.e.m.c.i.e.AbstractTransferListenerAdapter - Downloading https://repo.maven.apache.org/maven2/org/springframework/cloud/spring-cloud-starter-netflix-eureka-client/5.0.2/spring-cloud-starter-netflix-eureka-client-5.0.2.jar
2026-09-13 16:45:12,630 [BasicRepositoryConnector-repo.maven.apache.org-1-4] INFO  o.e.m.c.i.e.AbstractTransferListenerAdapter - Downloaded https://repo.maven.apache.org/maven2/org/springframework/cloud/spring-cloud-starter-netflix-eureka-client/5.0.2/spring-cloud-starter-netflix-eureka-client-5.0.2.jar
2026-09-13 16:45:12,631 [BasicRepositoryConnector-repo.maven.apache.org-1-0] INFO  o.e.m.c.i.e.AbstractTransferListenerAdapter - Downloaded https://repo.maven.apache.org/maven2/org/springframework/spring-expression/7.0.9/spring-expression-7.0.9.jar
2026-09-13 16:45:12,643 [BasicRepositoryConnector-repo.maven.apache.org-1-3] INFO  o.e.m.c.i.e.AbstractTransferListenerAdapter - Downloading https://repo.maven.apache.org/maven2/org/springframework/security/spring-security-crypto/7.1.1/spring-security-crypto-7.1.1.jar
2026-09-13 16:45:12,656 [BasicRepositoryConnector-repo.maven.apache.org-1-2] INFO  o.e.m.c.i.e.AbstractTransferListenerAdapter - Downloading https://repo.maven.apache.org/maven2/org/springframework/cloud/spring-cloud-starter/5.0.3/spring-cloud-starter-5.0.3.jar
2026-09-13 16:45:12,657 [BasicRepositoryConnector-repo.maven.apache.org-1-1] INFO  o.e.m.c.i.e.AbstractTransferListenerAdapter - Downloading https://repo.maven.apache.org/maven2/org/springframework/cloud/spring-cloud-context/5.0.3/spring-cloud-context-5.0.3.jar
2026-09-13 16:45:12,673 [BasicRepositoryConnector-repo.maven.apache.org-1-3] INFO  o.e.m.c.i.e.AbstractTransferListenerAdapter - Downloaded https://repo.maven.apache.org/maven2/org/springframework/security/spring-security-crypto/7.1.1/spring-security-crypto-7.1.1.jar
2026-09-13 16:45:12,675 [BasicRepositoryConnector-repo.maven.apache.org-1-2] INFO  o.e.m.c.i.e.AbstractTransferListenerAdapter - Downloaded https://repo.maven.apache.org/maven2/org/springframework/cloud/spring-cloud-starter/5.0.3/spring-cloud-starter-5.0.3.jar
2026-09-13 16:45:12,677 [BasicRepositoryConnector-repo.maven.apache.org-1-0] INFO  o.e.m.c.i.e.AbstractTransferListenerAdapter - Downloading https://repo.maven.apache.org/maven2/org/bouncycastle/bcprov-jdk18on/1.85.2/bcprov-jdk18on-1.85.2.jar
2026-09-13 16:45:12,688 [BasicRepositoryConnector-repo.maven.apache.org-1-4] INFO  o.e.m.c.i.e.AbstractTransferListenerAdapter - Downloading https://repo.maven.apache.org/maven2/org/springframework/cloud/spring-cloud-commons/5.0.3/spring-cloud-commons-5.0.3.jar
2026-09-13 16:45:12,693 [BasicRepositoryConnector-repo.maven.apache.org-1-1] INFO  o.e.m.c.i.e.AbstractTransferListenerAdapter - Downloaded https://repo.maven.apache.org/maven2/org/springframework/cloud/spring-cloud-context/5.0.3/spring-cloud-context-5.0.3.jar
2026-09-13 16:45:12,754 [BasicRepositoryConnector-repo.maven.apache.org-1-4] INFO  o.e.m.c.i.e.AbstractTransferListenerAdapter - Downloaded https://repo.maven.apache.org/maven2/org/springframework/cloud/spring-cloud-commons/5.0.3/spring-cloud-commons-5.0.3.jar
2026-09-13 16:45:12,821 [BasicRepositoryConnector-repo.maven.apache.org-1-1] INFO  o.e.m.c.i.e.AbstractTransferListenerAdapter - Downloading https://repo.maven.apache.org/maven2/com/fasterxml/jackson/datatype/jackson-datatype-jdk8/2.21.5/jackson-datatype-jdk8-2.21.5.jar
2026-09-13 16:45:12,824 [BasicRepositoryConnector-repo.maven.apache.org-1-3] INFO  o.e.m.c.i.e.AbstractTransferListenerAdapter - Downloading https://repo.maven.apache.org/maven2/org/springframework/cloud/spring-cloud-netflix-eureka-client/5.0.2/spring-cloud-netflix-eureka-client-5.0.2.jar
2026-09-13 16:45:12,836 [BasicRepositoryConnector-repo.maven.apache.org-1-2] INFO  o.e.m.c.i.e.AbstractTransferListenerAdapter - Downloading https://repo.maven.apache.org/maven2/org/springframework/boot/spring-boot-jackson2/4.1.1/spring-boot-jackson2-4.1.1.jar
2026-09-13 16:45:12,846 [BasicRepositoryConnector-repo.maven.apache.org-1-1] INFO  o.e.m.c.i.e.AbstractTransferListenerAdapter - Downloaded https://repo.maven.apache.org/maven2/com/fasterxml/jackson/datatype/jackson-datatype-jdk8/2.21.5/jackson-datatype-jdk8-2.21.5.jar
2026-09-13 16:45:12,847 [BasicRepositoryConnector-repo.maven.apache.org-1-3] INFO  o.e.m.c.i.e.AbstractTransferListenerAdapter - Downloaded https://repo.maven.apache.org/maven2/org/springframework/cloud/spring-cloud-netflix-eureka-client/5.0.2/spring-cloud-netflix-eureka-client-5.0.2.jar
2026-09-13 16:45:12,859 [BasicRepositoryConnector-repo.maven.apache.org-1-2] INFO  o.e.m.c.i.e.AbstractTransferListenerAdapter - Downloaded https://repo.maven.apache.org/maven2/org/springframework/boot/spring-boot-jackson2/4.1.1/spring-boot-jackson2-4.1.1.jar
2026-09-13 16:45:12,967 [BasicRepositoryConnector-repo.maven.apache.org-1-4] INFO  o.e.m.c.i.e.AbstractTransferListenerAdapter - Downloading https://repo.maven.apache.org/maven2/com/fasterxml/jackson/datatype/jackson-datatype-jsr310/2.21.5/jackson-datatype-jsr310-2.21.5.jar
2026-09-13 16:45:12,988 [BasicRepositoryConnector-repo.maven.apache.org-1-4] INFO  o.e.m.c.i.e.AbstractTransferListenerAdapter - Downloaded https://repo.maven.apache.org/maven2/com/fasterxml/jackson/datatype/jackson-datatype-jsr310/2.21.5/jackson-datatype-jsr310-2.21.5.jar
2026-09-13 16:45:13,012 [BasicRepositoryConnector-repo.maven.apache.org-1-2] INFO  o.e.m.c.i.e.AbstractTransferListenerAdapter - Downloading https://repo.maven.apache.org/maven2/org/apache/httpcomponents/core5/httpcore5/5.4.3/httpcore5-5.4.3.jar
2026-09-13 16:45:13,066 [BasicRepositoryConnector-repo.maven.apache.org-1-3] INFO  o.e.m.c.i.e.AbstractTransferListenerAdapter - Downloading https://repo.maven.apache.org/maven2/org/apache/httpcomponents/client5/httpclient5/5.6.4/httpclient5-5.6.4.jar
2026-09-13 16:45:13,099 [BasicRepositoryConnector-repo.maven.apache.org-1-1] INFO  o.e.m.c.i.e.AbstractTransferListenerAdapter - Downloading https://repo.maven.apache.org/maven2/com/fasterxml/jackson/module/jackson-module-parameter-names/2.21.5/jackson-module-parameter-names-2.21.5.jar
2026-09-13 16:45:13,116 [BasicRepositoryConnector-repo.maven.apache.org-1-1] INFO  o.e.m.c.i.e.AbstractTransferListenerAdapter - Downloaded https://repo.maven.apache.org/maven2/com/fasterxml/jackson/module/jackson-module-parameter-names/2.21.5/jackson-module-parameter-names-2.21.5.jar
2026-09-13 16:45:13,135 [BasicRepositoryConnector-repo.maven.apache.org-1-2] INFO  o.e.m.c.i.e.AbstractTransferListenerAdapter - Downloaded https://repo.maven.apache.org/maven2/org/apache/httpcomponents/core5/httpcore5/5.4.3/httpcore5-5.4.3.jar
2026-09-13 16:45:13,198 [BasicRepositoryConnector-repo.maven.apache.org-1-3] INFO  o.e.m.c.i.e.AbstractTransferListenerAdapter - Downloaded https://repo.maven.apache.org/maven2/org/apache/httpcomponents/client5/httpclient5/5.6.4/httpclient5-5.6.4.jar
2026-09-13 16:45:13,296 [BasicRepositoryConnector-repo.maven.apache.org-1-4] INFO  o.e.m.c.i.e.AbstractTransferListenerAdapter - Downloading https://repo.maven.apache.org/maven2/org/apache/httpcomponents/core5/httpcore5-h2/5.4.3/httpcore5-h2-5.4.3.jar
2026-09-13 16:45:13,312 [BasicRepositoryConnector-repo.maven.apache.org-1-1] INFO  o.e.m.c.i.e.AbstractTransferListenerAdapter - Downloading https://repo.maven.apache.org/maven2/com/netflix/eureka/eureka-client/2.0.6/eureka-client-2.0.6.jar
2026-09-13 16:45:13,328 [BasicRepositoryConnector-repo.maven.apache.org-1-4] INFO  o.e.m.c.i.e.AbstractTransferListenerAdapter - Downloaded https://repo.maven.apache.org/maven2/org/apache/httpcomponents/core5/httpcore5-h2/5.4.3/httpcore5-h2-5.4.3.jar
2026-09-13 16:45:13,334 [BasicRepositoryConnector-repo.maven.apache.org-1-2] INFO  o.e.m.c.i.e.AbstractTransferListenerAdapter - Downloading https://repo.maven.apache.org/maven2/com/thoughtworks/xstream/xstream/1.4.21/xstream-1.4.21.jar
2026-09-13 16:45:13,350 [BasicRepositoryConnector-repo.maven.apache.org-1-1] INFO  o.e.m.c.i.e.AbstractTransferListenerAdapter - Downloaded https://repo.maven.apache.org/maven2/com/netflix/eureka/eureka-client/2.0.6/eureka-client-2.0.6.jar
2026-09-13 16:45:13,392 [BasicRepositoryConnector-repo.maven.apache.org-1-2] INFO  o.e.m.c.i.e.AbstractTransferListenerAdapter - Downloaded https://repo.maven.apache.org/maven2/com/thoughtworks/xstream/xstream/1.4.21/xstream-1.4.21.jar
2026-09-13 16:45:13,404 [BasicRepositoryConnector-repo.maven.apache.org-1-3] INFO  o.e.m.c.i.e.AbstractTransferListenerAdapter - Downloading https://repo.maven.apache.org/maven2/jakarta/ws/rs/jakarta.ws.rs-api/4.0.0/jakarta.ws.rs-api-4.0.0.jar
2026-09-13 16:45:13,427 [BasicRepositoryConnector-repo.maven.apache.org-1-3] INFO  o.e.m.c.i.e.AbstractTransferListenerAdapter - Downloaded https://repo.maven.apache.org/maven2/jakarta/ws/rs/jakarta.ws.rs-api/4.0.0/jakarta.ws.rs-api-4.0.0.jar
2026-09-13 16:45:13,532 [BasicRepositoryConnector-repo.maven.apache.org-1-4] INFO  o.e.m.c.i.e.AbstractTransferListenerAdapter - Downloading https://repo.maven.apache.org/maven2/org/slf4j/slf4j-api/2.0.18/slf4j-api-2.0.18.jar
2026-09-13 16:45:13,539 [BasicRepositoryConnector-repo.maven.apache.org-1-1] INFO  o.e.m.c.i.e.AbstractTransferListenerAdapter - Downloading https://repo.maven.apache.org/maven2/commons-codec/commons-codec/1.21.0/commons-codec-1.21.0.jar
2026-09-13 16:45:13,550 [BasicRepositoryConnector-repo.maven.apache.org-1-4] INFO  o.e.m.c.i.e.AbstractTransferListenerAdapter - Downloaded https://repo.maven.apache.org/maven2/org/slf4j/slf4j-api/2.0.18/slf4j-api-2.0.18.jar
2026-09-13 16:45:13,592 [BasicRepositoryConnector-repo.maven.apache.org-1-1] INFO  o.e.m.c.i.e.AbstractTransferListenerAdapter - Downloaded https://repo.maven.apache.org/maven2/commons-codec/commons-codec/1.21.0/commons-codec-1.21.0.jar
2026-09-13 16:45:13,600 [BasicRepositoryConnector-repo.maven.apache.org-1-2] INFO  o.e.m.c.i.e.AbstractTransferListenerAdapter - Downloading https://repo.maven.apache.org/maven2/com/fasterxml/jackson/core/jackson-annotations/2.21/jackson-annotations-2.21.jar
2026-09-13 16:45:13,605 [BasicRepositoryConnector-repo.maven.apache.org-1-3] INFO  o.e.m.c.i.e.AbstractTransferListenerAdapter - Downloading https://repo.maven.apache.org/maven2/com/fasterxml/jackson/core/jackson-core/2.21.5/jackson-core-2.21.5.jar
2026-09-13 16:45:13,620 [BasicRepositoryConnector-repo.maven.apache.org-1-2] INFO  o.e.m.c.i.e.AbstractTransferListenerAdapter - Downloaded https://repo.maven.apache.org/maven2/com/fasterxml/jackson/core/jackson-annotations/2.21/jackson-annotations-2.21.jar
2026-09-13 16:45:13,659 [BasicRepositoryConnector-repo.maven.apache.org-1-3] INFO  o.e.m.c.i.e.AbstractTransferListenerAdapter - Downloaded https://repo.maven.apache.org/maven2/com/fasterxml/jackson/core/jackson-core/2.21.5/jackson-core-2.21.5.jar
2026-09-13 16:45:13,772 [BasicRepositoryConnector-repo.maven.apache.org-1-4] INFO  o.e.m.c.i.e.AbstractTransferListenerAdapter - Downloading https://repo.maven.apache.org/maven2/com/fasterxml/jackson/core/jackson-databind/2.21.5/jackson-databind-2.21.5.jar
2026-09-13 16:45:14,175 [BasicRepositoryConnector-repo.maven.apache.org-1-2] INFO  o.e.m.c.i.e.AbstractTransferListenerAdapter - Downloading https://repo.maven.apache.org/maven2/org/springframework/cloud/spring-cloud-loadbalancer/5.0.3/spring-cloud-loadbalancer-5.0.3.jar
2026-09-13 16:45:14,175 [BasicRepositoryConnector-repo.maven.apache.org-1-3] INFO  o.e.m.c.i.e.AbstractTransferListenerAdapter - Downloading https://repo.maven.apache.org/maven2/io/projectreactor/reactor-core/3.8.7/reactor-core-3.8.7.jar
2026-09-13 16:45:14,178 [BasicRepositoryConnector-repo.maven.apache.org-1-1] INFO  o.e.m.c.i.e.AbstractTransferListenerAdapter - Downloading https://repo.maven.apache.org/maven2/org/springframework/cloud/spring-cloud-starter-loadbalancer/5.0.3/spring-cloud-starter-loadbalancer-5.0.3.jar
2026-09-13 16:45:14,214 [BasicRepositoryConnector-repo.maven.apache.org-1-1] INFO  o.e.m.c.i.e.AbstractTransferListenerAdapter - Downloaded https://repo.maven.apache.org/maven2/org/springframework/cloud/spring-cloud-starter-loadbalancer/5.0.3/spring-cloud-starter-loadbalancer-5.0.3.jar
2026-09-13 16:45:14,217 [BasicRepositoryConnector-repo.maven.apache.org-1-2] INFO  o.e.m.c.i.e.AbstractTransferListenerAdapter - Downloaded https://repo.maven.apache.org/maven2/org/springframework/cloud/spring-cloud-loadbalancer/5.0.3/spring-cloud-loadbalancer-5.0.3.jar
2026-09-13 16:45:14,236 [BasicRepositoryConnector-repo.maven.apache.org-1-4] INFO  o.e.m.c.i.e.AbstractTransferListenerAdapter - Downloaded https://repo.maven.apache.org/maven2/com/fasterxml/jackson/core/jackson-databind/2.21.5/jackson-databind-2.21.5.jar
2026-09-13 16:45:14,250 [BasicRepositoryConnector-repo.maven.apache.org-1-3] INFO  o.e.m.c.i.e.AbstractTransferListenerAdapter - Downloaded https://repo.maven.apache.org/maven2/io/projectreactor/reactor-core/3.8.7/reactor-core-3.8.7.jar
2026-09-13 16:45:14,291 [BasicRepositoryConnector-repo.maven.apache.org-1-0] INFO  o.e.m.c.i.e.AbstractTransferListenerAdapter - Downloaded https://repo.maven.apache.org/maven2/org/bouncycastle/bcprov-jdk18on/1.85.2/bcprov-jdk18on-1.85.2.jar
2026-09-13 16:45:14,465 [BasicRepositoryConnector-repo.maven.apache.org-1-1] INFO  o.e.m.c.i.e.AbstractTransferListenerAdapter - Downloading https://repo.maven.apache.org/maven2/io/projectreactor/addons/reactor-extra/3.6.1/reactor-extra-3.6.1.jar
2026-09-13 16:45:14,474 [BasicRepositoryConnector-repo.maven.apache.org-1-3] INFO  o.e.m.c.i.e.AbstractTransferListenerAdapter - Downloading https://repo.maven.apache.org/maven2/org/springframework/spring-context-support/7.0.9/spring-context-support-7.0.9.jar
2026-09-13 16:45:14,490 [BasicRepositoryConnector-repo.maven.apache.org-1-4] INFO  o.e.m.c.i.e.AbstractTransferListenerAdapter - Downloading https://repo.maven.apache.org/maven2/org/springframework/boot/spring-boot-cache/4.1.1/spring-boot-cache-4.1.1.jar
2026-09-13 16:45:14,493 [BasicRepositoryConnector-repo.maven.apache.org-1-1] INFO  o.e.m.c.i.e.AbstractTransferListenerAdapter - Downloaded https://repo.maven.apache.org/maven2/io/projectreactor/addons/reactor-extra/3.6.1/reactor-extra-3.6.1.jar
2026-09-13 16:45:14,500 [BasicRepositoryConnector-repo.maven.apache.org-1-0] INFO  o.e.m.c.i.e.AbstractTransferListenerAdapter - Downloading https://repo.maven.apache.org/maven2/org/springframework/cloud/spring-cloud-starter-netflix-eureka-server/5.0.2/spring-cloud-starter-netflix-eureka-server-5.0.2.jar
2026-09-13 16:45:14,500 [BasicRepositoryConnector-repo.maven.apache.org-1-2] INFO  o.e.m.c.i.e.AbstractTransferListenerAdapter - Downloading https://repo.maven.apache.org/maven2/org/springframework/boot/spring-boot-starter-cache/4.1.1/spring-boot-starter-cache-4.1.1.jar
2026-09-13 16:45:14,506 [BasicRepositoryConnector-repo.maven.apache.org-1-3] INFO  o.e.m.c.i.e.AbstractTransferListenerAdapter - Downloaded https://repo.maven.apache.org/maven2/org/springframework/spring-context-support/7.0.9/spring-context-support-7.0.9.jar
2026-09-13 16:45:14,521 [BasicRepositoryConnector-repo.maven.apache.org-1-0] INFO  o.e.m.c.i.e.AbstractTransferListenerAdapter - Downloaded https://repo.maven.apache.org/maven2/org/springframework/cloud/spring-cloud-starter-netflix-eureka-server/5.0.2/spring-cloud-starter-netflix-eureka-server-5.0.2.jar
2026-09-13 16:45:14,521 [BasicRepositoryConnector-repo.maven.apache.org-1-4] INFO  o.e.m.c.i.e.AbstractTransferListenerAdapter - Downloaded https://repo.maven.apache.org/maven2/org/springframework/boot/spring-boot-cache/4.1.1/spring-boot-cache-4.1.1.jar
2026-09-13 16:45:14,523 [BasicRepositoryConnector-repo.maven.apache.org-1-2] INFO  o.e.m.c.i.e.AbstractTransferListenerAdapter - Downloaded https://repo.maven.apache.org/maven2/org/springframework/boot/spring-boot-starter-cache/4.1.1/spring-boot-starter-cache-4.1.1.jar
2026-09-13 16:45:14,528 [BasicRepositoryConnector-repo.maven.apache.org-1-1] INFO  o.e.m.c.i.e.AbstractTransferListenerAdapter - Downloading https://repo.maven.apache.org/maven2/org/springframework/cloud/spring-cloud-netflix-eureka-server/5.0.2/spring-cloud-netflix-eureka-server-5.0.2.jar
2026-09-13 16:45:14,557 [BasicRepositoryConnector-repo.maven.apache.org-1-3] INFO  o.e.m.c.i.e.AbstractTransferListenerAdapter - Downloading https://repo.maven.apache.org/maven2/org/springframework/boot/spring-boot-starter-web/4.1.1/spring-boot-starter-web-4.1.1.jar
2026-09-13 16:45:14,557 [BasicRepositoryConnector-repo.maven.apache.org-1-2] INFO  o.e.m.c.i.e.AbstractTransferListenerAdapter - Downloading https://repo.maven.apache.org/maven2/org/springframework/boot/spring-boot-micrometer-metrics/4.1.1/spring-boot-micrometer-metrics-4.1.1.jar
2026-09-13 16:45:14,571 [BasicRepositoryConnector-repo.maven.apache.org-1-3] INFO  o.e.m.c.i.e.AbstractTransferListenerAdapter - Downloaded https://repo.maven.apache.org/maven2/org/springframework/boot/spring-boot-starter-web/4.1.1/spring-boot-starter-web-4.1.1.jar
2026-09-13 16:45:14,574 [BasicRepositoryConnector-repo.maven.apache.org-1-1] INFO  o.e.m.c.i.e.AbstractTransferListenerAdapter - Downloaded https://repo.maven.apache.org/maven2/org/springframework/cloud/spring-cloud-netflix-eureka-server/5.0.2/spring-cloud-netflix-eureka-server-5.0.2.jar
2026-09-13 16:45:14,579 [BasicRepositoryConnector-repo.maven.apache.org-1-0] INFO  o.e.m.c.i.e.AbstractTransferListenerAdapter - Downloading https://repo.maven.apache.org/maven2/org/springframework/boot/spring-boot-starter-actuator/4.1.1/spring-boot-starter-actuator-4.1.1.jar
2026-09-13 16:45:14,579 [BasicRepositoryConnector-repo.maven.apache.org-1-4] INFO  o.e.m.c.i.e.AbstractTransferListenerAdapter - Downloading https://repo.maven.apache.org/maven2/org/springframework/boot/spring-boot-starter-micrometer-metrics/4.1.1/spring-boot-starter-micrometer-metrics-4.1.1.jar
2026-09-13 16:45:14,594 [BasicRepositoryConnector-repo.maven.apache.org-1-0] INFO  o.e.m.c.i.e.AbstractTransferListenerAdapter - Downloaded https://repo.maven.apache.org/maven2/org/springframework/boot/spring-boot-starter-actuator/4.1.1/spring-boot-starter-actuator-4.1.1.jar
2026-09-13 16:45:14,595 [BasicRepositoryConnector-repo.maven.apache.org-1-2] INFO  o.e.m.c.i.e.AbstractTransferListenerAdapter - Downloaded https://repo.maven.apache.org/maven2/org/springframework/boot/spring-boot-micrometer-metrics/4.1.1/spring-boot-micrometer-metrics-4.1.1.jar
2026-09-13 16:45:14,595 [BasicRepositoryConnector-repo.maven.apache.org-1-4] INFO  o.e.m.c.i.e.AbstractTransferListenerAdapter - Downloaded https://repo.maven.apache.org/maven2/org/springframework/boot/spring-boot-starter-micrometer-metrics/4.1.1/spring-boot-starter-micrometer-metrics-4.1.1.jar
2026-09-13 16:45:14,600 [BasicRepositoryConnector-repo.maven.apache.org-1-1] INFO  o.e.m.c.i.e.AbstractTransferListenerAdapter - Downloading https://repo.maven.apache.org/maven2/org/springframework/boot/spring-boot-actuator-autoconfigure/4.1.1/spring-boot-actuator-autoconfigure-4.1.1.jar
2026-09-13 16:45:14,612 [BasicRepositoryConnector-repo.maven.apache.org-1-3] INFO  o.e.m.c.i.e.AbstractTransferListenerAdapter - Downloading https://repo.maven.apache.org/maven2/org/springframework/boot/spring-boot-micrometer-observation/4.1.1/spring-boot-micrometer-observation-4.1.1.jar
2026-09-13 16:45:14,626 [BasicRepositoryConnector-repo.maven.apache.org-1-4] INFO  o.e.m.c.i.e.AbstractTransferListenerAdapter - Downloading https://repo.maven.apache.org/maven2/io/micrometer/micrometer-jakarta9/1.17.1/micrometer-jakarta9-1.17.1.jar
2026-09-13 16:45:14,627 [BasicRepositoryConnector-repo.maven.apache.org-1-1] INFO  o.e.m.c.i.e.AbstractTransferListenerAdapter - Downloaded https://repo.maven.apache.org/maven2/org/springframework/boot/spring-boot-actuator-autoconfigure/4.1.1/spring-boot-actuator-autoconfigure-4.1.1.jar
2026-09-13 16:45:14,628 [BasicRepositoryConnector-repo.maven.apache.org-1-3] INFO  o.e.m.c.i.e.AbstractTransferListenerAdapter - Downloaded https://repo.maven.apache.org/maven2/org/springframework/boot/spring-boot-micrometer-observation/4.1.1/spring-boot-micrometer-observation-4.1.1.jar
2026-09-13 16:45:14,630 [BasicRepositoryConnector-repo.maven.apache.org-1-0] INFO  o.e.m.c.i.e.AbstractTransferListenerAdapter - Downloading https://repo.maven.apache.org/maven2/org/springframework/boot/spring-boot-actuator/4.1.1/spring-boot-actuator-4.1.1.jar
2026-09-13 16:45:14,645 [BasicRepositoryConnector-repo.maven.apache.org-1-4] INFO  o.e.m.c.i.e.AbstractTransferListenerAdapter - Downloaded https://repo.maven.apache.org/maven2/io/micrometer/micrometer-jakarta9/1.17.1/micrometer-jakarta9-1.17.1.jar
2026-09-13 16:45:14,666 [BasicRepositoryConnector-repo.maven.apache.org-1-2] INFO  o.e.m.c.i.e.AbstractTransferListenerAdapter - Downloading https://repo.maven.apache.org/maven2/org/springframework/boot/spring-boot-health/4.1.1/spring-boot-health-4.1.1.jar
2026-09-13 16:45:14,679 [BasicRepositoryConnector-repo.maven.apache.org-1-1] INFO  o.e.m.c.i.e.AbstractTransferListenerAdapter - Downloading https://repo.maven.apache.org/maven2/io/micrometer/micrometer-core/1.17.1/micrometer-core-1.17.1.jar
2026-09-13 16:45:14,682 [BasicRepositoryConnector-repo.maven.apache.org-1-0] INFO  o.e.m.c.i.e.AbstractTransferListenerAdapter - Downloaded https://repo.maven.apache.org/maven2/org/springframework/boot/spring-boot-actuator/4.1.1/spring-boot-actuator-4.1.1.jar
2026-09-13 16:45:14,693 [BasicRepositoryConnector-repo.maven.apache.org-1-2] INFO  o.e.m.c.i.e.AbstractTransferListenerAdapter - Downloaded https://repo.maven.apache.org/maven2/org/springframework/boot/spring-boot-health/4.1.1/spring-boot-health-4.1.1.jar
2026-09-13 16:45:14,773 [BasicRepositoryConnector-repo.maven.apache.org-1-3] INFO  o.e.m.c.i.e.AbstractTransferListenerAdapter - Downloading https://repo.maven.apache.org/maven2/org/springframework/boot/spring-boot-starter-freemarker/4.1.1/spring-boot-starter-freemarker-4.1.1.jar
2026-09-13 16:45:14,773 [BasicRepositoryConnector-repo.maven.apache.org-1-4] INFO  o.e.m.c.i.e.AbstractTransferListenerAdapter - Downloading https://repo.maven.apache.org/maven2/org/springframework/boot/spring-boot-freemarker/4.1.1/spring-boot-freemarker-4.1.1.jar
2026-09-13 16:45:14,790 [BasicRepositoryConnector-repo.maven.apache.org-1-4] INFO  o.e.m.c.i.e.AbstractTransferListenerAdapter - Downloaded https://repo.maven.apache.org/maven2/org/springframework/boot/spring-boot-freemarker/4.1.1/spring-boot-freemarker-4.1.1.jar
2026-09-13 16:45:14,790 [BasicRepositoryConnector-repo.maven.apache.org-1-3] INFO  o.e.m.c.i.e.AbstractTransferListenerAdapter - Downloaded https://repo.maven.apache.org/maven2/org/springframework/boot/spring-boot-starter-freemarker/4.1.1/spring-boot-starter-freemarker-4.1.1.jar
2026-09-13 16:45:14,794 [BasicRepositoryConnector-repo.maven.apache.org-1-1] INFO  o.e.m.c.i.e.AbstractTransferListenerAdapter - Downloaded https://repo.maven.apache.org/maven2/io/micrometer/micrometer-core/1.17.1/micrometer-core-1.17.1.jar
2026-09-13 16:45:14,818 [BasicRepositoryConnector-repo.maven.apache.org-1-0] INFO  o.e.m.c.i.e.AbstractTransferListenerAdapter - Downloading https://repo.maven.apache.org/maven2/com/netflix/eureka/eureka-client-jersey3/2.0.6/eureka-client-jersey3-2.0.6.jar
2026-09-13 16:45:14,818 [BasicRepositoryConnector-repo.maven.apache.org-1-3] INFO  o.e.m.c.i.e.AbstractTransferListenerAdapter - Downloading https://repo.maven.apache.org/maven2/com/netflix/eureka/eureka-core/2.0.6/eureka-core-2.0.6.jar
2026-09-13 16:45:14,833 [BasicRepositoryConnector-repo.maven.apache.org-1-1] INFO  o.e.m.c.i.e.AbstractTransferListenerAdapter - Downloading https://repo.maven.apache.org/maven2/org/glassfish/jersey/containers/jersey-container-servlet/4.0.2/jersey-container-servlet-4.0.2.jar
2026-09-13 16:45:14,839 [BasicRepositoryConnector-repo.maven.apache.org-1-0] INFO  o.e.m.c.i.e.AbstractTransferListenerAdapter - Downloaded https://repo.maven.apache.org/maven2/com/netflix/eureka/eureka-client-jersey3/2.0.6/eureka-client-jersey3-2.0.6.jar
2026-09-13 16:45:14,842 [BasicRepositoryConnector-repo.maven.apache.org-1-4] INFO  o.e.m.c.i.e.AbstractTransferListenerAdapter - Downloading https://repo.maven.apache.org/maven2/com/netflix/eureka/eureka-core-jersey3/2.0.6/eureka-core-jersey3-2.0.6.jar
2026-09-13 16:45:14,848 [BasicRepositoryConnector-repo.maven.apache.org-1-3] INFO  o.e.m.c.i.e.AbstractTransferListenerAdapter - Downloaded https://repo.maven.apache.org/maven2/com/netflix/eureka/eureka-core/2.0.6/eureka-core-2.0.6.jar
2026-09-13 16:45:14,850 [BasicRepositoryConnector-repo.maven.apache.org-1-2] INFO  o.e.m.c.i.e.AbstractTransferListenerAdapter - Downloading https://repo.maven.apache.org/maven2/org/glassfish/jersey/connectors/jersey-apache-connector/3.0.5/jersey-apache-connector-3.0.5.jar
2026-09-13 16:45:14,858 [BasicRepositoryConnector-repo.maven.apache.org-1-1] INFO  o.e.m.c.i.e.AbstractTransferListenerAdapter - Downloaded https://repo.maven.apache.org/maven2/org/glassfish/jersey/containers/jersey-container-servlet/4.0.2/jersey-container-servlet-4.0.2.jar
2026-09-13 16:45:14,861 [BasicRepositoryConnector-repo.maven.apache.org-1-4] INFO  o.e.m.c.i.e.AbstractTransferListenerAdapter - Downloaded https://repo.maven.apache.org/maven2/com/netflix/eureka/eureka-core-jersey3/2.0.6/eureka-core-jersey3-2.0.6.jar
2026-09-13 16:45:14,868 [BasicRepositoryConnector-repo.maven.apache.org-1-2] INFO  o.e.m.c.i.e.AbstractTransferListenerAdapter - Downloaded https://repo.maven.apache.org/maven2/org/glassfish/jersey/connectors/jersey-apache-connector/3.0.5/jersey-apache-connector-3.0.5.jar
2026-09-13 16:45:14,874 [BasicRepositoryConnector-repo.maven.apache.org-1-0] INFO  o.e.m.c.i.e.AbstractTransferListenerAdapter - Downloading https://repo.maven.apache.org/maven2/org/glassfish/jersey/core/jersey-common/4.0.2/jersey-common-4.0.2.jar
2026-09-13 16:45:14,936 [BasicRepositoryConnector-repo.maven.apache.org-1-3] INFO  o.e.m.c.i.e.AbstractTransferListenerAdapter - Downloading https://repo.maven.apache.org/maven2/org/glassfish/hk2/osgi-resource-locator/3.0.0/osgi-resource-locator-3.0.0.jar
2026-09-13 16:45:14,955 [BasicRepositoryConnector-repo.maven.apache.org-1-3] INFO  o.e.m.c.i.e.AbstractTransferListenerAdapter - Downloaded https://repo.maven.apache.org/maven2/org/glassfish/hk2/osgi-resource-locator/3.0.0/osgi-resource-locator-3.0.0.jar
2026-09-13 16:45:14,967 [BasicRepositoryConnector-repo.maven.apache.org-1-1] INFO  o.e.m.c.i.e.AbstractTransferListenerAdapter - Downloading https://repo.maven.apache.org/maven2/org/glassfish/jersey/core/jersey-server/4.0.2/jersey-server-4.0.2.jar
2026-09-13 16:45:15,009 [BasicRepositoryConnector-repo.maven.apache.org-1-4] INFO  o.e.m.c.i.e.AbstractTransferListenerAdapter - Downloading https://repo.maven.apache.org/maven2/jakarta/validation/jakarta.validation-api/3.1.1/jakarta.validation-api-3.1.1.jar
2026-09-13 16:45:15,031 [BasicRepositoryConnector-repo.maven.apache.org-1-4] INFO  o.e.m.c.i.e.AbstractTransferListenerAdapter - Downloaded https://repo.maven.apache.org/maven2/jakarta/validation/jakarta.validation-api/3.1.1/jakarta.validation-api-3.1.1.jar
2026-09-13 16:45:15,084 [BasicRepositoryConnector-repo.maven.apache.org-1-2] INFO  o.e.m.c.i.e.AbstractTransferListenerAdapter - Downloading https://repo.maven.apache.org/maven2/org/glassfish/jersey/core/jersey-client/4.0.2/jersey-client-4.0.2.jar
2026-09-13 16:45:15,108 [BasicRepositoryConnector-repo.maven.apache.org-1-1] INFO  o.e.m.c.i.e.AbstractTransferListenerAdapter - Downloaded https://repo.maven.apache.org/maven2/org/glassfish/jersey/core/jersey-server/4.0.2/jersey-server-4.0.2.jar
2026-09-13 16:45:15,120 [BasicRepositoryConnector-repo.maven.apache.org-1-3] INFO  o.e.m.c.i.e.AbstractTransferListenerAdapter - Downloading https://repo.maven.apache.org/maven2/org/glassfish/jersey/inject/jersey-hk2/4.0.2/jersey-hk2-4.0.2.jar
2026-09-13 16:45:15,137 [BasicRepositoryConnector-repo.maven.apache.org-1-2] INFO  o.e.m.c.i.e.AbstractTransferListenerAdapter - Downloaded https://repo.maven.apache.org/maven2/org/glassfish/jersey/core/jersey-client/4.0.2/jersey-client-4.0.2.jar
2026-09-13 16:45:15,140 [BasicRepositoryConnector-repo.maven.apache.org-1-3] INFO  o.e.m.c.i.e.AbstractTransferListenerAdapter - Downloaded https://repo.maven.apache.org/maven2/org/glassfish/jersey/inject/jersey-hk2/4.0.2/jersey-hk2-4.0.2.jar
2026-09-13 16:45:15,146 [BasicRepositoryConnector-repo.maven.apache.org-1-4] INFO  o.e.m.c.i.e.AbstractTransferListenerAdapter - Downloading https://repo.maven.apache.org/maven2/org/glassfish/hk2/hk2-locator/4.0.0-M3/hk2-locator-4.0.0-M3.jar
2026-09-13 16:45:15,148 [BasicRepositoryConnector-repo.maven.apache.org-1-0] INFO  o.e.m.c.i.e.AbstractTransferListenerAdapter - Downloaded https://repo.maven.apache.org/maven2/org/glassfish/jersey/core/jersey-common/4.0.2/jersey-common-4.0.2.jar
2026-09-13 16:45:15,163 [BasicRepositoryConnector-repo.maven.apache.org-1-1] INFO  o.e.m.c.i.e.AbstractTransferListenerAdapter - Downloading https://repo.maven.apache.org/maven2/org/glassfish/hk2/hk2-utils/4.0.0-M3/hk2-utils-4.0.0-M3.jar
2026-09-13 16:45:15,174 [BasicRepositoryConnector-repo.maven.apache.org-1-3] INFO  o.e.m.c.i.e.AbstractTransferListenerAdapter - Downloading https://repo.maven.apache.org/maven2/org/glassfish/jaxb/jaxb-runtime/4.0.9/jaxb-runtime-4.0.9.jar
2026-09-13 16:45:15,177 [BasicRepositoryConnector-repo.maven.apache.org-1-2] INFO  o.e.m.c.i.e.AbstractTransferListenerAdapter - Downloading https://repo.maven.apache.org/maven2/com/fasterxml/jackson/dataformat/jackson-dataformat-xml/2.21.5/jackson-dataformat-xml-2.21.5.jar
2026-09-13 16:45:15,179 [BasicRepositoryConnector-repo.maven.apache.org-1-4] INFO  o.e.m.c.i.e.AbstractTransferListenerAdapter - Downloaded https://repo.maven.apache.org/maven2/org/glassfish/hk2/hk2-locator/4.0.0-M3/hk2-locator-4.0.0-M3.jar
2026-09-13 16:45:15,184 [BasicRepositoryConnector-repo.maven.apache.org-1-1] INFO  o.e.m.c.i.e.AbstractTransferListenerAdapter - Downloaded https://repo.maven.apache.org/maven2/org/glassfish/hk2/hk2-utils/4.0.0-M3/hk2-utils-4.0.0-M3.jar
2026-09-13 16:45:15,205 [BasicRepositoryConnector-repo.maven.apache.org-1-2] INFO  o.e.m.c.i.e.AbstractTransferListenerAdapter - Downloaded https://repo.maven.apache.org/maven2/com/fasterxml/jackson/dataformat/jackson-dataformat-xml/2.21.5/jackson-dataformat-xml-2.21.5.jar
2026-09-13 16:45:15,261 [BasicRepositoryConnector-repo.maven.apache.org-1-1] INFO  o.e.m.c.i.e.AbstractTransferListenerAdapter - Downloading https://repo.maven.apache.org/maven2/org/springframework/boot/spring-boot-starter-webmvc-test/4.1.1/spring-boot-starter-webmvc-test-4.1.1.jar
2026-09-13 16:45:15,261 [BasicRepositoryConnector-repo.maven.apache.org-1-4] INFO  o.e.m.c.i.e.AbstractTransferListenerAdapter - Downloading https://repo.maven.apache.org/maven2/org/glassfish/jaxb/txw2/4.0.9/txw2-4.0.9.jar
2026-09-13 16:45:15,271 [BasicRepositoryConnector-repo.maven.apache.org-1-0] INFO  o.e.m.c.i.e.AbstractTransferListenerAdapter - Downloading https://repo.maven.apache.org/maven2/org/glassfish/jaxb/jaxb-core/4.0.9/jaxb-core-4.0.9.jar
2026-09-13 16:45:15,277 [BasicRepositoryConnector-repo.maven.apache.org-1-1] INFO  o.e.m.c.i.e.AbstractTransferListenerAdapter - Downloaded https://repo.maven.apache.org/maven2/org/springframework/boot/spring-boot-starter-webmvc-test/4.1.1/spring-boot-starter-webmvc-test-4.1.1.jar
2026-09-13 16:45:15,280 [BasicRepositoryConnector-repo.maven.apache.org-1-3] INFO  o.e.m.c.i.e.AbstractTransferListenerAdapter - Downloaded https://repo.maven.apache.org/maven2/org/glassfish/jaxb/jaxb-runtime/4.0.9/jaxb-runtime-4.0.9.jar
2026-09-13 16:45:15,282 [BasicRepositoryConnector-repo.maven.apache.org-1-4] INFO  o.e.m.c.i.e.AbstractTransferListenerAdapter - Downloaded https://repo.maven.apache.org/maven2/org/glassfish/jaxb/txw2/4.0.9/txw2-4.0.9.jar
2026-09-13 16:45:15,288 [BasicRepositoryConnector-repo.maven.apache.org-1-2] INFO  o.e.m.c.i.e.AbstractTransferListenerAdapter - Downloading https://repo.maven.apache.org/maven2/org/springframework/boot/spring-boot-starter-jackson-test/4.1.1/spring-boot-starter-jackson-test-4.1.1.jar
2026-09-13 16:45:15,305 [BasicRepositoryConnector-repo.maven.apache.org-1-2] INFO  o.e.m.c.i.e.AbstractTransferListenerAdapter - Downloaded https://repo.maven.apache.org/maven2/org/springframework/boot/spring-boot-starter-jackson-test/4.1.1/spring-boot-starter-jackson-test-4.1.1.jar
2026-09-13 16:45:15,305 [BasicRepositoryConnector-repo.maven.apache.org-1-0] INFO  o.e.m.c.i.e.AbstractTransferListenerAdapter - Downloaded https://repo.maven.apache.org/maven2/org/glassfish/jaxb/jaxb-core/4.0.9/jaxb-core-4.0.9.jar
2026-09-13 16:45:15,306 [BasicRepositoryConnector-repo.maven.apache.org-1-1] INFO  o.e.m.c.i.e.AbstractTransferListenerAdapter - Downloading https://repo.maven.apache.org/maven2/org/springframework/boot/spring-boot-starter-test/4.1.1/spring-boot-starter-test-4.1.1.jar
2026-09-13 16:45:15,308 [BasicRepositoryConnector-repo.maven.apache.org-1-4] INFO  o.e.m.c.i.e.AbstractTransferListenerAdapter - Downloading https://repo.maven.apache.org/maven2/org/springframework/boot/spring-boot-test-autoconfigure/4.1.1/spring-boot-test-autoconfigure-4.1.1.jar
2026-09-13 16:45:15,310 [BasicRepositoryConnector-repo.maven.apache.org-1-3] INFO  o.e.m.c.i.e.AbstractTransferListenerAdapter - Downloading https://repo.maven.apache.org/maven2/org/springframework/boot/spring-boot-test/4.1.1/spring-boot-test-4.1.1.jar
2026-09-13 16:45:15,325 [BasicRepositoryConnector-repo.maven.apache.org-1-1] INFO  o.e.m.c.i.e.AbstractTransferListenerAdapter - Downloaded https://repo.maven.apache.org/maven2/org/springframework/boot/spring-boot-starter-test/4.1.1/spring-boot-starter-test-4.1.1.jar
2026-09-13 16:45:15,328 [BasicRepositoryConnector-repo.maven.apache.org-1-4] INFO  o.e.m.c.i.e.AbstractTransferListenerAdapter - Downloaded https://repo.maven.apache.org/maven2/org/springframework/boot/spring-boot-test-autoconfigure/4.1.1/spring-boot-test-autoconfigure-4.1.1.jar
2026-09-13 16:45:15,339 [BasicRepositoryConnector-repo.maven.apache.org-1-3] INFO  o.e.m.c.i.e.AbstractTransferListenerAdapter - Downloaded https://repo.maven.apache.org/maven2/org/springframework/boot/spring-boot-test/4.1.1/spring-boot-test-4.1.1.jar
2026-09-13 16:45:15,348 [BasicRepositoryConnector-repo.maven.apache.org-1-2] INFO  o.e.m.c.i.e.AbstractTransferListenerAdapter - Downloading https://repo.maven.apache.org/maven2/com/jayway/jsonpath/json-path/2.10.0/json-path-2.10.0.jar
2026-09-13 16:45:15,377 [BasicRepositoryConnector-repo.maven.apache.org-1-0] INFO  o.e.m.c.i.e.AbstractTransferListenerAdapter - Downloading https://repo.maven.apache.org/maven2/jakarta/xml/bind/jakarta.xml.bind-api/4.0.5/jakarta.xml.bind-api-4.0.5.jar
2026-09-13 16:45:15,385 [BasicRepositoryConnector-repo.maven.apache.org-1-1] INFO  o.e.m.c.i.e.AbstractTransferListenerAdapter - Downloading https://repo.maven.apache.org/maven2/org/assertj/assertj-core/3.27.7/assertj-core-3.27.7.jar
2026-09-13 16:45:15,392 [BasicRepositoryConnector-repo.maven.apache.org-1-2] INFO  o.e.m.c.i.e.AbstractTransferListenerAdapter - Downloaded https://repo.maven.apache.org/maven2/com/jayway/jsonpath/json-path/2.10.0/json-path-2.10.0.jar
2026-09-13 16:45:15,396 [BasicRepositoryConnector-repo.maven.apache.org-1-0] INFO  o.e.m.c.i.e.AbstractTransferListenerAdapter - Downloaded https://repo.maven.apache.org/maven2/jakarta/xml/bind/jakarta.xml.bind-api/4.0.5/jakarta.xml.bind-api-4.0.5.jar
2026-09-13 16:45:15,485 [BasicRepositoryConnector-repo.maven.apache.org-1-4] INFO  o.e.m.c.i.e.AbstractTransferListenerAdapter - Downloading https://repo.maven.apache.org/maven2/net/bytebuddy/byte-buddy/1.18.11/byte-buddy-1.18.11.jar
2026-09-13 16:45:15,579 [BasicRepositoryConnector-repo.maven.apache.org-1-3] INFO  o.e.m.c.i.e.AbstractTransferListenerAdapter - Downloading https://repo.maven.apache.org/maven2/org/junit/jupiter/junit-jupiter/6.0.3/junit-jupiter-6.0.3.jar
2026-09-13 16:45:15,610 [BasicRepositoryConnector-repo.maven.apache.org-1-3] INFO  o.e.m.c.i.e.AbstractTransferListenerAdapter - Downloaded https://repo.maven.apache.org/maven2/org/junit/jupiter/junit-jupiter/6.0.3/junit-jupiter-6.0.3.jar
2026-09-13 16:45:15,614 [BasicRepositoryConnector-repo.maven.apache.org-1-1] INFO  o.e.m.c.i.e.AbstractTransferListenerAdapter - Downloaded https://repo.maven.apache.org/maven2/org/assertj/assertj-core/3.27.7/assertj-core-3.27.7.jar
2026-09-13 16:45:15,764 [BasicRepositoryConnector-repo.maven.apache.org-1-0] INFO  o.e.m.c.i.e.AbstractTransferListenerAdapter - Downloading https://repo.maven.apache.org/maven2/org/junit/platform/junit-platform-commons/6.0.3/junit-platform-commons-6.0.3.jar
2026-09-13 16:45:15,799 [BasicRepositoryConnector-repo.maven.apache.org-1-2] INFO  o.e.m.c.i.e.AbstractTransferListenerAdapter - Downloading https://repo.maven.apache.org/maven2/org/junit/jupiter/junit-jupiter-api/6.0.3/junit-jupiter-api-6.0.3.jar
2026-09-13 16:45:15,805 [BasicRepositoryConnector-repo.maven.apache.org-1-0] INFO  o.e.m.c.i.e.AbstractTransferListenerAdapter - Downloaded https://repo.maven.apache.org/maven2/org/junit/platform/junit-platform-commons/6.0.3/junit-platform-commons-6.0.3.jar
2026-09-13 16:45:15,812 [BasicRepositoryConnector-repo.maven.apache.org-1-1] INFO  o.e.m.c.i.e.AbstractTransferListenerAdapter - Downloading https://repo.maven.apache.org/maven2/org/junit/jupiter/junit-jupiter-engine/6.0.3/junit-jupiter-engine-6.0.3.jar
2026-09-13 16:45:15,830 [BasicRepositoryConnector-repo.maven.apache.org-1-2] INFO  o.e.m.c.i.e.AbstractTransferListenerAdapter - Downloaded https://repo.maven.apache.org/maven2/org/junit/jupiter/junit-jupiter-api/6.0.3/junit-jupiter-api-6.0.3.jar
2026-09-13 16:45:15,842 [BasicRepositoryConnector-repo.maven.apache.org-1-3] INFO  o.e.m.c.i.e.AbstractTransferListenerAdapter - Downloading https://repo.maven.apache.org/maven2/org/junit/jupiter/junit-jupiter-params/6.0.3/junit-jupiter-params-6.0.3.jar
2026-09-13 16:45:15,856 [BasicRepositoryConnector-repo.maven.apache.org-1-1] INFO  o.e.m.c.i.e.AbstractTransferListenerAdapter - Downloaded https://repo.maven.apache.org/maven2/org/junit/jupiter/junit-jupiter-engine/6.0.3/junit-jupiter-engine-6.0.3.jar
2026-09-13 16:45:15,894 [BasicRepositoryConnector-repo.maven.apache.org-1-3] INFO  o.e.m.c.i.e.AbstractTransferListenerAdapter - Downloaded https://repo.maven.apache.org/maven2/org/junit/jupiter/junit-jupiter-params/6.0.3/junit-jupiter-params-6.0.3.jar
2026-09-13 16:45:16,040 [BasicRepositoryConnector-repo.maven.apache.org-1-0] INFO  o.e.m.c.i.e.AbstractTransferListenerAdapter - Downloading https://repo.maven.apache.org/maven2/org/junit/platform/junit-platform-engine/6.0.3/junit-platform-engine-6.0.3.jar
2026-09-13 16:45:16,058 [BasicRepositoryConnector-repo.maven.apache.org-1-2] INFO  o.e.m.c.i.e.AbstractTransferListenerAdapter - Downloading https://repo.maven.apache.org/maven2/org/mockito/mockito-core/5.23.0/mockito-core-5.23.0.jar
2026-09-13 16:45:16,075 [BasicRepositoryConnector-repo.maven.apache.org-1-0] INFO  o.e.m.c.i.e.AbstractTransferListenerAdapter - Downloaded https://repo.maven.apache.org/maven2/org/junit/platform/junit-platform-engine/6.0.3/junit-platform-engine-6.0.3.jar
2026-09-13 16:45:16,136 [BasicRepositoryConnector-repo.maven.apache.org-1-1] INFO  o.e.m.c.i.e.AbstractTransferListenerAdapter - Downloading https://repo.maven.apache.org/maven2/net/bytebuddy/byte-buddy-agent/1.18.11/byte-buddy-agent-1.18.11.jar
2026-09-13 16:45:16,152 [BasicRepositoryConnector-repo.maven.apache.org-1-2] INFO  o.e.m.c.i.e.AbstractTransferListenerAdapter - Downloaded https://repo.maven.apache.org/maven2/org/mockito/mockito-core/5.23.0/mockito-core-5.23.0.jar
2026-09-13 16:45:16,184 [BasicRepositoryConnector-repo.maven.apache.org-1-1] INFO  o.e.m.c.i.e.AbstractTransferListenerAdapter - Downloaded https://repo.maven.apache.org/maven2/net/bytebuddy/byte-buddy-agent/1.18.11/byte-buddy-agent-1.18.11.jar
2026-09-13 16:45:16,201 [BasicRepositoryConnector-repo.maven.apache.org-1-3] INFO  o.e.m.c.i.e.AbstractTransferListenerAdapter - Downloading https://repo.maven.apache.org/maven2/org/mockito/mockito-junit-jupiter/5.23.0/mockito-junit-jupiter-5.23.0.jar
2026-09-13 16:45:16,217 [BasicRepositoryConnector-repo.maven.apache.org-1-3] INFO  o.e.m.c.i.e.AbstractTransferListenerAdapter - Downloaded https://repo.maven.apache.org/maven2/org/mockito/mockito-junit-jupiter/5.23.0/mockito-junit-jupiter-5.23.0.jar
2026-09-13 16:45:16,232 [BasicRepositoryConnector-repo.maven.apache.org-1-0] INFO  o.e.m.c.i.e.AbstractTransferListenerAdapter - Downloading https://repo.maven.apache.org/maven2/org/springframework/spring-core/7.0.9/spring-core-7.0.9.jar
2026-09-13 16:45:16,242 [BasicRepositoryConnector-repo.maven.apache.org-1-4] INFO  o.e.m.c.i.e.AbstractTransferListenerAdapter - Downloaded https://repo.maven.apache.org/maven2/net/bytebuddy/byte-buddy/1.18.11/byte-buddy-1.18.11.jar
2026-09-13 16:45:16,364 [BasicRepositoryConnector-repo.maven.apache.org-1-1] INFO  o.e.m.c.i.e.AbstractTransferListenerAdapter - Downloading https://repo.maven.apache.org/maven2/org/jspecify/jspecify/1.0.1/jspecify-1.0.1.jar
2026-09-13 16:45:16,374 [BasicRepositoryConnector-repo.maven.apache.org-1-3] INFO  o.e.m.c.i.e.AbstractTransferListenerAdapter - Downloading https://repo.maven.apache.org/maven2/org/springframework/spring-test/7.0.9/spring-test-7.0.9.jar
2026-09-13 16:45:16,383 [BasicRepositoryConnector-repo.maven.apache.org-1-1] INFO  o.e.m.c.i.e.AbstractTransferListenerAdapter - Downloaded https://repo.maven.apache.org/maven2/org/jspecify/jspecify/1.0.1/jspecify-1.0.1.jar
2026-09-13 16:45:16,454 [BasicRepositoryConnector-repo.maven.apache.org-1-2] INFO  o.e.m.c.i.e.AbstractTransferListenerAdapter - Downloading https://repo.maven.apache.org/maven2/commons-logging/commons-logging/1.3.6/commons-logging-1.3.6.jar
2026-09-13 16:45:16,473 [BasicRepositoryConnector-repo.maven.apache.org-1-2] INFO  o.e.m.c.i.e.AbstractTransferListenerAdapter - Downloaded https://repo.maven.apache.org/maven2/commons-logging/commons-logging/1.3.6/commons-logging-1.3.6.jar
2026-09-13 16:45:16,510 [BasicRepositoryConnector-repo.maven.apache.org-1-3] INFO  o.e.m.c.i.e.AbstractTransferListenerAdapter - Downloaded https://repo.maven.apache.org/maven2/org/springframework/spring-test/7.0.9/spring-test-7.0.9.jar
2026-09-13 16:45:16,564 [BasicRepositoryConnector-repo.maven.apache.org-1-4] INFO  o.e.m.c.i.e.AbstractTransferListenerAdapter - Downloading https://repo.maven.apache.org/maven2/org/xmlunit/xmlunit-core/2.11.0/xmlunit-core-2.11.0.jar
2026-09-13 16:45:16,601 [BasicRepositoryConnector-repo.maven.apache.org-1-4] INFO  o.e.m.c.i.e.AbstractTransferListenerAdapter - Downloaded https://repo.maven.apache.org/maven2/org/xmlunit/xmlunit-core/2.11.0/xmlunit-core-2.11.0.jar
2026-09-13 16:45:16,680 [BasicRepositoryConnector-repo.maven.apache.org-1-0] INFO  o.e.m.c.i.e.AbstractTransferListenerAdapter - Downloaded https://repo.maven.apache.org/maven2/org/springframework/spring-core/7.0.9/spring-core-7.0.9.jar
2026-09-13 16:45:16,696 [BasicRepositoryConnector-repo.maven.apache.org-1-1] INFO  o.e.m.c.i.e.AbstractTransferListenerAdapter - Downloading https://repo.maven.apache.org/maven2/org/springframework/boot/spring-boot-webmvc-test/4.1.1/spring-boot-webmvc-test-4.1.1.jar
2026-09-13 16:45:16,711 [BasicRepositoryConnector-repo.maven.apache.org-1-3] INFO  o.e.m.c.i.e.AbstractTransferListenerAdapter - Downloading https://repo.maven.apache.org/maven2/org/springframework/boot/spring-boot-resttestclient/4.1.1/spring-boot-resttestclient-4.1.1.jar
2026-09-13 16:45:16,713 [BasicRepositoryConnector-repo.maven.apache.org-1-2] INFO  o.e.m.c.i.e.AbstractTransferListenerAdapter - Downloading https://repo.maven.apache.org/maven2/org/springframework/boot/spring-boot-web-server/4.1.1/spring-boot-web-server-4.1.1.jar
2026-09-13 16:45:16,719 [BasicRepositoryConnector-repo.maven.apache.org-1-1] INFO  o.e.m.c.i.e.AbstractTransferListenerAdapter - Downloaded https://repo.maven.apache.org/maven2/org/springframework/boot/spring-boot-webmvc-test/4.1.1/spring-boot-webmvc-test-4.1.1.jar
2026-09-13 16:45:16,729 [BasicRepositoryConnector-repo.maven.apache.org-1-3] INFO  o.e.m.c.i.e.AbstractTransferListenerAdapter - Downloaded https://repo.maven.apache.org/maven2/org/springframework/boot/spring-boot-resttestclient/4.1.1/spring-boot-resttestclient-4.1.1.jar
2026-09-13 16:45:16,736 [BasicRepositoryConnector-repo.maven.apache.org-1-2] INFO  o.e.m.c.i.e.AbstractTransferListenerAdapter - Downloaded https://repo.maven.apache.org/maven2/org/springframework/boot/spring-boot-web-server/4.1.1/spring-boot-web-server-4.1.1.jar
2026-09-13 16:45:17,992 [Worker-13: Import Getting Started Content] INFO  o.e.m.c.i.e.AbstractTransferListenerAdapter - Downloading https://repo.maven.apache.org/maven2/org/apache/maven/plugins/maven-resources-plugin/3.5.0/maven-resources-plugin-3.5.0.pom
2026-09-13 16:45:18,008 [Worker-13: Import Getting Started Content] INFO  o.e.m.c.i.e.AbstractTransferListenerAdapter - Downloaded https://repo.maven.apache.org/maven2/org/apache/maven/plugins/maven-resources-plugin/3.5.0/maven-resources-plugin-3.5.0.pom
2026-09-13 16:45:18,077 [Worker-13: Import Getting Started Content] INFO  o.e.m.c.i.e.AbstractTransferListenerAdapter - Downloading https://repo.maven.apache.org/maven2/org/apache/maven/plugins/maven-surefire-plugin/3.5.6/maven-surefire-plugin-3.5.6.pom
2026-09-13 16:45:18,092 [Worker-13: Import Getting Started Content] INFO  o.e.m.c.i.e.AbstractTransferListenerAdapter - Downloaded https://repo.maven.apache.org/maven2/org/apache/maven/plugins/maven-surefire-plugin/3.5.6/maven-surefire-plugin-3.5.6.pom
2026-09-13 16:45:18,371 [Worker-13: Import Getting Started Content] INFO  o.e.m.c.i.e.AbstractTransferListenerAdapter - Downloading https://repo.maven.apache.org/maven2/org/apache/maven/surefire/surefire/3.5.6/surefire-3.5.6.pom
2026-09-13 16:45:18,384 [Worker-13: Import Getting Started Content] INFO  o.e.m.c.i.e.AbstractTransferListenerAdapter - Downloaded https://repo.maven.apache.org/maven2/org/apache/maven/surefire/surefire/3.5.6/surefire-3.5.6.pom
2026-09-13 16:45:18,456 [Worker-13: Import Getting Started Content] INFO  o.e.m.c.i.e.AbstractTransferListenerAdapter - Downloading https://repo.maven.apache.org/maven2/org/apache/maven/plugins/maven-jar-plugin/3.5.1/maven-jar-plugin-3.5.1.pom
2026-09-13 16:45:18,471 [Worker-13: Import Getting Started Content] INFO  o.e.m.c.i.e.AbstractTransferListenerAdapter - Downloaded https://repo.maven.apache.org/maven2/org/apache/maven/plugins/maven-jar-plugin/3.5.1/maven-jar-plugin-3.5.1.pom
2026-09-13 16:45:18,519 [Worker-13: Import Getting Started Content] INFO  o.e.m.c.i.e.AbstractTransferListenerAdapter - Downloading https://repo.maven.apache.org/maven2/org/apache/maven/plugins/maven-plugins/49/maven-plugins-49.pom
2026-09-13 16:45:18,535 [Worker-13: Import Getting Started Content] INFO  o.e.m.c.i.e.AbstractTransferListenerAdapter - Downloaded https://repo.maven.apache.org/maven2/org/apache/maven/plugins/maven-plugins/49/maven-plugins-49.pom
2026-09-13 16:45:18,583 [Worker-13: Import Getting Started Content] INFO  o.e.m.c.i.e.AbstractTransferListenerAdapter - Downloading https://repo.maven.apache.org/maven2/org/apache/maven/maven-parent/49/maven-parent-49.pom
2026-09-13 16:45:18,601 [Worker-13: Import Getting Started Content] INFO  o.e.m.c.i.e.AbstractTransferListenerAdapter - Downloaded https://repo.maven.apache.org/maven2/org/apache/maven/maven-parent/49/maven-parent-49.pom
2026-09-13 16:45:18,652 [Worker-13: Import Getting Started Content] INFO  o.e.m.c.i.e.AbstractTransferListenerAdapter - Downloading https://repo.maven.apache.org/maven2/org/apache/apache/39/apache-39.pom
2026-09-13 16:45:18,669 [Worker-13: Import Getting Started Content] INFO  o.e.m.c.i.e.AbstractTransferListenerAdapter - Downloaded https://repo.maven.apache.org/maven2/org/apache/apache/39/apache-39.pom
2026-09-13 16:45:18,721 [Worker-13: Import Getting Started Content] INFO  o.e.m.c.i.e.AbstractTransferListenerAdapter - Downloading https://repo.maven.apache.org/maven2/org/junit/junit-bom/5.14.4/junit-bom-5.14.4.pom
2026-09-13 16:45:18,735 [Worker-13: Import Getting Started Content] INFO  o.e.m.c.i.e.AbstractTransferListenerAdapter - Downloaded https://repo.maven.apache.org/maven2/org/junit/junit-bom/5.14.4/junit-bom-5.14.4.pom
2026-09-13 16:45:18,816 [Worker-13: Import Getting Started Content] INFO  o.e.m.c.i.e.AbstractTransferListenerAdapter - Downloading https://repo.maven.apache.org/maven2/org/apache/maven/shared/file-management/3.2.0/file-management-3.2.0.pom
2026-09-13 16:45:18,829 [Worker-13: Import Getting Started Content] INFO  o.e.m.c.i.e.AbstractTransferListenerAdapter - Downloaded https://repo.maven.apache.org/maven2/org/apache/maven/shared/file-management/3.2.0/file-management-3.2.0.pom
2026-09-13 16:45:18,874 [Worker-13: Import Getting Started Content] INFO  o.e.m.c.i.e.AbstractTransferListenerAdapter - Downloading https://repo.maven.apache.org/maven2/org/apache/maven/shared/maven-shared-components/44/maven-shared-components-44.pom
2026-09-13 16:45:18,889 [Worker-13: Import Getting Started Content] INFO  o.e.m.c.i.e.AbstractTransferListenerAdapter - Downloaded https://repo.maven.apache.org/maven2/org/apache/maven/shared/maven-shared-components/44/maven-shared-components-44.pom
2026-09-13 16:45:18,963 [Worker-13: Import Getting Started Content] INFO  o.e.m.c.i.e.AbstractTransferListenerAdapter - Downloading https://repo.maven.apache.org/maven2/org/codehaus/plexus/plexus-utils/4.0.3/plexus-utils-4.0.3.pom
2026-09-13 16:45:18,975 [Worker-13: Import Getting Started Content] INFO  o.e.m.c.i.e.AbstractTransferListenerAdapter - Downloaded https://repo.maven.apache.org/maven2/org/codehaus/plexus/plexus-utils/4.0.3/plexus-utils-4.0.3.pom
2026-09-13 16:45:19,021 [Worker-13: Import Getting Started Content] INFO  o.e.m.c.i.e.AbstractTransferListenerAdapter - Downloading https://repo.maven.apache.org/maven2/commons-io/commons-io/2.19.0/commons-io-2.19.0.pom
2026-09-13 16:45:19,037 [Worker-13: Import Getting Started Content] INFO  o.e.m.c.i.e.AbstractTransferListenerAdapter - Downloaded https://repo.maven.apache.org/maven2/commons-io/commons-io/2.19.0/commons-io-2.19.0.pom
2026-09-13 16:45:19,094 [Worker-13: Import Getting Started Content] INFO  o.e.m.c.i.e.AbstractTransferListenerAdapter - Downloading https://repo.maven.apache.org/maven2/org/apache/maven/maven-archiver/3.6.6/maven-archiver-3.6.6.pom
2026-09-13 16:45:19,109 [Worker-13: Import Getting Started Content] INFO  o.e.m.c.i.e.AbstractTransferListenerAdapter - Downloaded https://repo.maven.apache.org/maven2/org/apache/maven/maven-archiver/3.6.6/maven-archiver-3.6.6.pom
2026-09-13 16:45:19,160 [Worker-13: Import Getting Started Content] INFO  o.e.m.c.i.e.AbstractTransferListenerAdapter - Downloading https://repo.maven.apache.org/maven2/org/apache/maven/shared/maven-shared-components/45/maven-shared-components-45.pom
2026-09-13 16:45:19,175 [Worker-13: Import Getting Started Content] INFO  o.e.m.c.i.e.AbstractTransferListenerAdapter - Downloaded https://repo.maven.apache.org/maven2/org/apache/maven/shared/maven-shared-components/45/maven-shared-components-45.pom
2026-09-13 16:45:19,236 [Worker-13: Import Getting Started Content] INFO  o.e.m.c.i.e.AbstractTransferListenerAdapter - Downloading https://repo.maven.apache.org/maven2/org/codehaus/plexus/plexus-archiver/4.10.4/plexus-archiver-4.10.4.pom
2026-09-13 16:45:19,248 [Worker-13: Import Getting Started Content] INFO  o.e.m.c.i.e.AbstractTransferListenerAdapter - Downloaded https://repo.maven.apache.org/maven2/org/codehaus/plexus/plexus-archiver/4.10.4/plexus-archiver-4.10.4.pom
2026-09-13 16:45:19,290 [Worker-13: Import Getting Started Content] INFO  o.e.m.c.i.e.AbstractTransferListenerAdapter - Downloading https://repo.maven.apache.org/maven2/org/codehaus/plexus/plexus-io/3.6.0/plexus-io-3.6.0.pom
2026-09-13 16:45:19,305 [Worker-13: Import Getting Started Content] INFO  o.e.m.c.i.e.AbstractTransferListenerAdapter - Downloaded https://repo.maven.apache.org/maven2/org/codehaus/plexus/plexus-io/3.6.0/plexus-io-3.6.0.pom
2026-09-13 16:45:19,357 [Worker-13: Import Getting Started Content] INFO  o.e.m.c.i.e.AbstractTransferListenerAdapter - Downloading https://repo.maven.apache.org/maven2/commons-io/commons-io/2.20.0/commons-io-2.20.0.pom
2026-09-13 16:45:19,374 [Worker-13: Import Getting Started Content] INFO  o.e.m.c.i.e.AbstractTransferListenerAdapter - Downloaded https://repo.maven.apache.org/maven2/commons-io/commons-io/2.20.0/commons-io-2.20.0.pom
2026-09-13 16:45:19,435 [Worker-13: Import Getting Started Content] INFO  o.e.m.c.i.e.AbstractTransferListenerAdapter - Downloading https://repo.maven.apache.org/maven2/org/apache/commons/commons-parent/85/commons-parent-85.pom
2026-09-13 16:45:19,460 [Worker-13: Import Getting Started Content] INFO  o.e.m.c.i.e.AbstractTransferListenerAdapter - Downloaded https://repo.maven.apache.org/maven2/org/apache/commons/commons-parent/85/commons-parent-85.pom
2026-09-13 16:45:19,520 [Worker-13: Import Getting Started Content] INFO  o.e.m.c.i.e.AbstractTransferListenerAdapter - Downloading https://repo.maven.apache.org/maven2/org/apache/commons/commons-compress/1.28.0/commons-compress-1.28.0.pom
2026-09-13 16:45:19,541 [Worker-13: Import Getting Started Content] INFO  o.e.m.c.i.e.AbstractTransferListenerAdapter - Downloaded https://repo.maven.apache.org/maven2/org/apache/commons/commons-compress/1.28.0/commons-compress-1.28.0.pom
2026-09-13 16:45:19,589 [Worker-13: Import Getting Started Content] INFO  o.e.m.c.i.e.AbstractTransferListenerAdapter - Downloading https://repo.maven.apache.org/maven2/commons-codec/commons-codec/1.19.0/commons-codec-1.19.0.pom
2026-09-13 16:45:19,605 [Worker-13: Import Getting Started Content] INFO  o.e.m.c.i.e.AbstractTransferListenerAdapter - Downloaded https://repo.maven.apache.org/maven2/commons-codec/commons-codec/1.19.0/commons-codec-1.19.0.pom
2026-09-13 16:45:19,662 [Worker-13: Import Getting Started Content] INFO  o.e.m.c.i.e.AbstractTransferListenerAdapter - Downloading https://repo.maven.apache.org/maven2/org/apache/commons/commons-lang3/3.18.0/commons-lang3-3.18.0.pom
2026-09-13 16:45:19,686 [Worker-13: Import Getting Started Content] INFO  o.e.m.c.i.e.AbstractTransferListenerAdapter - Downloaded https://repo.maven.apache.org/maven2/org/apache/commons/commons-lang3/3.18.0/commons-lang3-3.18.0.pom
2026-09-13 16:45:19,741 [Worker-13: Import Getting Started Content] INFO  o.e.m.c.i.e.AbstractTransferListenerAdapter - Downloading https://repo.maven.apache.org/maven2/io/airlift/aircompressor/0.27/aircompressor-0.27.pom
2026-09-13 16:45:19,758 [Worker-13: Import Getting Started Content] INFO  o.e.m.c.i.e.AbstractTransferListenerAdapter - Downloaded https://repo.maven.apache.org/maven2/io/airlift/aircompressor/0.27/aircompressor-0.27.pom
2026-09-13 16:45:19,815 [Worker-13: Import Getting Started Content] INFO  o.e.m.c.i.e.AbstractTransferListenerAdapter - Downloading https://repo.maven.apache.org/maven2/io/airlift/airbase/112/airbase-112.pom
2026-09-13 16:45:19,837 [Worker-13: Import Getting Started Content] INFO  o.e.m.c.i.e.AbstractTransferListenerAdapter - Downloaded https://repo.maven.apache.org/maven2/io/airlift/airbase/112/airbase-112.pom
2026-09-13 16:45:19,891 [Worker-13: Import Getting Started Content] INFO  o.e.m.c.i.e.AbstractTransferListenerAdapter - Downloading https://repo.maven.apache.org/maven2/org/junit/junit-bom/5.8.0-M1/junit-bom-5.8.0-M1.pom
2026-09-13 16:45:19,908 [Worker-13: Import Getting Started Content] INFO  o.e.m.c.i.e.AbstractTransferListenerAdapter - Downloaded https://repo.maven.apache.org/maven2/org/junit/junit-bom/5.8.0-M1/junit-bom-5.8.0-M1.pom
2026-09-13 16:45:19,984 [Worker-13: Import Getting Started Content] INFO  o.e.m.c.i.e.AbstractTransferListenerAdapter - Downloading https://repo.maven.apache.org/maven2/org/tukaani/xz/1.10/xz-1.10.pom
2026-09-13 16:45:19,995 [Worker-13: Import Getting Started Content] INFO  o.e.m.c.i.e.AbstractTransferListenerAdapter - Downloaded https://repo.maven.apache.org/maven2/org/tukaani/xz/1.10/xz-1.10.pom
2026-09-13 16:45:20,046 [Worker-13: Import Getting Started Content] INFO  o.e.m.c.i.e.AbstractTransferListenerAdapter - Downloading https://repo.maven.apache.org/maven2/com/github/luben/zstd-jni/1.5.7-6/zstd-jni-1.5.7-6.pom
2026-09-13 16:45:20,061 [Worker-13: Import Getting Started Content] INFO  o.e.m.c.i.e.AbstractTransferListenerAdapter - Downloaded https://repo.maven.apache.org/maven2/com/github/luben/zstd-jni/1.5.7-6/zstd-jni-1.5.7-6.pom
2026-09-13 16:45:20,118 [Worker-13: Import Getting Started Content] INFO  o.e.m.c.i.e.AbstractTransferListenerAdapter - Downloading https://repo.maven.apache.org/maven2/org/codehaus/plexus/plexus-interpolation/1.29/plexus-interpolation-1.29.pom
2026-09-13 16:45:20,134 [Worker-13: Import Getting Started Content] INFO  o.e.m.c.i.e.AbstractTransferListenerAdapter - Downloaded https://repo.maven.apache.org/maven2/org/codehaus/plexus/plexus-interpolation/1.29/plexus-interpolation-1.29.pom
2026-09-13 16:45:20,180 [Worker-13: Import Getting Started Content] INFO  o.e.m.c.i.e.AbstractTransferListenerAdapter - Downloading https://repo.maven.apache.org/maven2/org/codehaus/plexus/plexus-archiver/4.12.0/plexus-archiver-4.12.0.pom
2026-09-13 16:45:20,194 [Worker-13: Import Getting Started Content] INFO  o.e.m.c.i.e.AbstractTransferListenerAdapter - Downloaded https://repo.maven.apache.org/maven2/org/codehaus/plexus/plexus-archiver/4.12.0/plexus-archiver-4.12.0.pom
2026-09-13 16:45:20,245 [Worker-13: Import Getting Started Content] INFO  o.e.m.c.i.e.AbstractTransferListenerAdapter - Downloading https://repo.maven.apache.org/maven2/commons-io/commons-io/2.22.0/commons-io-2.22.0.pom
2026-09-13 16:45:20,265 [Worker-13: Import Getting Started Content] INFO  o.e.m.c.i.e.AbstractTransferListenerAdapter - Downloaded https://repo.maven.apache.org/maven2/commons-io/commons-io/2.22.0/commons-io-2.22.0.pom
2026-09-13 16:45:20,326 [Worker-13: Import Getting Started Content] INFO  o.e.m.c.i.e.AbstractTransferListenerAdapter - Downloading https://repo.maven.apache.org/maven2/org/apache/commons/commons-parent/98/commons-parent-98.pom
2026-09-13 16:45:20,350 [Worker-13: Import Getting Started Content] INFO  o.e.m.c.i.e.AbstractTransferListenerAdapter - Downloaded https://repo.maven.apache.org/maven2/org/apache/commons/commons-parent/98/commons-parent-98.pom
2026-09-13 16:45:20,399 [Worker-13: Import Getting Started Content] INFO  o.e.m.c.i.e.AbstractTransferListenerAdapter - Downloading https://repo.maven.apache.org/maven2/org/tukaani/xz/1.12/xz-1.12.pom
2026-09-13 16:45:20,415 [Worker-13: Import Getting Started Content] INFO  o.e.m.c.i.e.AbstractTransferListenerAdapter - Downloaded https://repo.maven.apache.org/maven2/org/tukaani/xz/1.12/xz-1.12.pom
2026-09-13 16:45:20,459 [Worker-13: Import Getting Started Content] INFO  o.e.m.c.i.e.AbstractTransferListenerAdapter - Downloading https://repo.maven.apache.org/maven2/com/github/luben/zstd-jni/1.5.7-9/zstd-jni-1.5.7-9.pom
2026-09-13 16:45:20,475 [Worker-13: Import Getting Started Content] INFO  o.e.m.c.i.e.AbstractTransferListenerAdapter - Downloaded https://repo.maven.apache.org/maven2/com/github/luben/zstd-jni/1.5.7-9/zstd-jni-1.5.7-9.pom
2026-09-13 16:45:20,546 [Worker-13: Import Getting Started Content] INFO  o.e.m.c.i.e.AbstractTransferListenerAdapter - Downloading https://repo.maven.apache.org/maven2/org/apache/maven/shared/file-management/3.2.0/file-management-3.2.0.jar
2026-09-13 16:45:20,564 [Worker-13: Import Getting Started Content] INFO  o.e.m.c.i.e.AbstractTransferListenerAdapter - Downloaded https://repo.maven.apache.org/maven2/org/apache/maven/shared/file-management/3.2.0/file-management-3.2.0.jar
2026-09-13 16:45:20,637 [BasicRepositoryConnector-repo.maven.apache.org-2-0] INFO  o.e.m.c.i.e.AbstractTransferListenerAdapter - Downloading https://repo.maven.apache.org/maven2/org/codehaus/plexus/plexus-utils/4.0.3/plexus-utils-4.0.3.jar
2026-09-13 16:45:20,664 [BasicRepositoryConnector-repo.maven.apache.org-2-4] INFO  o.e.m.c.i.e.AbstractTransferListenerAdapter - Downloading https://repo.maven.apache.org/maven2/org/codehaus/plexus/plexus-io/3.6.0/plexus-io-3.6.0.jar
2026-09-13 16:45:20,664 [BasicRepositoryConnector-repo.maven.apache.org-2-3] INFO  o.e.m.c.i.e.AbstractTransferListenerAdapter - Downloading https://repo.maven.apache.org/maven2/org/codehaus/plexus/plexus-archiver/4.12.0/plexus-archiver-4.12.0.jar
2026-09-13 16:45:20,664 [BasicRepositoryConnector-repo.maven.apache.org-2-1] INFO  o.e.m.c.i.e.AbstractTransferListenerAdapter - Downloading https://repo.maven.apache.org/maven2/org/apache/maven/maven-archiver/3.6.6/maven-archiver-3.6.6.jar
2026-09-13 16:45:20,664 [BasicRepositoryConnector-repo.maven.apache.org-2-2] INFO  o.e.m.c.i.e.AbstractTransferListenerAdapter - Downloading https://repo.maven.apache.org/maven2/org/codehaus/plexus/plexus-interpolation/1.29/plexus-interpolation-1.29.jar
2026-09-13 16:45:20,683 [BasicRepositoryConnector-repo.maven.apache.org-2-4] INFO  o.e.m.c.i.e.AbstractTransferListenerAdapter - Downloaded https://repo.maven.apache.org/maven2/org/codehaus/plexus/plexus-io/3.6.0/plexus-io-3.6.0.jar
2026-09-13 16:45:20,685 [BasicRepositoryConnector-repo.maven.apache.org-2-2] INFO  o.e.m.c.i.e.AbstractTransferListenerAdapter - Downloaded https://repo.maven.apache.org/maven2/org/codehaus/plexus/plexus-interpolation/1.29/plexus-interpolation-1.29.jar
2026-09-13 16:45:20,688 [BasicRepositoryConnector-repo.maven.apache.org-2-0] INFO  o.e.m.c.i.e.AbstractTransferListenerAdapter - Downloaded https://repo.maven.apache.org/maven2/org/codehaus/plexus/plexus-utils/4.0.3/plexus-utils-4.0.3.jar
2026-09-13 16:45:20,690 [BasicRepositoryConnector-repo.maven.apache.org-2-1] INFO  o.e.m.c.i.e.AbstractTransferListenerAdapter - Downloaded https://repo.maven.apache.org/maven2/org/apache/maven/maven-archiver/3.6.6/maven-archiver-3.6.6.jar
2026-09-13 16:45:20,706 [BasicRepositoryConnector-repo.maven.apache.org-2-3] INFO  o.e.m.c.i.e.AbstractTransferListenerAdapter - Downloaded https://repo.maven.apache.org/maven2/org/codehaus/plexus/plexus-archiver/4.12.0/plexus-archiver-4.12.0.jar
2026-09-13 16:45:20,725 [BasicRepositoryConnector-repo.maven.apache.org-2-0] INFO  o.e.m.c.i.e.AbstractTransferListenerAdapter - Downloading https://repo.maven.apache.org/maven2/org/apache/commons/commons-lang3/3.18.0/commons-lang3-3.18.0.jar
2026-09-13 16:45:20,761 [BasicRepositoryConnector-repo.maven.apache.org-2-1] INFO  o.e.m.c.i.e.AbstractTransferListenerAdapter - Downloading https://repo.maven.apache.org/maven2/org/tukaani/xz/1.12/xz-1.12.jar
2026-09-13 16:45:20,790 [BasicRepositoryConnector-repo.maven.apache.org-2-2] INFO  o.e.m.c.i.e.AbstractTransferListenerAdapter - Downloading https://repo.maven.apache.org/maven2/commons-codec/commons-codec/1.19.0/commons-codec-1.19.0.jar
2026-09-13 16:45:20,806 [BasicRepositoryConnector-repo.maven.apache.org-2-1] INFO  o.e.m.c.i.e.AbstractTransferListenerAdapter - Downloaded https://repo.maven.apache.org/maven2/org/tukaani/xz/1.12/xz-1.12.jar
2026-09-13 16:45:20,816 [BasicRepositoryConnector-repo.maven.apache.org-2-0] INFO  o.e.m.c.i.e.AbstractTransferListenerAdapter - Downloaded https://repo.maven.apache.org/maven2/org/apache/commons/commons-lang3/3.18.0/commons-lang3-3.18.0.jar
2026-09-13 16:45:20,824 [BasicRepositoryConnector-repo.maven.apache.org-2-4] INFO  o.e.m.c.i.e.AbstractTransferListenerAdapter - Downloading https://repo.maven.apache.org/maven2/org/apache/commons/commons-compress/1.28.0/commons-compress-1.28.0.jar
2026-09-13 16:45:20,845 [BasicRepositoryConnector-repo.maven.apache.org-2-2] INFO  o.e.m.c.i.e.AbstractTransferListenerAdapter - Downloaded https://repo.maven.apache.org/maven2/commons-codec/commons-codec/1.19.0/commons-codec-1.19.0.jar
2026-09-13 16:45:20,859 [BasicRepositoryConnector-repo.maven.apache.org-2-3] INFO  o.e.m.c.i.e.AbstractTransferListenerAdapter - Downloading https://repo.maven.apache.org/maven2/com/github/luben/zstd-jni/1.5.7-9/zstd-jni-1.5.7-9.jar
2026-09-13 16:45:21,035 [BasicRepositoryConnector-repo.maven.apache.org-2-1] INFO  o.e.m.c.i.e.AbstractTransferListenerAdapter - Downloading https://repo.maven.apache.org/maven2/commons-io/commons-io/2.22.0/commons-io-2.22.0.jar
2026-09-13 16:45:21,125 [BasicRepositoryConnector-repo.maven.apache.org-2-1] INFO  o.e.m.c.i.e.AbstractTransferListenerAdapter - Downloaded https://repo.maven.apache.org/maven2/commons-io/commons-io/2.22.0/commons-io-2.22.0.jar
2026-09-13 16:45:21,804 [BasicRepositoryConnector-repo.maven.apache.org-2-3] INFO  o.e.m.c.i.e.AbstractTransferListenerAdapter - Downloaded https://repo.maven.apache.org/maven2/com/github/luben/zstd-jni/1.5.7-9/zstd-jni-1.5.7-9.jar
2026-09-13 16:45:23,381 [BasicRepositoryConnector-repo.maven.apache.org-2-4] INFO  o.e.m.c.i.e.AbstractTransferListenerAdapter - Downloaded https://repo.maven.apache.org/maven2/org/apache/commons/commons-compress/1.28.0/commons-compress-1.28.0.jar
2026-09-13 16:45:23,834 [Worker-13: Import Getting Started Content] WARN  Sisu - Error injecting: org.apache.maven.plugins.jar.JarMojo
com.google.inject.ProvisionException: Unable to provision, see the following errors:

1) [Guice/ErrorInCustomProvider]: OutOfScopeException: Cannot access Key[type=MavenProject, annotation=[none]] outside of a scoping block
  at MojoExecutionScopeModule.configure(MojoExecutionScopeModule.java:47)
      \_ installed by: WireModule -> MojoExecutionScopeModule
  at JarMojo.<init>(JarMojo.java:72)
      \_ for 1st parameter
  while locating JarMojo

Learn more:
  https://github.com/google/guice/wiki/ERROR_IN_CUSTOM_PROVIDER

1 error

======================
Full classname legend:
======================
JarMojo:                  "org.apache.maven.plugins.jar.JarMojo"
MavenProject:             "org.apache.maven.project.MavenProject"
MojoExecutionScopeModule: "org.apache.maven.execution.scope.internal.MojoExecutionScopeModule"
OutOfScopeException:      "com.google.inject.OutOfScopeException"
WireModule:               "org.eclipse.sisu.wire.WireModule"
========================
End of classname legend:
========================

	at com.google.inject.internal.InternalProvisionException.toProvisionException(InternalProvisionException.java:251)
	at com.google.inject.internal.InjectorImpl$1.get(InjectorImpl.java:1104)
	at com.google.inject.internal.InjectorImpl.getInstance(InjectorImpl.java:1139)
	at org.eclipse.sisu.space.AbstractDeferredClass.get(AbstractDeferredClass.java:50)
	at com.google.inject.internal.ProviderInternalFactory.provision(ProviderInternalFactory.java:86)
	at com.google.inject.internal.InternalFactoryToInitializableAdapter.provision(InternalFactoryToInitializableAdapter.java:57)
	at com.google.inject.internal.ProviderInternalFactory$1.call(ProviderInternalFactory.java:67)
	at com.google.inject.internal.ProvisionListenerStackCallback$Provision.provision(ProvisionListenerStackCallback.java:109)
	at com.google.inject.internal.ProvisionListenerStackCallback$Provision.provision(ProvisionListenerStackCallback.java:124)
	at com.google.inject.internal.ProvisionListenerStackCallback.provision(ProvisionListenerStackCallback.java:66)
	at com.google.inject.internal.ProviderInternalFactory.circularGet(ProviderInternalFactory.java:62)
	at com.google.inject.internal.InternalFactoryToInitializableAdapter.get(InternalFactoryToInitializableAdapter.java:47)
	at com.google.inject.internal.InjectorImpl$1.get(InjectorImpl.java:1101)
	at org.eclipse.sisu.inject.Guice4$2.get(Guice4.java:235)
	at org.eclipse.sisu.inject.LazyBeanEntry.getValue(LazyBeanEntry.java:83)
	at org.eclipse.sisu.plexus.LazyPlexusBean.getValue(LazyPlexusBean.java:53)
	at org.codehaus.plexus.DefaultPlexusContainer.lookup(DefaultPlexusContainer.java:265)
	at org.codehaus.plexus.DefaultPlexusContainer.lookup(DefaultPlexusContainer.java:257)
	at org.apache.maven.plugin.internal.DefaultMavenPluginManager.getConfiguredMojo(DefaultMavenPluginManager.java:491)
	at org.eclipse.m2e.core.internal.embedder.MavenImpl.getConfiguredMojo(MavenImpl.java:206)
	at org.eclipse.m2e.mavenarchiver.internal.AbstractMavenArchiverConfigurator.reflectManifestGeneration(AbstractMavenArchiverConfigurator.java:439)
	at org.eclipse.m2e.mavenarchiver.internal.AbstractMavenArchiverConfigurator.lambda$3(AbstractMavenArchiverConfigurator.java:398)
	at org.eclipse.m2e.core.internal.embedder.MavenExecutionContext.executeBare(MavenExecutionContext.java:458)
	at org.eclipse.m2e.core.internal.embedder.MavenExecutionContext.execute(MavenExecutionContext.java:339)
	at org.eclipse.m2e.core.internal.embedder.MavenExecutionContext.execute(MavenExecutionContext.java:278)
	at org.eclipse.m2e.mavenarchiver.internal.AbstractMavenArchiverConfigurator.generateManifest(AbstractMavenArchiverConfigurator.java:371)
	at org.eclipse.m2e.mavenarchiver.internal.AbstractMavenArchiverConfigurator.mavenProjectChanged(AbstractMavenArchiverConfigurator.java:228)
	at org.eclipse.m2e.mavenarchiver.internal.AbstractMavenArchiverConfigurator.mavenProjectChanged(AbstractMavenArchiverConfigurator.java:220)
	at org.eclipse.m2e.core.internal.project.ProjectConfigurationManager.mavenProjectChanged(ProjectConfigurationManager.java:885)
	at org.eclipse.m2e.core.internal.project.registry.ProjectRegistryManager.notifyProjectChangeListeners(ProjectRegistryManager.java:892)
	at org.eclipse.m2e.core.internal.project.registry.ProjectRegistryManager.applyMutableProjectRegistry(ProjectRegistryManager.java:1042)
	at org.eclipse.m2e.core.internal.project.registry.ProjectRegistryManager.refresh(ProjectRegistryManager.java:324)
	at org.eclipse.m2e.core.internal.project.ProjectConfigurationManager.configureNewMavenProjects(ProjectConfigurationManager.java:256)
	at org.eclipse.m2e.core.internal.project.ProjectConfigurationManager.lambda$1(ProjectConfigurationManager.java:166)
	at org.eclipse.m2e.core.internal.embedder.MavenExecutionContext.executeBare(MavenExecutionContext.java:458)
	at org.eclipse.m2e.core.internal.embedder.MavenExecutionContext.execute(MavenExecutionContext.java:339)
	at org.eclipse.m2e.core.internal.embedder.MavenExecutionContext.execute(MavenExecutionContext.java:278)
	at org.eclipse.m2e.core.internal.project.ProjectConfigurationManager.importProjects(ProjectConfigurationManager.java:139)
	at org.eclipse.m2e.core.internal.project.ProjectConfigurationManager.importProjects(ProjectConfigurationManager.java:130)
	at org.springframework.ide.eclipse.boot.wizard.importing.MavenStrategy.createEclipseProjectFromExistingMavenProject(MavenStrategy.java:134)
	at org.springframework.ide.eclipse.boot.wizard.importing.MavenStrategy$MavenCodeSetImport.run(MavenStrategy.java:85)
	at org.springframework.ide.eclipse.boot.wizard.importing.MavenStrategy$MavenCodeSetImport.run(MavenStrategy.java:1)
	at org.springframework.ide.eclipse.boot.wizard.NewSpringBootWizardModel.importProject(NewSpringBootWizardModel.java:343)
	at org.springframework.ide.eclipse.boot.wizard.NewSpringBootWizardModel.performFinish(NewSpringBootWizardModel.java:322)
	at org.springframework.ide.eclipse.boot.wizard.NewSpringBootWizard$1.runInWorkspace(NewSpringBootWizard.java:239)
	at org.eclipse.core.internal.resources.InternalWorkspaceJob.run(InternalWorkspaceJob.java:43)
	at org.eclipse.core.internal.jobs.Worker.run(Worker.java:63)
Caused by: com.google.inject.OutOfScopeException: Cannot access Key[type=org.apache.maven.project.MavenProject, annotation=[none]] outside of a scoping block
	at org.apache.maven.execution.scope.internal.MojoExecutionScope$2.get(MojoExecutionScope.java:99)
	at com.google.inject.internal.InternalFactoryToProviderAdapter.get(InternalFactoryToProviderAdapter.java:45)
	at com.google.inject.internal.SingleParameterInjector.inject(SingleParameterInjector.java:40)
	at com.google.inject.internal.SingleParameterInjector.getAll(SingleParameterInjector.java:60)
	at com.google.inject.internal.ConstructorInjector.provision(ConstructorInjector.java:113)
	at com.google.inject.internal.ConstructorInjector.access$000(ConstructorInjector.java:33)
	at com.google.inject.internal.ConstructorInjector$1.call(ConstructorInjector.java:98)
	at com.google.inject.internal.ProvisionListenerStackCallback$Provision.provision(ProvisionListenerStackCallback.java:109)
	at com.google.inject.internal.ProvisionListenerStackCallback$Provision.provision(ProvisionListenerStackCallback.java:124)
	at com.google.inject.internal.ProvisionListenerStackCallback.provision(ProvisionListenerStackCallback.java:66)
	at com.google.inject.internal.ConstructorInjector.construct(ConstructorInjector.java:93)
	at com.google.inject.internal.ConstructorBindingImpl$Factory.get(ConstructorBindingImpl.java:300)
	at com.google.inject.internal.InjectorImpl$1.get(InjectorImpl.java:1101)
	... 45 common frames omitted
2026-09-13 16:45:25,161 [Worker-15: Download sources and javadoc] INFO  o.e.m.c.i.e.AbstractTransferListenerAdapter - Downloading https://repo.maven.apache.org/maven2/org/springframework/boot/spring-boot-starter-webmvc/4.1.1/spring-boot-starter-webmvc-4.1.1-sources.jar
2026-09-13 16:45:25,189 [Worker-15: Download sources and javadoc] INFO  o.e.m.c.i.e.AbstractTransferListenerAdapter - Downloaded https://repo.maven.apache.org/maven2/org/springframework/boot/spring-boot-starter-webmvc/4.1.1/spring-boot-starter-webmvc-4.1.1-sources.jar
2026-09-13 16:45:25,201 [Worker-15: Download sources and javadoc] INFO  o.e.m.j.internal.DownloadSourcesJob - Downloaded sources for org.springframework.boot:spring-boot-starter-webmvc:4.1.1
2026-09-13 16:45:25,225 [Worker-13: Import Getting Started Content] INFO  o.e.m.c.i.e.AbstractTransferListenerAdapter - Downloading https://repo.maven.apache.org/maven2/org/apache/maven/shared/maven-filtering/3.5.0/maven-filtering-3.5.0.pom
2026-09-13 16:45:25,251 [Worker-13: Import Getting Started Content] INFO  o.e.m.c.i.e.AbstractTransferListenerAdapter - Downloaded https://repo.maven.apache.org/maven2/org/apache/maven/shared/maven-filtering/3.5.0/maven-filtering-3.5.0.pom
2026-09-13 16:45:25,309 [Worker-13: Import Getting Started Content] INFO  o.e.m.c.i.e.AbstractTransferListenerAdapter - Downloading https://repo.maven.apache.org/maven2/org/apache/maven/shared/maven-shared-components/47/maven-shared-components-47.pom
2026-09-13 16:45:25,327 [Worker-13: Import Getting Started Content] INFO  o.e.m.c.i.e.AbstractTransferListenerAdapter - Downloaded https://repo.maven.apache.org/maven2/org/apache/maven/shared/maven-shared-components/47/maven-shared-components-47.pom
2026-09-13 16:45:25,354 [Worker-15: Download sources and javadoc] INFO  o.e.m.c.i.e.AbstractTransferListenerAdapter - Downloading https://repo.maven.apache.org/maven2/org/springframework/boot/spring-boot-starter/4.1.1/spring-boot-starter-4.1.1-sources.jar
2026-09-13 16:45:25,373 [Worker-15: Download sources and javadoc] INFO  o.e.m.c.i.e.AbstractTransferListenerAdapter - Downloaded https://repo.maven.apache.org/maven2/org/springframework/boot/spring-boot-starter/4.1.1/spring-boot-starter-4.1.1-sources.jar
2026-09-13 16:45:25,390 [Worker-15: Download sources and javadoc] INFO  o.e.m.j.internal.DownloadSourcesJob - Downloaded sources for org.springframework.boot:spring-boot-starter:4.1.1
2026-09-13 16:45:25,402 [Worker-13: Import Getting Started Content] INFO  o.e.m.c.i.e.AbstractTransferListenerAdapter - Downloading https://repo.maven.apache.org/maven2/org/codehaus/plexus/plexus-build-api/1.2.0/plexus-build-api-1.2.0.pom
2026-09-13 16:45:25,422 [Worker-13: Import Getting Started Content] INFO  o.e.m.c.i.e.AbstractTransferListenerAdapter - Downloaded https://repo.maven.apache.org/maven2/org/codehaus/plexus/plexus-build-api/1.2.0/plexus-build-api-1.2.0.pom
2026-09-13 16:45:25,496 [Worker-13: Import Getting Started Content] INFO  o.e.m.c.i.e.AbstractTransferListenerAdapter - Downloading https://repo.maven.apache.org/maven2/org/codehaus/plexus/plexus-utils/3.6.0/plexus-utils-3.6.0.pom
2026-09-13 16:45:25,521 [Worker-13: Import Getting Started Content] INFO  o.e.m.c.i.e.AbstractTransferListenerAdapter - Downloaded https://repo.maven.apache.org/maven2/org/codehaus/plexus/plexus-utils/3.6.0/plexus-utils-3.6.0.pom
2026-09-13 16:45:25,540 [Worker-15: Download sources and javadoc] INFO  o.e.m.c.i.e.AbstractTransferListenerAdapter - Downloading https://repo.maven.apache.org/maven2/org/springframework/boot/spring-boot-starter-logging/4.1.1/spring-boot-starter-logging-4.1.1-sources.jar
2026-09-13 16:45:25,559 [Worker-15: Download sources and javadoc] INFO  o.e.m.c.i.e.AbstractTransferListenerAdapter - Downloaded https://repo.maven.apache.org/maven2/org/springframework/boot/spring-boot-starter-logging/4.1.1/spring-boot-starter-logging-4.1.1-sources.jar
2026-09-13 16:45:25,574 [Worker-15: Download sources and javadoc] INFO  o.e.m.j.internal.DownloadSourcesJob - Downloaded sources for org.springframework.boot:spring-boot-starter-logging:4.1.1
2026-09-13 16:45:25,581 [Worker-13: Import Getting Started Content] INFO  o.e.m.c.i.e.AbstractTransferListenerAdapter - Downloading https://repo.maven.apache.org/maven2/org/codehaus/plexus/plexus/19/plexus-19.pom
2026-09-13 16:45:25,609 [Worker-13: Import Getting Started Content] INFO  o.e.m.c.i.e.AbstractTransferListenerAdapter - Downloaded https://repo.maven.apache.org/maven2/org/codehaus/plexus/plexus/19/plexus-19.pom
2026-09-13 16:45:25,664 [Worker-13: Import Getting Started Content] INFO  o.e.m.c.i.e.AbstractTransferListenerAdapter - Downloading https://repo.maven.apache.org/maven2/org/junit/junit-bom/5.11.1/junit-bom-5.11.1.pom
2026-09-13 16:45:25,688 [Worker-15: Download sources and javadoc] INFO  o.e.m.c.i.e.AbstractTransferListenerAdapter - Downloading https://repo.maven.apache.org/maven2/ch/qos/logback/logback-classic/1.5.38/logback-classic-1.5.38-sources.jar
2026-09-13 16:45:25,699 [Worker-13: Import Getting Started Content] INFO  o.e.m.c.i.e.AbstractTransferListenerAdapter - Downloaded https://repo.maven.apache.org/maven2/org/junit/junit-bom/5.11.1/junit-bom-5.11.1.pom
2026-09-13 16:45:25,793 [Worker-13: Import Getting Started Content] INFO  o.e.m.c.i.e.AbstractTransferListenerAdapter - Downloading https://repo.maven.apache.org/maven2/org/eclipse/sisu/org.eclipse.sisu.plexus/0.9.0.M4/org.eclipse.sisu.plexus-0.9.0.M4.pom
2026-09-13 16:45:25,802 [Worker-15: Download sources and javadoc] INFO  o.e.m.c.i.e.AbstractTransferListenerAdapter - Downloaded https://repo.maven.apache.org/maven2/ch/qos/logback/logback-classic/1.5.38/logback-classic-1.5.38-sources.jar
2026-09-13 16:45:25,815 [Worker-15: Download sources and javadoc] INFO  o.e.m.j.internal.DownloadSourcesJob - Downloaded sources for ch.qos.logback:logback-classic:1.5.38
2026-09-13 16:45:25,817 [Worker-13: Import Getting Started Content] INFO  o.e.m.c.i.e.AbstractTransferListenerAdapter - Downloaded https://repo.maven.apache.org/maven2/org/eclipse/sisu/org.eclipse.sisu.plexus/0.9.0.M4/org.eclipse.sisu.plexus-0.9.0.M4.pom
2026-09-13 16:45:25,871 [Worker-13: Import Getting Started Content] INFO  o.e.m.c.i.e.AbstractTransferListenerAdapter - Downloading https://repo.maven.apache.org/maven2/org/eclipse/sisu/sisu-inject/0.9.0.M4/sisu-inject-0.9.0.M4.pom
2026-09-13 16:45:25,895 [Worker-13: Import Getting Started Content] INFO  o.e.m.c.i.e.AbstractTransferListenerAdapter - Downloaded https://repo.maven.apache.org/maven2/org/eclipse/sisu/sisu-inject/0.9.0.M4/sisu-inject-0.9.0.M4.pom
2026-09-13 16:45:25,963 [Worker-15: Download sources and javadoc] INFO  o.e.m.c.i.e.AbstractTransferListenerAdapter - Downloading https://repo.maven.apache.org/maven2/ch/qos/logback/logback-core/1.5.38/logback-core-1.5.38-sources.jar
2026-09-13 16:45:25,974 [Worker-13: Import Getting Started Content] INFO  o.e.m.c.i.e.AbstractTransferListenerAdapter - Downloading https://repo.maven.apache.org/maven2/org/apache/maven/shared/maven-filtering/3.5.0/maven-filtering-3.5.0.jar
2026-09-13 16:45:26,006 [Worker-13: Import Getting Started Content] INFO  o.e.m.c.i.e.AbstractTransferListenerAdapter - Downloaded https://repo.maven.apache.org/maven2/org/apache/maven/shared/maven-filtering/3.5.0/maven-filtering-3.5.0.jar
2026-09-13 16:45:26,050 [BasicRepositoryConnector-repo.maven.apache.org-3-1] INFO  o.e.m.c.i.e.AbstractTransferListenerAdapter - Downloading https://repo.maven.apache.org/maven2/org/eclipse/sisu/org.eclipse.sisu.plexus/0.9.0.M4/org.eclipse.sisu.plexus-0.9.0.M4.jar
2026-09-13 16:45:26,054 [BasicRepositoryConnector-repo.maven.apache.org-3-2] INFO  o.e.m.c.i.e.AbstractTransferListenerAdapter - Downloading https://repo.maven.apache.org/maven2/org/codehaus/plexus/plexus-utils/3.6.0/plexus-utils-3.6.0.jar
2026-09-13 16:45:26,082 [BasicRepositoryConnector-repo.maven.apache.org-3-0] INFO  o.e.m.c.i.e.AbstractTransferListenerAdapter - Downloading https://repo.maven.apache.org/maven2/org/codehaus/plexus/plexus-build-api/1.2.0/plexus-build-api-1.2.0.jar
2026-09-13 16:45:26,089 [BasicRepositoryConnector-repo.maven.apache.org-3-1] INFO  o.e.m.c.i.e.AbstractTransferListenerAdapter - Downloaded https://repo.maven.apache.org/maven2/org/eclipse/sisu/org.eclipse.sisu.plexus/0.9.0.M4/org.eclipse.sisu.plexus-0.9.0.M4.jar
2026-09-13 16:45:26,135 [BasicRepositoryConnector-repo.maven.apache.org-3-0] INFO  o.e.m.c.i.e.AbstractTransferListenerAdapter - Downloaded https://repo.maven.apache.org/maven2/org/codehaus/plexus/plexus-build-api/1.2.0/plexus-build-api-1.2.0.jar
2026-09-13 16:45:26,140 [Worker-15: Download sources and javadoc] INFO  o.e.m.c.i.e.AbstractTransferListenerAdapter - Downloaded https://repo.maven.apache.org/maven2/ch/qos/logback/logback-core/1.5.38/logback-core-1.5.38-sources.jar
2026-09-13 16:45:26,140 [BasicRepositoryConnector-repo.maven.apache.org-3-2] INFO  o.e.m.c.i.e.AbstractTransferListenerAdapter - Downloaded https://repo.maven.apache.org/maven2/org/codehaus/plexus/plexus-utils/3.6.0/plexus-utils-3.6.0.jar
2026-09-13 16:45:26,154 [Worker-15: Download sources and javadoc] INFO  o.e.m.j.internal.DownloadSourcesJob - Downloaded sources for ch.qos.logback:logback-core:1.5.38
2026-09-13 16:45:26,252 [Worker-15: Download sources and javadoc] INFO  o.e.m.c.i.e.AbstractTransferListenerAdapter - Downloading https://repo.maven.apache.org/maven2/org/apache/logging/log4j/log4j-to-slf4j/2.25.5/log4j-to-slf4j-2.25.5-sources.jar
2026-09-13 16:45:26,292 [Worker-13: Import Getting Started Content] INFO  o.e.m.j.i.AbstractJavaProjectConfigurator - Adding source folder /eureka-server/src/main/java
2026-09-13 16:45:26,292 [Worker-15: Download sources and javadoc] INFO  o.e.m.c.i.e.AbstractTransferListenerAdapter - Downloaded https://repo.maven.apache.org/maven2/org/apache/logging/log4j/log4j-to-slf4j/2.25.5/log4j-to-slf4j-2.25.5-sources.jar
2026-09-13 16:45:26,292 [Worker-13: Import Getting Started Content] INFO  o.e.m.j.i.AbstractJavaProjectConfigurator - Adding resource folder /eureka-server/src/main/resources
2026-09-13 16:45:26,307 [Worker-15: Download sources and javadoc] INFO  o.e.m.j.internal.DownloadSourcesJob - Downloaded sources for org.apache.logging.log4j:log4j-to-slf4j:2.25.5
2026-09-13 16:45:26,311 [Worker-13: Import Getting Started Content] INFO  o.e.m.j.i.AbstractJavaProjectConfigurator - Adding resource folder /eureka-server/src/main/resources
2026-09-13 16:45:26,324 [Worker-13: Import Getting Started Content] INFO  o.e.m.j.i.AbstractJavaProjectConfigurator - Adding source folder /eureka-server/src/test/java
2026-09-13 16:45:26,325 [Worker-13: Import Getting Started Content] INFO  o.e.m.j.i.AbstractJavaProjectConfigurator - Adding resource folder /eureka-server/src/test/resources
2026-09-13 16:45:26,390 [Worker-15: Download sources and javadoc] INFO  o.e.m.c.i.e.AbstractTransferListenerAdapter - Downloading https://repo.maven.apache.org/maven2/org/apache/logging/log4j/log4j-api/2.25.5/log4j-api-2.25.5-sources.jar
2026-09-13 16:45:26,509 [Worker-15: Download sources and javadoc] INFO  o.e.m.c.i.e.AbstractTransferListenerAdapter - Downloaded https://repo.maven.apache.org/maven2/org/apache/logging/log4j/log4j-api/2.25.5/log4j-api-2.25.5-sources.jar
2026-09-13 16:45:26,524 [Worker-15: Download sources and javadoc] INFO  o.e.m.j.internal.DownloadSourcesJob - Downloaded sources for org.apache.logging.log4j:log4j-api:2.25.5
2026-09-13 16:45:26,631 [Worker-15: Download sources and javadoc] INFO  o.e.m.c.i.e.AbstractTransferListenerAdapter - Downloading https://repo.maven.apache.org/maven2/org/slf4j/jul-to-slf4j/2.0.18/jul-to-slf4j-2.0.18-sources.jar
2026-09-13 16:45:26,678 [Worker-15: Download sources and javadoc] INFO  o.e.m.c.i.e.AbstractTransferListenerAdapter - Downloaded https://repo.maven.apache.org/maven2/org/slf4j/jul-to-slf4j/2.0.18/jul-to-slf4j-2.0.18-sources.jar
2026-09-13 16:45:26,697 [Worker-15: Download sources and javadoc] INFO  o.e.m.j.internal.DownloadSourcesJob - Downloaded sources for org.slf4j:jul-to-slf4j:2.0.18
2026-09-13 16:45:26,801 [Worker-15: Download sources and javadoc] INFO  o.e.m.c.i.e.AbstractTransferListenerAdapter - Downloading https://repo.maven.apache.org/maven2/org/springframework/boot/spring-boot-autoconfigure/4.1.1/spring-boot-autoconfigure-4.1.1-sources.jar
2026-09-13 16:45:26,912 [Worker-15: Download sources and javadoc] INFO  o.e.m.c.i.e.AbstractTransferListenerAdapter - Downloaded https://repo.maven.apache.org/maven2/org/springframework/boot/spring-boot-autoconfigure/4.1.1/spring-boot-autoconfigure-4.1.1-sources.jar
2026-09-13 16:45:26,927 [Worker-15: Download sources and javadoc] INFO  o.e.m.j.internal.DownloadSourcesJob - Downloaded sources for org.springframework.boot:spring-boot-autoconfigure:4.1.1
2026-09-13 16:45:27,013 [Worker-15: Download sources and javadoc] INFO  o.e.m.c.i.e.AbstractTransferListenerAdapter - Downloading https://repo.maven.apache.org/maven2/org/yaml/snakeyaml/2.6/snakeyaml-2.6-sources.jar
2026-09-13 16:45:27,123 [Worker-15: Download sources and javadoc] INFO  o.e.m.c.i.e.AbstractTransferListenerAdapter - Downloaded https://repo.maven.apache.org/maven2/org/yaml/snakeyaml/2.6/snakeyaml-2.6-sources.jar
2026-09-13 16:45:27,139 [Worker-15: Download sources and javadoc] INFO  o.e.m.j.internal.DownloadSourcesJob - Downloaded sources for org.yaml:snakeyaml:2.6
2026-09-13 16:45:27,288 [Worker-15: Download sources and javadoc] INFO  o.e.m.c.i.e.AbstractTransferListenerAdapter - Downloading https://repo.maven.apache.org/maven2/org/springframework/boot/spring-boot-starter-jackson/4.1.1/spring-boot-starter-jackson-4.1.1-sources.jar
2026-09-13 16:45:27,327 [Worker-15: Download sources and javadoc] INFO  o.e.m.c.i.e.AbstractTransferListenerAdapter - Downloaded https://repo.maven.apache.org/maven2/org/springframework/boot/spring-boot-starter-jackson/4.1.1/spring-boot-starter-jackson-4.1.1-sources.jar
2026-09-13 16:45:27,344 [Worker-15: Download sources and javadoc] INFO  o.e.m.j.internal.DownloadSourcesJob - Downloaded sources for org.springframework.boot:spring-boot-starter-jackson:4.1.1
2026-09-13 16:45:27,450 [Worker-15: Download sources and javadoc] INFO  o.e.m.c.i.e.AbstractTransferListenerAdapter - Downloading https://repo.maven.apache.org/maven2/org/springframework/boot/spring-boot-jackson/4.1.1/spring-boot-jackson-4.1.1-sources.jar
2026-09-13 16:45:27,519 [Worker-15: Download sources and javadoc] INFO  o.e.m.c.i.e.AbstractTransferListenerAdapter - Downloaded https://repo.maven.apache.org/maven2/org/springframework/boot/spring-boot-jackson/4.1.1/spring-boot-jackson-4.1.1-sources.jar
2026-09-13 16:45:27,537 [Worker-15: Download sources and javadoc] INFO  o.e.m.j.internal.DownloadSourcesJob - Downloaded sources for org.springframework.boot:spring-boot-jackson:4.1.1
2026-09-13 16:45:27,625 [Worker-15: Download sources and javadoc] INFO  o.e.m.c.i.e.AbstractTransferListenerAdapter - Downloading https://repo.maven.apache.org/maven2/tools/jackson/core/jackson-databind/3.1.5/jackson-databind-3.1.5-sources.jar
2026-09-13 16:45:27,824 [Worker-15: Download sources and javadoc] INFO  o.e.m.c.i.e.AbstractTransferListenerAdapter - Downloaded https://repo.maven.apache.org/maven2/tools/jackson/core/jackson-databind/3.1.5/jackson-databind-3.1.5-sources.jar
2026-09-13 16:45:27,839 [Worker-15: Download sources and javadoc] INFO  o.e.m.j.internal.DownloadSourcesJob - Downloaded sources for tools.jackson.core:jackson-databind:3.1.5
2026-09-13 16:45:27,984 [Worker-15: Download sources and javadoc] INFO  o.e.m.c.i.e.AbstractTransferListenerAdapter - Downloading https://repo.maven.apache.org/maven2/tools/jackson/core/jackson-core/3.1.5/jackson-core-3.1.5-sources.jar
2026-09-13 16:45:28,110 [Worker-15: Download sources and javadoc] INFO  o.e.m.c.i.e.AbstractTransferListenerAdapter - Downloaded https://repo.maven.apache.org/maven2/tools/jackson/core/jackson-core/3.1.5/jackson-core-3.1.5-sources.jar
2026-09-13 16:45:28,125 [Worker-15: Download sources and javadoc] INFO  o.e.m.j.internal.DownloadSourcesJob - Downloaded sources for tools.jackson.core:jackson-core:3.1.5
2026-09-13 16:45:28,234 [Worker-15: Download sources and javadoc] INFO  o.e.m.c.i.e.AbstractTransferListenerAdapter - Downloading https://repo.maven.apache.org/maven2/org/springframework/boot/spring-boot-starter-tomcat/4.1.1/spring-boot-starter-tomcat-4.1.1-sources.jar
2026-09-13 16:45:28,261 [Worker-15: Download sources and javadoc] INFO  o.e.m.c.i.e.AbstractTransferListenerAdapter - Downloaded https://repo.maven.apache.org/maven2/org/springframework/boot/spring-boot-starter-tomcat/4.1.1/spring-boot-starter-tomcat-4.1.1-sources.jar
2026-09-13 16:45:28,275 [Worker-15: Download sources and javadoc] INFO  o.e.m.j.internal.DownloadSourcesJob - Downloaded sources for org.springframework.boot:spring-boot-starter-tomcat:4.1.1
2026-09-13 16:45:28,407 [Worker-15: Download sources and javadoc] INFO  o.e.m.c.i.e.AbstractTransferListenerAdapter - Downloading https://repo.maven.apache.org/maven2/org/springframework/boot/spring-boot-starter-tomcat-runtime/4.1.1/spring-boot-starter-tomcat-runtime-4.1.1-sources.jar
2026-09-13 16:45:28,425 [Worker-15: Download sources and javadoc] INFO  o.e.m.c.i.e.AbstractTransferListenerAdapter - Downloaded https://repo.maven.apache.org/maven2/org/springframework/boot/spring-boot-starter-tomcat-runtime/4.1.1/spring-boot-starter-tomcat-runtime-4.1.1-sources.jar
2026-09-13 16:45:28,439 [Worker-15: Download sources and javadoc] INFO  o.e.m.j.internal.DownloadSourcesJob - Downloaded sources for org.springframework.boot:spring-boot-starter-tomcat-runtime:4.1.1
2026-09-13 16:45:28,567 [Worker-15: Download sources and javadoc] INFO  o.e.m.c.i.e.AbstractTransferListenerAdapter - Downloading https://repo.maven.apache.org/maven2/org/apache/tomcat/embed/tomcat-embed-core/11.0.24/tomcat-embed-core-11.0.24-sources.jar
2026-09-13 16:45:29,267 [Worker-15: Download sources and javadoc] INFO  o.e.m.c.i.e.AbstractTransferListenerAdapter - Downloaded https://repo.maven.apache.org/maven2/org/apache/tomcat/embed/tomcat-embed-core/11.0.24/tomcat-embed-core-11.0.24-sources.jar
2026-09-13 16:45:29,286 [Worker-15: Download sources and javadoc] INFO  o.e.m.j.internal.DownloadSourcesJob - Downloaded sources for org.apache.tomcat.embed:tomcat-embed-core:11.0.24
2026-09-13 16:45:29,289 [Worker-13: Import Getting Started Content] INFO  o.e.m.c.i.p.ProjectConfigurationManager - Imported and configured 1 project(s) in 46 sec
2026-09-13 16:45:29,294 [Worker-13: Import Getting Started Content] INFO  o.e.m.c.i.p.ProjectConfigurationManager - Update started
2026-09-13 16:45:29,417 [Worker-15: Download sources and javadoc] INFO  o.e.m.c.i.e.AbstractTransferListenerAdapter - Downloading https://repo.maven.apache.org/maven2/org/apache/tomcat/embed/tomcat-embed-el/11.0.24/tomcat-embed-el-11.0.24-sources.jar
2026-09-13 16:45:29,509 [Worker-15: Download sources and javadoc] INFO  o.e.m.c.i.e.AbstractTransferListenerAdapter - Downloaded https://repo.maven.apache.org/maven2/org/apache/tomcat/embed/tomcat-embed-el/11.0.24/tomcat-embed-el-11.0.24-sources.jar
2026-09-13 16:45:29,526 [Worker-15: Download sources and javadoc] INFO  o.e.m.j.internal.DownloadSourcesJob - Downloaded sources for org.apache.tomcat.embed:tomcat-embed-el:11.0.24
2026-09-13 16:45:33,269 [Worker-15: Download sources and javadoc] INFO  o.e.m.c.i.e.AbstractTransferListenerAdapter - Downloading https://repo.maven.apache.org/maven2/org/apache/tomcat/embed/tomcat-embed-websocket/11.0.24/tomcat-embed-websocket-11.0.24-sources.jar
2026-09-13 16:45:33,278 [Worker-13: Import Getting Started Content] INFO  o.e.m.c.i.l.LifecycleMappingFactory - Using org.eclipse.m2e.jdt.JarLifecycleMapping lifecycle mapping for MavenProject: com.flightmanagement:eureka-server:0.0.1-SNAPSHOT @ C:\Users\LMANTHIN\OneDrive - Capgemini\botp\FlightManagementSystem\eureka-server\pom.xml.
2026-09-13 16:45:33,428 [Worker-15: Download sources and javadoc] INFO  o.e.m.c.i.e.AbstractTransferListenerAdapter - Downloaded https://repo.maven.apache.org/maven2/org/apache/tomcat/embed/tomcat-embed-websocket/11.0.24/tomcat-embed-websocket-11.0.24-sources.jar
2026-09-13 16:45:33,443 [Worker-15: Download sources and javadoc] INFO  o.e.m.j.internal.DownloadSourcesJob - Downloaded sources for org.apache.tomcat.embed:tomcat-embed-websocket:11.0.24
2026-09-13 16:45:33,540 [Worker-15: Download sources and javadoc] INFO  o.e.m.c.i.e.AbstractTransferListenerAdapter - Downloading https://repo.maven.apache.org/maven2/org/springframework/boot/spring-boot-tomcat/4.1.1/spring-boot-tomcat-4.1.1-sources.jar
2026-09-13 16:45:33,601 [Worker-15: Download sources and javadoc] INFO  o.e.m.c.i.e.AbstractTransferListenerAdapter - Downloaded https://repo.maven.apache.org/maven2/org/springframework/boot/spring-boot-tomcat/4.1.1/spring-boot-tomcat-4.1.1-sources.jar
2026-09-13 16:45:33,613 [Worker-15: Download sources and javadoc] INFO  o.e.m.j.internal.DownloadSourcesJob - Downloaded sources for org.springframework.boot:spring-boot-tomcat:4.1.1
2026-09-13 16:45:33,709 [Worker-15: Download sources and javadoc] INFO  o.e.m.c.i.e.AbstractTransferListenerAdapter - Downloading https://repo.maven.apache.org/maven2/org/springframework/boot/spring-boot-http-converter/4.1.1/spring-boot-http-converter-4.1.1-sources.jar
2026-09-13 16:45:33,755 [Worker-15: Download sources and javadoc] INFO  o.e.m.c.i.e.AbstractTransferListenerAdapter - Downloaded https://repo.maven.apache.org/maven2/org/springframework/boot/spring-boot-http-converter/4.1.1/spring-boot-http-converter-4.1.1-sources.jar
2026-09-13 16:45:33,767 [Worker-15: Download sources and javadoc] INFO  o.e.m.j.internal.DownloadSourcesJob - Downloaded sources for org.springframework.boot:spring-boot-http-converter:4.1.1
2026-09-13 16:45:33,949 [Worker-15: Download sources and javadoc] INFO  o.e.m.c.i.e.AbstractTransferListenerAdapter - Downloading https://repo.maven.apache.org/maven2/org/springframework/boot/spring-boot/4.1.1/spring-boot-4.1.1-sources.jar
2026-09-13 16:45:34,132 [Worker-15: Download sources and javadoc] INFO  o.e.m.c.i.e.AbstractTransferListenerAdapter - Downloaded https://repo.maven.apache.org/maven2/org/springframework/boot/spring-boot/4.1.1/spring-boot-4.1.1-sources.jar
2026-09-13 16:45:34,148 [Worker-15: Download sources and javadoc] INFO  o.e.m.j.internal.DownloadSourcesJob - Downloaded sources for org.springframework.boot:spring-boot:4.1.1
2026-09-13 16:45:34,251 [Worker-15: Download sources and javadoc] INFO  o.e.m.c.i.e.AbstractTransferListenerAdapter - Downloading https://repo.maven.apache.org/maven2/org/springframework/spring-context/7.0.9/spring-context-7.0.9-sources.jar
2026-09-13 16:45:34,455 [Worker-15: Download sources and javadoc] INFO  o.e.m.c.i.e.AbstractTransferListenerAdapter - Downloaded https://repo.maven.apache.org/maven2/org/springframework/spring-context/7.0.9/spring-context-7.0.9-sources.jar
2026-09-13 16:45:34,482 [Worker-15: Download sources and javadoc] INFO  o.e.m.j.internal.DownloadSourcesJob - Downloaded sources for org.springframework:spring-context:7.0.9
2026-09-13 16:45:34,676 [Worker-15: Download sources and javadoc] INFO  o.e.m.c.i.e.AbstractTransferListenerAdapter - Downloading https://repo.maven.apache.org/maven2/org/springframework/spring-web/7.0.9/spring-web-7.0.9-sources.jar
2026-09-13 16:45:35,101 [Worker-15: Download sources and javadoc] INFO  o.e.m.c.i.e.AbstractTransferListenerAdapter - Downloaded https://repo.maven.apache.org/maven2/org/springframework/spring-web/7.0.9/spring-web-7.0.9-sources.jar
2026-09-13 16:45:35,116 [Worker-15: Download sources and javadoc] INFO  o.e.m.j.internal.DownloadSourcesJob - Downloaded sources for org.springframework:spring-web:7.0.9
2026-09-13 16:45:35,205 [Worker-15: Download sources and javadoc] INFO  o.e.m.c.i.e.AbstractTransferListenerAdapter - Downloading https://repo.maven.apache.org/maven2/org/springframework/spring-beans/7.0.9/spring-beans-7.0.9-sources.jar
2026-09-13 16:45:35,374 [Worker-15: Download sources and javadoc] INFO  o.e.m.c.i.e.AbstractTransferListenerAdapter - Downloaded https://repo.maven.apache.org/maven2/org/springframework/spring-beans/7.0.9/spring-beans-7.0.9-sources.jar
2026-09-13 16:45:35,391 [Worker-15: Download sources and javadoc] INFO  o.e.m.j.internal.DownloadSourcesJob - Downloaded sources for org.springframework:spring-beans:7.0.9
2026-09-13 16:45:35,488 [Worker-15: Download sources and javadoc] INFO  o.e.m.c.i.e.AbstractTransferListenerAdapter - Downloading https://repo.maven.apache.org/maven2/io/micrometer/micrometer-observation/1.17.1/micrometer-observation-1.17.1-sources.jar
2026-09-13 16:45:35,572 [Worker-15: Download sources and javadoc] INFO  o.e.m.c.i.e.AbstractTransferListenerAdapter - Downloaded https://repo.maven.apache.org/maven2/io/micrometer/micrometer-observation/1.17.1/micrometer-observation-1.17.1-sources.jar
2026-09-13 16:45:35,613 [Worker-15: Download sources and javadoc] INFO  o.e.m.j.internal.DownloadSourcesJob - Downloaded sources for io.micrometer:micrometer-observation:1.17.1
2026-09-13 16:45:35,729 [Worker-15: Download sources and javadoc] INFO  o.e.m.c.i.e.AbstractTransferListenerAdapter - Downloading https://repo.maven.apache.org/maven2/io/micrometer/micrometer-commons/1.17.1/micrometer-commons-1.17.1-sources.jar
2026-09-13 16:45:35,788 [Worker-15: Download sources and javadoc] INFO  o.e.m.c.i.e.AbstractTransferListenerAdapter - Downloaded https://repo.maven.apache.org/maven2/io/micrometer/micrometer-commons/1.17.1/micrometer-commons-1.17.1-sources.jar
2026-09-13 16:45:35,803 [Worker-15: Download sources and javadoc] INFO  o.e.m.j.internal.DownloadSourcesJob - Downloaded sources for io.micrometer:micrometer-commons:1.17.1
2026-09-13 16:45:35,888 [Worker-15: Download sources and javadoc] INFO  o.e.m.c.i.e.AbstractTransferListenerAdapter - Downloading https://repo.maven.apache.org/maven2/org/springframework/boot/spring-boot-webmvc/4.1.1/spring-boot-webmvc-4.1.1-sources.jar
2026-09-13 16:45:35,960 [Worker-15: Download sources and javadoc] INFO  o.e.m.c.i.e.AbstractTransferListenerAdapter - Downloaded https://repo.maven.apache.org/maven2/org/springframework/boot/spring-boot-webmvc/4.1.1/spring-boot-webmvc-4.1.1-sources.jar
2026-09-13 16:45:35,973 [Worker-15: Download sources and javadoc] INFO  o.e.m.j.internal.DownloadSourcesJob - Downloaded sources for org.springframework.boot:spring-boot-webmvc:4.1.1
2026-09-13 16:45:36,061 [Worker-15: Download sources and javadoc] INFO  o.e.m.c.i.e.AbstractTransferListenerAdapter - Downloading https://repo.maven.apache.org/maven2/org/springframework/boot/spring-boot-servlet/4.1.1/spring-boot-servlet-4.1.1-sources.jar
2026-09-13 16:45:36,073 [Worker-13: Import Getting Started Content] WARN  Sisu - Error injecting: org.apache.maven.plugins.jar.JarMojo
com.google.inject.ProvisionException: Unable to provision, see the following errors:

1) [Guice/ErrorInCustomProvider]: OutOfScopeException: Cannot access Key[type=MavenProject, annotation=[none]] outside of a scoping block
  at MojoExecutionScopeModule.configure(MojoExecutionScopeModule.java:47)
      \_ installed by: WireModule -> MojoExecutionScopeModule
  at JarMojo.<init>(JarMojo.java:72)
      \_ for 1st parameter
  while locating JarMojo

Learn more:
  https://github.com/google/guice/wiki/ERROR_IN_CUSTOM_PROVIDER

1 error

======================
Full classname legend:
======================
JarMojo:                  "org.apache.maven.plugins.jar.JarMojo"
MavenProject:             "org.apache.maven.project.MavenProject"
MojoExecutionScopeModule: "org.apache.maven.execution.scope.internal.MojoExecutionScopeModule"
OutOfScopeException:      "com.google.inject.OutOfScopeException"
WireModule:               "org.eclipse.sisu.wire.WireModule"
========================
End of classname legend:
========================

	at com.google.inject.internal.InternalProvisionException.toProvisionException(InternalProvisionException.java:251)
	at com.google.inject.internal.InjectorImpl$1.get(InjectorImpl.java:1104)
	at com.google.inject.internal.InjectorImpl.getInstance(InjectorImpl.java:1139)
	at org.eclipse.sisu.space.AbstractDeferredClass.get(AbstractDeferredClass.java:50)
	at com.google.inject.internal.ProviderInternalFactory.provision(ProviderInternalFactory.java:86)
	at com.google.inject.internal.InternalFactoryToInitializableAdapter.provision(InternalFactoryToInitializableAdapter.java:57)
	at com.google.inject.internal.ProviderInternalFactory$1.call(ProviderInternalFactory.java:67)
	at com.google.inject.internal.ProvisionListenerStackCallback$Provision.provision(ProvisionListenerStackCallback.java:109)
	at com.google.inject.internal.ProvisionListenerStackCallback$Provision.provision(ProvisionListenerStackCallback.java:124)
	at com.google.inject.internal.ProvisionListenerStackCallback.provision(ProvisionListenerStackCallback.java:66)
	at com.google.inject.internal.ProviderInternalFactory.circularGet(ProviderInternalFactory.java:62)
	at com.google.inject.internal.InternalFactoryToInitializableAdapter.get(InternalFactoryToInitializableAdapter.java:47)
	at com.google.inject.internal.InjectorImpl$1.get(InjectorImpl.java:1101)
	at org.eclipse.sisu.inject.Guice4$2.get(Guice4.java:235)
	at org.eclipse.sisu.inject.LazyBeanEntry.getValue(LazyBeanEntry.java:83)
	at org.eclipse.sisu.plexus.LazyPlexusBean.getValue(LazyPlexusBean.java:53)
	at org.codehaus.plexus.DefaultPlexusContainer.lookup(DefaultPlexusContainer.java:265)
	at org.codehaus.plexus.DefaultPlexusContainer.lookup(DefaultPlexusContainer.java:257)
	at org.apache.maven.plugin.internal.DefaultMavenPluginManager.getConfiguredMojo(DefaultMavenPluginManager.java:491)
	at org.eclipse.m2e.core.internal.embedder.MavenImpl.getConfiguredMojo(MavenImpl.java:206)
	at org.eclipse.m2e.mavenarchiver.internal.AbstractMavenArchiverConfigurator.reflectManifestGeneration(AbstractMavenArchiverConfigurator.java:439)
	at org.eclipse.m2e.mavenarchiver.internal.AbstractMavenArchiverConfigurator.lambda$3(AbstractMavenArchiverConfigurator.java:398)
	at org.eclipse.m2e.core.internal.embedder.MavenExecutionContext.executeBare(MavenExecutionContext.java:458)
	at org.eclipse.m2e.core.internal.embedder.MavenExecutionContext.execute(MavenExecutionContext.java:339)
	at org.eclipse.m2e.core.internal.embedder.MavenExecutionContext.execute(MavenExecutionContext.java:278)
	at org.eclipse.m2e.mavenarchiver.internal.AbstractMavenArchiverConfigurator.generateManifest(AbstractMavenArchiverConfigurator.java:371)
	at org.eclipse.m2e.mavenarchiver.internal.AbstractMavenArchiverConfigurator.mavenProjectChanged(AbstractMavenArchiverConfigurator.java:228)
	at org.eclipse.m2e.mavenarchiver.internal.AbstractMavenArchiverConfigurator.mavenProjectChanged(AbstractMavenArchiverConfigurator.java:220)
	at org.eclipse.m2e.core.internal.project.ProjectConfigurationManager.mavenProjectChanged(ProjectConfigurationManager.java:885)
	at org.eclipse.m2e.core.internal.project.registry.ProjectRegistryManager.notifyProjectChangeListeners(ProjectRegistryManager.java:892)
	at org.eclipse.m2e.core.internal.project.registry.ProjectRegistryManager.applyMutableProjectRegistry(ProjectRegistryManager.java:1042)
	at org.eclipse.m2e.core.internal.project.registry.ProjectRegistryManager.refresh(ProjectRegistryManager.java:324)
	at org.eclipse.m2e.core.internal.project.ProjectConfigurationManager.updateProjectConfiguration0(ProjectConfigurationManager.java:388)
	at org.eclipse.m2e.core.internal.project.ProjectConfigurationManager.lambda$3(ProjectConfigurationManager.java:340)
	at org.eclipse.m2e.core.internal.embedder.MavenExecutionContext.executeBare(MavenExecutionContext.java:458)
	at org.eclipse.m2e.core.internal.embedder.MavenExecutionContext.execute(MavenExecutionContext.java:339)
	at org.eclipse.m2e.core.internal.embedder.MavenExecutionContext.execute(MavenExecutionContext.java:278)
	at org.eclipse.m2e.core.internal.embedder.MavenImpl.execute(MavenImpl.java:1053)
	at org.eclipse.m2e.core.internal.project.ProjectConfigurationManager.updateProjectConfiguration(ProjectConfigurationManager.java:339)
	at org.eclipse.m2e.core.internal.project.ProjectConfigurationManager.updateProjectConfiguration(ProjectConfigurationManager.java:326)
	at org.eclipse.m2e.core.internal.project.ProjectConfigurationManager.updateProjectConfiguration(ProjectConfigurationManager.java:308)
	at org.eclipse.m2e.core.internal.project.ProjectConfigurationManager.updateProjectConfiguration(ProjectConfigurationManager.java:296)
	at org.springframework.ide.eclipse.boot.wizard.importing.MavenStrategy.createEclipseProjectFromExistingMavenProject(MavenStrategy.java:139)
	at org.springframework.ide.eclipse.boot.wizard.importing.MavenStrategy$MavenCodeSetImport.run(MavenStrategy.java:85)
	at org.springframework.ide.eclipse.boot.wizard.importing.MavenStrategy$MavenCodeSetImport.run(MavenStrategy.java:1)
	at org.springframework.ide.eclipse.boot.wizard.NewSpringBootWizardModel.importProject(NewSpringBootWizardModel.java:343)
	at org.springframework.ide.eclipse.boot.wizard.NewSpringBootWizardModel.performFinish(NewSpringBootWizardModel.java:322)
	at org.springframework.ide.eclipse.boot.wizard.NewSpringBootWizard$1.runInWorkspace(NewSpringBootWizard.java:239)
	at org.eclipse.core.internal.resources.InternalWorkspaceJob.run(InternalWorkspaceJob.java:43)
	at org.eclipse.core.internal.jobs.Worker.run(Worker.java:63)
Caused by: com.google.inject.OutOfScopeException: Cannot access Key[type=org.apache.maven.project.MavenProject, annotation=[none]] outside of a scoping block
	at org.apache.maven.execution.scope.internal.MojoExecutionScope$2.get(MojoExecutionScope.java:99)
	at com.google.inject.internal.InternalFactoryToProviderAdapter.get(InternalFactoryToProviderAdapter.java:45)
	at com.google.inject.internal.SingleParameterInjector.inject(SingleParameterInjector.java:40)
	at com.google.inject.internal.SingleParameterInjector.getAll(SingleParameterInjector.java:60)
	at com.google.inject.internal.ConstructorInjector.provision(ConstructorInjector.java:113)
	at com.google.inject.internal.ConstructorInjector.access$000(ConstructorInjector.java:33)
	at com.google.inject.internal.ConstructorInjector$1.call(ConstructorInjector.java:98)
	at com.google.inject.internal.ProvisionListenerStackCallback$Provision.provision(ProvisionListenerStackCallback.java:109)
	at com.google.inject.internal.ProvisionListenerStackCallback$Provision.provision(ProvisionListenerStackCallback.java:124)
	at com.google.inject.internal.ProvisionListenerStackCallback.provision(ProvisionListenerStackCallback.java:66)
	at com.google.inject.internal.ConstructorInjector.construct(ConstructorInjector.java:93)
	at com.google.inject.internal.ConstructorBindingImpl$Factory.get(ConstructorBindingImpl.java:300)
	at com.google.inject.internal.InjectorImpl$1.get(InjectorImpl.java:1101)
	... 48 common frames omitted
2026-09-13 16:45:36,118 [Worker-15: Download sources and javadoc] INFO  o.e.m.c.i.e.AbstractTransferListenerAdapter - Downloaded https://repo.maven.apache.org/maven2/org/springframework/boot/spring-boot-servlet/4.1.1/spring-boot-servlet-4.1.1-sources.jar
2026-09-13 16:45:36,135 [Worker-15: Download sources and javadoc] INFO  o.e.m.j.internal.DownloadSourcesJob - Downloaded sources for org.springframework.boot:spring-boot-servlet:4.1.1
2026-09-13 16:45:36,220 [Worker-15: Download sources and javadoc] INFO  o.e.m.c.i.e.AbstractTransferListenerAdapter - Downloading https://repo.maven.apache.org/maven2/org/springframework/spring-webmvc/7.0.9/spring-webmvc-7.0.9-sources.jar
2026-09-13 16:45:36,403 [Worker-15: Download sources and javadoc] INFO  o.e.m.c.i.e.AbstractTransferListenerAdapter - Downloaded https://repo.maven.apache.org/maven2/org/springframework/spring-webmvc/7.0.9/spring-webmvc-7.0.9-sources.jar
2026-09-13 16:45:36,423 [Worker-15: Download sources and javadoc] INFO  o.e.m.j.internal.DownloadSourcesJob - Downloaded sources for org.springframework:spring-webmvc:7.0.9
2026-09-13 16:45:36,515 [Worker-15: Download sources and javadoc] INFO  o.e.m.c.i.e.AbstractTransferListenerAdapter - Downloading https://repo.maven.apache.org/maven2/org/springframework/spring-aop/7.0.9/spring-aop-7.0.9-sources.jar
2026-09-13 16:45:36,622 [Worker-15: Download sources and javadoc] INFO  o.e.m.c.i.e.AbstractTransferListenerAdapter - Downloaded https://repo.maven.apache.org/maven2/org/springframework/spring-aop/7.0.9/spring-aop-7.0.9-sources.jar
2026-09-13 16:45:36,637 [Worker-15: Download sources and javadoc] INFO  o.e.m.j.internal.DownloadSourcesJob - Downloaded sources for org.springframework:spring-aop:7.0.9
2026-09-13 16:45:36,724 [Worker-15: Download sources and javadoc] INFO  o.e.m.c.i.e.AbstractTransferListenerAdapter - Downloading https://repo.maven.apache.org/maven2/org/springframework/spring-expression/7.0.9/spring-expression-7.0.9-sources.jar
2026-09-13 16:45:36,824 [Worker-15: Download sources and javadoc] INFO  o.e.m.c.i.e.AbstractTransferListenerAdapter - Downloaded https://repo.maven.apache.org/maven2/org/springframework/spring-expression/7.0.9/spring-expression-7.0.9-sources.jar
2026-09-13 16:45:36,840 [Worker-15: Download sources and javadoc] INFO  o.e.m.j.internal.DownloadSourcesJob - Downloaded sources for org.springframework:spring-expression:7.0.9
2026-09-13 16:45:37,043 [Worker-15: Download sources and javadoc] INFO  o.e.m.c.i.e.AbstractTransferListenerAdapter - Downloaded https://repo.maven.apache.org/maven2/org/springframework/cloud/spring-cloud-starter-netflix-eureka-client/5.0.2/spring-cloud-starter-netflix-eureka-client-5.0.2-sources.jar
2026-09-13 16:45:37,053 [Worker-15: Download sources and javadoc] ERROR o.e.m.j.internal.DownloadSourcesJob - Could not download sources for org.springframework.cloud:spring-cloud-starter-netflix-eureka-client:5.0.2
org.eclipse.core.runtime.CoreException: Could not resolve artifact org.springframework.cloud:spring-cloud-starter-netflix-eureka-client:jar:sources:5.0.2
	at org.eclipse.m2e.core.internal.embedder.MavenImpl.lambda$7(MavenImpl.java:540)
	at org.eclipse.m2e.core.internal.embedder.MavenExecutionContext.executeBare(MavenExecutionContext.java:458)
	at org.eclipse.m2e.core.internal.embedder.MavenExecutionContext.execute(MavenExecutionContext.java:292)
	at org.eclipse.m2e.core.internal.embedder.MavenExecutionContext.execute(MavenExecutionContext.java:278)
	at org.eclipse.m2e.core.internal.embedder.MavenImpl.resolve(MavenImpl.java:509)
	at org.eclipse.m2e.core.internal.embedder.MavenImpl.resolve(MavenImpl.java:494)
	at org.eclipse.m2e.jdt.internal.DownloadSourcesJob.download(DownloadSourcesJob.java:308)
	at org.eclipse.m2e.jdt.internal.DownloadSourcesJob.downloadAttachments(DownloadSourcesJob.java:282)
	at org.eclipse.m2e.jdt.internal.DownloadSourcesJob.downloadMaven(DownloadSourcesJob.java:252)
	at org.eclipse.m2e.jdt.internal.DownloadSourcesJob.downloadFilesAndPopulateToUpdate(DownloadSourcesJob.java:220)
	at org.eclipse.m2e.jdt.internal.DownloadSourcesJob.lambda$0(DownloadSourcesJob.java:149)
	at org.eclipse.m2e.core.internal.embedder.MavenExecutionContext.executeBare(MavenExecutionContext.java:458)
	at org.eclipse.m2e.core.internal.embedder.MavenExecutionContext.execute(MavenExecutionContext.java:339)
	at org.eclipse.m2e.core.internal.embedder.MavenExecutionContext.execute(MavenExecutionContext.java:278)
	at org.eclipse.m2e.core.embedder.IMaven.execute(IMaven.java:300)
	at org.eclipse.m2e.jdt.internal.DownloadSourcesJob.run(DownloadSourcesJob.java:149)
	at org.eclipse.core.internal.jobs.Worker.run(Worker.java:63)
2026-09-13 16:45:37,276 [Worker-15: Download sources and javadoc] INFO  o.e.m.c.i.e.AbstractTransferListenerAdapter - Downloaded https://repo.maven.apache.org/maven2/org/springframework/cloud/spring-cloud-starter/5.0.3/spring-cloud-starter-5.0.3-sources.jar
2026-09-13 16:45:37,284 [Worker-15: Download sources and javadoc] ERROR o.e.m.j.internal.DownloadSourcesJob - Could not download sources for org.springframework.cloud:spring-cloud-starter:5.0.3
org.eclipse.core.runtime.CoreException: Could not resolve artifact org.springframework.cloud:spring-cloud-starter:jar:sources:5.0.3
	at org.eclipse.m2e.core.internal.embedder.MavenImpl.lambda$7(MavenImpl.java:540)
	at org.eclipse.m2e.core.internal.embedder.MavenExecutionContext.executeBare(MavenExecutionContext.java:458)
	at org.eclipse.m2e.core.internal.embedder.MavenExecutionContext.execute(MavenExecutionContext.java:292)
	at org.eclipse.m2e.core.internal.embedder.MavenExecutionContext.execute(MavenExecutionContext.java:278)
	at org.eclipse.m2e.core.internal.embedder.MavenImpl.resolve(MavenImpl.java:509)
	at org.eclipse.m2e.core.internal.embedder.MavenImpl.resolve(MavenImpl.java:494)
	at org.eclipse.m2e.jdt.internal.DownloadSourcesJob.download(DownloadSourcesJob.java:308)
	at org.eclipse.m2e.jdt.internal.DownloadSourcesJob.downloadAttachments(DownloadSourcesJob.java:282)
	at org.eclipse.m2e.jdt.internal.DownloadSourcesJob.downloadMaven(DownloadSourcesJob.java:252)
	at org.eclipse.m2e.jdt.internal.DownloadSourcesJob.downloadFilesAndPopulateToUpdate(DownloadSourcesJob.java:220)
	at org.eclipse.m2e.jdt.internal.DownloadSourcesJob.lambda$0(DownloadSourcesJob.java:149)
	at org.eclipse.m2e.core.internal.embedder.MavenExecutionContext.executeBare(MavenExecutionContext.java:458)
	at org.eclipse.m2e.core.internal.embedder.MavenExecutionContext.execute(MavenExecutionContext.java:339)
	at org.eclipse.m2e.core.internal.embedder.MavenExecutionContext.execute(MavenExecutionContext.java:278)
	at org.eclipse.m2e.core.embedder.IMaven.execute(IMaven.java:300)
	at org.eclipse.m2e.jdt.internal.DownloadSourcesJob.run(DownloadSourcesJob.java:149)
	at org.eclipse.core.internal.jobs.Worker.run(Worker.java:63)
2026-09-13 16:45:37,402 [Worker-15: Download sources and javadoc] INFO  o.e.m.c.i.e.AbstractTransferListenerAdapter - Downloading https://repo.maven.apache.org/maven2/org/springframework/cloud/spring-cloud-context/5.0.3/spring-cloud-context-5.0.3-sources.jar
2026-09-13 16:45:37,496 [Worker-15: Download sources and javadoc] INFO  o.e.m.c.i.e.AbstractTransferListenerAdapter - Downloaded https://repo.maven.apache.org/maven2/org/springframework/cloud/spring-cloud-context/5.0.3/spring-cloud-context-5.0.3-sources.jar
2026-09-13 16:45:37,513 [Worker-15: Download sources and javadoc] INFO  o.e.m.j.internal.DownloadSourcesJob - Downloaded sources for org.springframework.cloud:spring-cloud-context:5.0.3
2026-09-13 16:45:37,632 [Worker-15: Download sources and javadoc] INFO  o.e.m.c.i.e.AbstractTransferListenerAdapter - Downloading https://repo.maven.apache.org/maven2/org/springframework/security/spring-security-crypto/7.1.1/spring-security-crypto-7.1.1-sources.jar
2026-09-13 16:45:37,700 [Worker-15: Download sources and javadoc] INFO  o.e.m.c.i.e.AbstractTransferListenerAdapter - Downloaded https://repo.maven.apache.org/maven2/org/springframework/security/spring-security-crypto/7.1.1/spring-security-crypto-7.1.1-sources.jar
2026-09-13 16:45:37,715 [Worker-15: Download sources and javadoc] INFO  o.e.m.j.internal.DownloadSourcesJob - Downloaded sources for org.springframework.security:spring-security-crypto:7.1.1
2026-09-13 16:45:37,804 [Worker-13: Import Getting Started Content] INFO  o.e.m.j.i.AbstractJavaProjectConfigurator - Adding source folder /eureka-server/src/main/java
2026-09-13 16:45:37,807 [Worker-13: Import Getting Started Content] INFO  o.e.m.j.i.AbstractJavaProjectConfigurator - Adding resource folder /eureka-server/src/main/resources
2026-09-13 16:45:37,810 [Worker-13: Import Getting Started Content] INFO  o.e.m.j.i.AbstractJavaProjectConfigurator - Adding resource folder /eureka-server/src/main/resources
2026-09-13 16:45:37,811 [Worker-13: Import Getting Started Content] INFO  o.e.m.j.i.AbstractJavaProjectConfigurator - Adding source folder /eureka-server/src/test/java
2026-09-13 16:45:37,815 [Worker-13: Import Getting Started Content] INFO  o.e.m.j.i.AbstractJavaProjectConfigurator - Adding resource folder /eureka-server/src/test/resources
2026-09-13 16:45:37,825 [Worker-15: Download sources and javadoc] INFO  o.e.m.c.i.e.AbstractTransferListenerAdapter - Downloading https://repo.maven.apache.org/maven2/org/springframework/cloud/spring-cloud-commons/5.0.3/spring-cloud-commons-5.0.3-sources.jar
2026-09-13 16:45:37,948 [Worker-15: Download sources and javadoc] INFO  o.e.m.c.i.e.AbstractTransferListenerAdapter - Downloaded https://repo.maven.apache.org/maven2/org/springframework/cloud/spring-cloud-commons/5.0.3/spring-cloud-commons-5.0.3-sources.jar
2026-09-13 16:45:37,970 [Worker-15: Download sources and javadoc] INFO  o.e.m.j.internal.DownloadSourcesJob - Downloaded sources for org.springframework.cloud:spring-cloud-commons:5.0.3
2026-09-13 16:45:38,058 [Worker-15: Download sources and javadoc] INFO  o.e.m.c.i.e.AbstractTransferListenerAdapter - Downloading https://repo.maven.apache.org/maven2/org/bouncycastle/bcprov-jdk18on/1.85.2/bcprov-jdk18on-1.85.2-sources.jar
2026-09-13 16:45:38,684 [Worker-15: Download sources and javadoc] INFO  o.e.m.c.i.e.AbstractTransferListenerAdapter - Downloaded https://repo.maven.apache.org/maven2/org/bouncycastle/bcprov-jdk18on/1.85.2/bcprov-jdk18on-1.85.2-sources.jar
2026-09-13 16:45:38,696 [Worker-15: Download sources and javadoc] INFO  o.e.m.j.internal.DownloadSourcesJob - Downloaded sources for org.bouncycastle:bcprov-jdk18on:1.85.2
2026-09-13 16:45:38,805 [Worker-15: Download sources and javadoc] INFO  o.e.m.c.i.e.AbstractTransferListenerAdapter - Downloading https://repo.maven.apache.org/maven2/org/springframework/cloud/spring-cloud-netflix-eureka-client/5.0.2/spring-cloud-netflix-eureka-client-5.0.2-sources.jar
2026-09-13 16:45:38,903 [Worker-15: Download sources and javadoc] INFO  o.e.m.c.i.e.AbstractTransferListenerAdapter - Downloaded https://repo.maven.apache.org/maven2/org/springframework/cloud/spring-cloud-netflix-eureka-client/5.0.2/spring-cloud-netflix-eureka-client-5.0.2-sources.jar
2026-09-13 16:45:38,918 [Worker-15: Download sources and javadoc] INFO  o.e.m.j.internal.DownloadSourcesJob - Downloaded sources for org.springframework.cloud:spring-cloud-netflix-eureka-client:5.0.2
2026-09-13 16:45:39,026 [Worker-15: Download sources and javadoc] INFO  o.e.m.c.i.e.AbstractTransferListenerAdapter - Downloading https://repo.maven.apache.org/maven2/org/springframework/boot/spring-boot-jackson2/4.1.1/spring-boot-jackson2-4.1.1-sources.jar
2026-09-13 16:45:39,067 [Worker-15: Download sources and javadoc] INFO  o.e.m.c.i.e.AbstractTransferListenerAdapter - Downloaded https://repo.maven.apache.org/maven2/org/springframework/boot/spring-boot-jackson2/4.1.1/spring-boot-jackson2-4.1.1-sources.jar
2026-09-13 16:45:39,084 [Worker-15: Download sources and javadoc] INFO  o.e.m.j.internal.DownloadSourcesJob - Downloaded sources for org.springframework.boot:spring-boot-jackson2:4.1.1
2026-09-13 16:45:39,210 [Worker-15: Download sources and javadoc] INFO  o.e.m.c.i.e.AbstractTransferListenerAdapter - Downloading https://repo.maven.apache.org/maven2/com/fasterxml/jackson/datatype/jackson-datatype-jdk8/2.21.5/jackson-datatype-jdk8-2.21.5-sources.jar
2026-09-13 16:45:39,248 [Worker-15: Download sources and javadoc] INFO  o.e.m.c.i.e.AbstractTransferListenerAdapter - Downloaded https://repo.maven.apache.org/maven2/com/fasterxml/jackson/datatype/jackson-datatype-jdk8/2.21.5/jackson-datatype-jdk8-2.21.5-sources.jar
2026-09-13 16:45:39,284 [Worker-15: Download sources and javadoc] INFO  o.e.m.j.internal.DownloadSourcesJob - Downloaded sources for com.fasterxml.jackson.datatype:jackson-datatype-jdk8:2.21.5
2026-09-13 16:45:39,512 [Worker-15: Download sources and javadoc] INFO  o.e.m.c.i.e.AbstractTransferListenerAdapter - Downloading https://repo.maven.apache.org/maven2/com/fasterxml/jackson/datatype/jackson-datatype-jsr310/2.21.5/jackson-datatype-jsr310-2.21.5-sources.jar
2026-09-13 16:45:39,675 [Worker-15: Download sources and javadoc] INFO  o.e.m.c.i.e.AbstractTransferListenerAdapter - Downloaded https://repo.maven.apache.org/maven2/com/fasterxml/jackson/datatype/jackson-datatype-jsr310/2.21.5/jackson-datatype-jsr310-2.21.5-sources.jar
2026-09-13 16:45:39,693 [Worker-15: Download sources and javadoc] INFO  o.e.m.j.internal.DownloadSourcesJob - Downloaded sources for com.fasterxml.jackson.datatype:jackson-datatype-jsr310:2.21.5
2026-09-13 16:45:39,791 [Worker-15: Download sources and javadoc] INFO  o.e.m.c.i.e.AbstractTransferListenerAdapter - Downloading https://repo.maven.apache.org/maven2/com/fasterxml/jackson/module/jackson-module-parameter-names/2.21.5/jackson-module-parameter-names-2.21.5-sources.jar
2026-09-13 16:45:39,825 [Worker-15: Download sources and javadoc] INFO  o.e.m.c.i.e.AbstractTransferListenerAdapter - Downloaded https://repo.maven.apache.org/maven2/com/fasterxml/jackson/module/jackson-module-parameter-names/2.21.5/jackson-module-parameter-names-2.21.5-sources.jar
2026-09-13 16:45:39,843 [Worker-15: Download sources and javadoc] INFO  o.e.m.j.internal.DownloadSourcesJob - Downloaded sources for com.fasterxml.jackson.module:jackson-module-parameter-names:2.21.5
2026-09-13 16:45:39,934 [Worker-15: Download sources and javadoc] INFO  o.e.m.c.i.e.AbstractTransferListenerAdapter - Downloading https://repo.maven.apache.org/maven2/org/apache/httpcomponents/client5/httpclient5/5.6.4/httpclient5-5.6.4-sources.jar
2026-09-13 16:45:40,093 [Worker-15: Download sources and javadoc] INFO  o.e.m.c.i.e.AbstractTransferListenerAdapter - Downloaded https://repo.maven.apache.org/maven2/org/apache/httpcomponents/client5/httpclient5/5.6.4/httpclient5-5.6.4-sources.jar
2026-09-13 16:45:40,110 [Worker-15: Download sources and javadoc] INFO  o.e.m.j.internal.DownloadSourcesJob - Downloaded sources for org.apache.httpcomponents.client5:httpclient5:5.6.4
2026-09-13 16:45:40,212 [Worker-13: Import Getting Started Content] INFO  o.e.m.c.i.p.ProjectConfigurationManager - Update completed for 1 poms: local refresh takes 0.00 sec, refresh facades takes 8.00 sec, update config takes 2.00 sec 
2026-09-13 16:45:40,215 [Worker-15: Download sources and javadoc] INFO  o.e.m.c.i.e.AbstractTransferListenerAdapter - Downloading https://repo.maven.apache.org/maven2/org/apache/httpcomponents/core5/httpcore5/5.4.3/httpcore5-5.4.3-sources.jar
2026-09-13 16:45:40,373 [Worker-15: Download sources and javadoc] INFO  o.e.m.c.i.e.AbstractTransferListenerAdapter - Downloaded https://repo.maven.apache.org/maven2/org/apache/httpcomponents/core5/httpcore5/5.4.3/httpcore5-5.4.3-sources.jar
2026-09-13 16:45:40,390 [Worker-15: Download sources and javadoc] INFO  o.e.m.j.internal.DownloadSourcesJob - Downloaded sources for org.apache.httpcomponents.core5:httpcore5:5.4.3
2026-09-13 16:45:40,490 [Worker-15: Download sources and javadoc] INFO  o.e.m.c.i.e.AbstractTransferListenerAdapter - Downloading https://repo.maven.apache.org/maven2/org/apache/httpcomponents/core5/httpcore5-h2/5.4.3/httpcore5-h2-5.4.3-sources.jar
2026-09-13 16:45:40,581 [Worker-15: Download sources and javadoc] INFO  o.e.m.c.i.e.AbstractTransferListenerAdapter - Downloaded https://repo.maven.apache.org/maven2/org/apache/httpcomponents/core5/httpcore5-h2/5.4.3/httpcore5-h2-5.4.3-sources.jar
2026-09-13 16:45:40,594 [Worker-15: Download sources and javadoc] INFO  o.e.m.j.internal.DownloadSourcesJob - Downloaded sources for org.apache.httpcomponents.core5:httpcore5-h2:5.4.3
2026-09-13 16:45:40,692 [Worker-15: Download sources and javadoc] INFO  o.e.m.c.i.e.AbstractTransferListenerAdapter - Downloading https://repo.maven.apache.org/maven2/com/netflix/eureka/eureka-client/2.0.6/eureka-client-2.0.6-sources.jar
2026-09-13 16:45:40,800 [Worker-15: Download sources and javadoc] INFO  o.e.m.c.i.e.AbstractTransferListenerAdapter - Downloaded https://repo.maven.apache.org/maven2/com/netflix/eureka/eureka-client/2.0.6/eureka-client-2.0.6-sources.jar
2026-09-13 16:45:40,814 [Worker-15: Download sources and javadoc] INFO  o.e.m.j.internal.DownloadSourcesJob - Downloaded sources for com.netflix.eureka:eureka-client:2.0.6
2026-09-13 16:45:40,893 [Worker-15: Download sources and javadoc] INFO  o.e.m.c.i.e.AbstractTransferListenerAdapter - Downloading https://repo.maven.apache.org/maven2/com/thoughtworks/xstream/xstream/1.4.21/xstream-1.4.21-sources.jar
2026-09-13 16:45:41,031 [Worker-15: Download sources and javadoc] INFO  o.e.m.c.i.e.AbstractTransferListenerAdapter - Downloaded https://repo.maven.apache.org/maven2/com/thoughtworks/xstream/xstream/1.4.21/xstream-1.4.21-sources.jar
2026-09-13 16:45:41,045 [Worker-15: Download sources and javadoc] INFO  o.e.m.j.internal.DownloadSourcesJob - Downloaded sources for com.thoughtworks.xstream:xstream:1.4.21
2026-09-13 16:45:41,143 [Worker-15: Download sources and javadoc] INFO  o.e.m.c.i.e.AbstractTransferListenerAdapter - Downloading https://repo.maven.apache.org/maven2/jakarta/ws/rs/jakarta.ws.rs-api/4.0.0/jakarta.ws.rs-api-4.0.0-sources.jar
2026-09-13 16:45:41,260 [Worker-15: Download sources and javadoc] INFO  o.e.m.c.i.e.AbstractTransferListenerAdapter - Downloaded https://repo.maven.apache.org/maven2/jakarta/ws/rs/jakarta.ws.rs-api/4.0.0/jakarta.ws.rs-api-4.0.0-sources.jar
2026-09-13 16:45:41,274 [Worker-15: Download sources and javadoc] INFO  o.e.m.j.internal.DownloadSourcesJob - Downloaded sources for jakarta.ws.rs:jakarta.ws.rs-api:4.0.0
2026-09-13 16:45:41,347 [Worker-15: Download sources and javadoc] INFO  o.e.m.c.i.e.AbstractTransferListenerAdapter - Downloading https://repo.maven.apache.org/maven2/org/slf4j/slf4j-api/2.0.18/slf4j-api-2.0.18-sources.jar
2026-09-13 16:45:41,411 [Worker-15: Download sources and javadoc] INFO  o.e.m.c.i.e.AbstractTransferListenerAdapter - Downloaded https://repo.maven.apache.org/maven2/org/slf4j/slf4j-api/2.0.18/slf4j-api-2.0.18-sources.jar
2026-09-13 16:45:41,425 [Worker-15: Download sources and javadoc] INFO  o.e.m.j.internal.DownloadSourcesJob - Downloaded sources for org.slf4j:slf4j-api:2.0.18
2026-09-13 16:45:41,507 [Worker-15: Download sources and javadoc] INFO  o.e.m.c.i.e.AbstractTransferListenerAdapter - Downloading https://repo.maven.apache.org/maven2/commons-codec/commons-codec/1.21.0/commons-codec-1.21.0-sources.jar
2026-09-13 16:45:41,632 [Worker-15: Download sources and javadoc] INFO  o.e.m.c.i.e.AbstractTransferListenerAdapter - Downloaded https://repo.maven.apache.org/maven2/commons-codec/commons-codec/1.21.0/commons-codec-1.21.0-sources.jar
2026-09-13 16:45:41,646 [Worker-15: Download sources and javadoc] INFO  o.e.m.j.internal.DownloadSourcesJob - Downloaded sources for commons-codec:commons-codec:1.21.0
2026-09-13 16:45:41,736 [Worker-15: Download sources and javadoc] INFO  o.e.m.c.i.e.AbstractTransferListenerAdapter - Downloading https://repo.maven.apache.org/maven2/com/fasterxml/jackson/core/jackson-annotations/2.21/jackson-annotations-2.21-sources.jar
2026-09-13 16:45:41,812 [Worker-15: Download sources and javadoc] INFO  o.e.m.c.i.e.AbstractTransferListenerAdapter - Downloaded https://repo.maven.apache.org/maven2/com/fasterxml/jackson/core/jackson-annotations/2.21/jackson-annotations-2.21-sources.jar
2026-09-13 16:45:41,827 [Worker-15: Download sources and javadoc] INFO  o.e.m.j.internal.DownloadSourcesJob - Downloaded sources for com.fasterxml.jackson.core:jackson-annotations:2.21
2026-09-13 16:45:41,836 [Worker-13: Building] INFO  o.a.m.s.f.DefaultMavenResourcesFiltering - Copying 1 resource from src\main\resources to target\classes
2026-09-13 16:45:41,867 [Worker-13: Building] INFO  o.a.m.s.f.DefaultMavenResourcesFiltering - Copying 0 resource from src\main\resources to target\classes
2026-09-13 16:45:41,876 [Worker-13: Building] INFO  o.a.m.s.f.DefaultMavenResourcesFiltering - skip non existing resourceDirectory C:\Users\LMANTHIN\OneDrive - Capgemini\botp\FlightManagementSystem\eureka-server\src\test\resources
2026-09-13 16:45:41,914 [Worker-15: Download sources and javadoc] INFO  o.e.m.c.i.e.AbstractTransferListenerAdapter - Downloading https://repo.maven.apache.org/maven2/com/fasterxml/jackson/core/jackson-core/2.21.5/jackson-core-2.21.5-sources.jar
2026-09-13 16:45:42,061 [Worker-15: Download sources and javadoc] INFO  o.e.m.c.i.e.AbstractTransferListenerAdapter - Downloaded https://repo.maven.apache.org/maven2/com/fasterxml/jackson/core/jackson-core/2.21.5/jackson-core-2.21.5-sources.jar
2026-09-13 16:45:42,076 [Worker-15: Download sources and javadoc] INFO  o.e.m.j.internal.DownloadSourcesJob - Downloaded sources for com.fasterxml.jackson.core:jackson-core:2.21.5
2026-09-13 16:45:42,176 [Worker-15: Download sources and javadoc] INFO  o.e.m.c.i.e.AbstractTransferListenerAdapter - Downloading https://repo.maven.apache.org/maven2/com/fasterxml/jackson/core/jackson-databind/2.21.5/jackson-databind-2.21.5-sources.jar
2026-09-13 16:45:42,398 [Worker-15: Download sources and javadoc] INFO  o.e.m.c.i.e.AbstractTransferListenerAdapter - Downloaded https://repo.maven.apache.org/maven2/com/fasterxml/jackson/core/jackson-databind/2.21.5/jackson-databind-2.21.5-sources.jar
2026-09-13 16:45:42,413 [Worker-15: Download sources and javadoc] INFO  o.e.m.j.internal.DownloadSourcesJob - Downloaded sources for com.fasterxml.jackson.core:jackson-databind:2.21.5
2026-09-13 16:45:42,493 [Worker-15: Download sources and javadoc] INFO  o.e.m.c.i.e.AbstractTransferListenerAdapter - Downloaded https://repo.maven.apache.org/maven2/org/springframework/cloud/spring-cloud-starter-loadbalancer/5.0.3/spring-cloud-starter-loadbalancer-5.0.3-sources.jar
2026-09-13 16:45:42,501 [Worker-15: Download sources and javadoc] ERROR o.e.m.j.internal.DownloadSourcesJob - Could not download sources for org.springframework.cloud:spring-cloud-starter-loadbalancer:5.0.3
org.eclipse.core.runtime.CoreException: Could not resolve artifact org.springframework.cloud:spring-cloud-starter-loadbalancer:jar:sources:5.0.3
	at org.eclipse.m2e.core.internal.embedder.MavenImpl.lambda$7(MavenImpl.java:540)
	at org.eclipse.m2e.core.internal.embedder.MavenExecutionContext.executeBare(MavenExecutionContext.java:458)
	at org.eclipse.m2e.core.internal.embedder.MavenExecutionContext.execute(MavenExecutionContext.java:292)
	at org.eclipse.m2e.core.internal.embedder.MavenExecutionContext.execute(MavenExecutionContext.java:278)
	at org.eclipse.m2e.core.internal.embedder.MavenImpl.resolve(MavenImpl.java:509)
	at org.eclipse.m2e.core.internal.embedder.MavenImpl.resolve(MavenImpl.java:494)
	at org.eclipse.m2e.jdt.internal.DownloadSourcesJob.download(DownloadSourcesJob.java:308)
	at org.eclipse.m2e.jdt.internal.DownloadSourcesJob.downloadAttachments(DownloadSourcesJob.java:282)
	at org.eclipse.m2e.jdt.internal.DownloadSourcesJob.downloadMaven(DownloadSourcesJob.java:252)
	at org.eclipse.m2e.jdt.internal.DownloadSourcesJob.downloadFilesAndPopulateToUpdate(DownloadSourcesJob.java:220)
	at org.eclipse.m2e.jdt.internal.DownloadSourcesJob.lambda$0(DownloadSourcesJob.java:149)
	at org.eclipse.m2e.core.internal.embedder.MavenExecutionContext.executeBare(MavenExecutionContext.java:458)
	at org.eclipse.m2e.core.internal.embedder.MavenExecutionContext.execute(MavenExecutionContext.java:339)
	at org.eclipse.m2e.core.internal.embedder.MavenExecutionContext.execute(MavenExecutionContext.java:278)
	at org.eclipse.m2e.core.embedder.IMaven.execute(IMaven.java:300)
	at org.eclipse.m2e.jdt.internal.DownloadSourcesJob.run(DownloadSourcesJob.java:149)
	at org.eclipse.core.internal.jobs.Worker.run(Worker.java:63)
2026-09-13 16:45:42,609 [Worker-15: Download sources and javadoc] INFO  o.e.m.c.i.e.AbstractTransferListenerAdapter - Downloading https://repo.maven.apache.org/maven2/org/springframework/cloud/spring-cloud-loadbalancer/5.0.3/spring-cloud-loadbalancer-5.0.3-sources.jar
2026-09-13 16:45:42,635 [Worker-13: Building] WARN  Sisu - Error injecting: org.apache.maven.plugins.jar.JarMojo
com.google.inject.ProvisionException: Unable to provision, see the following errors:

1) [Guice/ErrorInCustomProvider]: OutOfScopeException: Cannot access Key[type=MavenProject, annotation=[none]] outside of a scoping block
  at MojoExecutionScopeModule.configure(MojoExecutionScopeModule.java:47)
      \_ installed by: WireModule -> MojoExecutionScopeModule
  at JarMojo.<init>(JarMojo.java:72)
      \_ for 1st parameter
  while locating JarMojo

Learn more:
  https://github.com/google/guice/wiki/ERROR_IN_CUSTOM_PROVIDER

1 error

======================
Full classname legend:
======================
JarMojo:                  "org.apache.maven.plugins.jar.JarMojo"
MavenProject:             "org.apache.maven.project.MavenProject"
MojoExecutionScopeModule: "org.apache.maven.execution.scope.internal.MojoExecutionScopeModule"
OutOfScopeException:      "com.google.inject.OutOfScopeException"
WireModule:               "org.eclipse.sisu.wire.WireModule"
========================
End of classname legend:
========================

	at com.google.inject.internal.InternalProvisionException.toProvisionException(InternalProvisionException.java:251)
	at com.google.inject.internal.InjectorImpl$1.get(InjectorImpl.java:1104)
	at com.google.inject.internal.InjectorImpl.getInstance(InjectorImpl.java:1139)
	at org.eclipse.sisu.space.AbstractDeferredClass.get(AbstractDeferredClass.java:50)
	at com.google.inject.internal.ProviderInternalFactory.provision(ProviderInternalFactory.java:86)
	at com.google.inject.internal.InternalFactoryToInitializableAdapter.provision(InternalFactoryToInitializableAdapter.java:57)
	at com.google.inject.internal.ProviderInternalFactory$1.call(ProviderInternalFactory.java:67)
	at com.google.inject.internal.ProvisionListenerStackCallback$Provision.provision(ProvisionListenerStackCallback.java:109)
	at com.google.inject.internal.ProvisionListenerStackCallback$Provision.provision(ProvisionListenerStackCallback.java:124)
	at com.google.inject.internal.ProvisionListenerStackCallback.provision(ProvisionListenerStackCallback.java:66)
	at com.google.inject.internal.ProviderInternalFactory.circularGet(ProviderInternalFactory.java:62)
	at com.google.inject.internal.InternalFactoryToInitializableAdapter.get(InternalFactoryToInitializableAdapter.java:47)
	at com.google.inject.internal.InjectorImpl$1.get(InjectorImpl.java:1101)
	at org.eclipse.sisu.inject.Guice4$2.get(Guice4.java:235)
	at org.eclipse.sisu.inject.LazyBeanEntry.getValue(LazyBeanEntry.java:83)
	at org.eclipse.sisu.plexus.LazyPlexusBean.getValue(LazyPlexusBean.java:53)
	at org.codehaus.plexus.DefaultPlexusContainer.lookup(DefaultPlexusContainer.java:265)
	at org.codehaus.plexus.DefaultPlexusContainer.lookup(DefaultPlexusContainer.java:257)
	at org.apache.maven.plugin.internal.DefaultMavenPluginManager.getConfiguredMojo(DefaultMavenPluginManager.java:491)
	at org.eclipse.m2e.core.internal.embedder.MavenImpl.getConfiguredMojo(MavenImpl.java:206)
	at org.eclipse.m2e.mavenarchiver.internal.AbstractMavenArchiverConfigurator.reflectManifestGeneration(AbstractMavenArchiverConfigurator.java:439)
	at org.eclipse.m2e.mavenarchiver.internal.AbstractMavenArchiverConfigurator.lambda$3(AbstractMavenArchiverConfigurator.java:398)
	at org.eclipse.m2e.core.internal.embedder.MavenExecutionContext.executeBare(MavenExecutionContext.java:458)
	at org.eclipse.m2e.core.internal.embedder.MavenExecutionContext.execute(MavenExecutionContext.java:339)
	at org.eclipse.m2e.core.internal.embedder.MavenExecutionContext.execute(MavenExecutionContext.java:278)
	at org.eclipse.m2e.mavenarchiver.internal.AbstractMavenArchiverConfigurator.generateManifest(AbstractMavenArchiverConfigurator.java:371)
	at org.eclipse.m2e.mavenarchiver.internal.AbstractMavenArchiverConfigurator.mavenProjectChanged(AbstractMavenArchiverConfigurator.java:228)
	at org.eclipse.m2e.mavenarchiver.internal.AbstractMavenArchiverConfigurator$1.build(AbstractMavenArchiverConfigurator.java:178)
	at org.eclipse.m2e.core.internal.builder.MavenBuilderImpl.lambda$2(MavenBuilderImpl.java:159)
	at java.base/java.util.LinkedHashMap.forEach(LinkedHashMap.java:986)
	at org.eclipse.m2e.core.internal.builder.MavenBuilderImpl.build(MavenBuilderImpl.java:139)
	at org.eclipse.m2e.core.internal.builder.MavenBuilder$1.method(MavenBuilder.java:164)
	at org.eclipse.m2e.core.internal.builder.MavenBuilder$1.method(MavenBuilder.java:1)
	at org.eclipse.m2e.core.internal.builder.MavenBuilder$BuildMethod.lambda$1(MavenBuilder.java:109)
	at org.eclipse.m2e.core.internal.embedder.MavenExecutionContext.executeBare(MavenExecutionContext.java:458)
	at org.eclipse.m2e.core.internal.embedder.MavenExecutionContext.execute(MavenExecutionContext.java:292)
	at org.eclipse.m2e.core.internal.builder.MavenBuilder$BuildMethod.lambda$0(MavenBuilder.java:100)
	at org.eclipse.m2e.core.internal.embedder.MavenExecutionContext.executeBare(MavenExecutionContext.java:458)
	at org.eclipse.m2e.core.internal.embedder.MavenExecutionContext.execute(MavenExecutionContext.java:339)
	at org.eclipse.m2e.core.internal.embedder.MavenExecutionContext.execute(MavenExecutionContext.java:278)
	at org.eclipse.m2e.core.internal.builder.MavenBuilder$BuildMethod.execute(MavenBuilder.java:83)
	at org.eclipse.m2e.core.internal.builder.MavenBuilder.build(MavenBuilder.java:192)
	at org.eclipse.core.internal.events.BuildManager$2.run(BuildManager.java:1077)
	at org.eclipse.core.runtime.SafeRunner.run(SafeRunner.java:47)
	at org.eclipse.core.internal.events.BuildManager.basicBuild(BuildManager.java:296)
	at org.eclipse.core.internal.events.BuildManager.basicBuild(BuildManager.java:352)
	at org.eclipse.core.internal.events.BuildManager$1.run(BuildManager.java:441)
	at org.eclipse.core.runtime.SafeRunner.run(SafeRunner.java:47)
	at org.eclipse.core.internal.events.BuildManager.basicBuild(BuildManager.java:444)
	at org.eclipse.core.internal.events.BuildManager.basicBuildLoop(BuildManager.java:555)
	at org.eclipse.core.internal.events.BuildManager.basicBuildLoop(BuildManager.java:503)
	at org.eclipse.core.internal.events.BuildManager.build(BuildManager.java:585)
	at org.eclipse.core.internal.events.AutoBuildJob.doBuild(AutoBuildJob.java:207)
	at org.eclipse.core.internal.events.AutoBuildJob.run(AutoBuildJob.java:300)
	at org.eclipse.core.internal.jobs.Worker.run(Worker.java:63)
Caused by: com.google.inject.OutOfScopeException: Cannot access Key[type=org.apache.maven.project.MavenProject, annotation=[none]] outside of a scoping block
	at org.apache.maven.execution.scope.internal.MojoExecutionScope$2.get(MojoExecutionScope.java:99)
	at com.google.inject.internal.InternalFactoryToProviderAdapter.get(InternalFactoryToProviderAdapter.java:45)
	at com.google.inject.internal.SingleParameterInjector.inject(SingleParameterInjector.java:40)
	at com.google.inject.internal.SingleParameterInjector.getAll(SingleParameterInjector.java:60)
	at com.google.inject.internal.ConstructorInjector.provision(ConstructorInjector.java:113)
	at com.google.inject.internal.ConstructorInjector.access$000(ConstructorInjector.java:33)
	at com.google.inject.internal.ConstructorInjector$1.call(ConstructorInjector.java:98)
	at com.google.inject.internal.ProvisionListenerStackCallback$Provision.provision(ProvisionListenerStackCallback.java:109)
	at com.google.inject.internal.ProvisionListenerStackCallback$Provision.provision(ProvisionListenerStackCallback.java:124)
	at com.google.inject.internal.ProvisionListenerStackCallback.provision(ProvisionListenerStackCallback.java:66)
	at com.google.inject.internal.ConstructorInjector.construct(ConstructorInjector.java:93)
	at com.google.inject.internal.ConstructorBindingImpl$Factory.get(ConstructorBindingImpl.java:300)
	at com.google.inject.internal.InjectorImpl$1.get(InjectorImpl.java:1101)
	... 53 common frames omitted
2026-09-13 16:45:42,680 [Worker-15: Download sources and javadoc] INFO  o.e.m.c.i.e.AbstractTransferListenerAdapter - Downloaded https://repo.maven.apache.org/maven2/org/springframework/cloud/spring-cloud-loadbalancer/5.0.3/spring-cloud-loadbalancer-5.0.3-sources.jar
2026-09-13 16:45:42,692 [Worker-15: Download sources and javadoc] INFO  o.e.m.j.internal.DownloadSourcesJob - Downloaded sources for org.springframework.cloud:spring-cloud-loadbalancer:5.0.3
2026-09-13 16:45:42,763 [Worker-15: Download sources and javadoc] INFO  o.e.m.c.i.e.AbstractTransferListenerAdapter - Downloading https://repo.maven.apache.org/maven2/io/projectreactor/reactor-core/3.8.7/reactor-core-3.8.7-sources.jar
2026-09-13 16:45:43,040 [Worker-15: Download sources and javadoc] INFO  o.e.m.c.i.e.AbstractTransferListenerAdapter - Downloaded https://repo.maven.apache.org/maven2/io/projectreactor/reactor-core/3.8.7/reactor-core-3.8.7-sources.jar
2026-09-13 16:45:43,053 [Worker-15: Download sources and javadoc] INFO  o.e.m.j.internal.DownloadSourcesJob - Downloaded sources for io.projectreactor:reactor-core:3.8.7
2026-09-13 16:45:43,151 [Worker-15: Download sources and javadoc] INFO  o.e.m.c.i.e.AbstractTransferListenerAdapter - Downloading https://repo.maven.apache.org/maven2/io/projectreactor/addons/reactor-extra/3.6.1/reactor-extra-3.6.1-sources.jar
2026-09-13 16:45:43,230 [Worker-15: Download sources and javadoc] INFO  o.e.m.c.i.e.AbstractTransferListenerAdapter - Downloaded https://repo.maven.apache.org/maven2/io/projectreactor/addons/reactor-extra/3.6.1/reactor-extra-3.6.1-sources.jar
2026-09-13 16:45:43,246 [Worker-15: Download sources and javadoc] INFO  o.e.m.j.internal.DownloadSourcesJob - Downloaded sources for io.projectreactor.addons:reactor-extra:3.6.1
2026-09-13 16:45:43,342 [Worker-15: Download sources and javadoc] INFO  o.e.m.c.i.e.AbstractTransferListenerAdapter - Downloading https://repo.maven.apache.org/maven2/org/springframework/boot/spring-boot-starter-cache/4.1.1/spring-boot-starter-cache-4.1.1-sources.jar
2026-09-13 16:45:43,360 [Worker-15: Download sources and javadoc] INFO  o.e.m.c.i.e.AbstractTransferListenerAdapter - Downloaded https://repo.maven.apache.org/maven2/org/springframework/boot/spring-boot-starter-cache/4.1.1/spring-boot-starter-cache-4.1.1-sources.jar
2026-09-13 16:45:43,375 [Worker-15: Download sources and javadoc] INFO  o.e.m.j.internal.DownloadSourcesJob - Downloaded sources for org.springframework.boot:spring-boot-starter-cache:4.1.1
2026-09-13 16:45:43,454 [Worker-15: Download sources and javadoc] INFO  o.e.m.c.i.e.AbstractTransferListenerAdapter - Downloading https://repo.maven.apache.org/maven2/org/springframework/boot/spring-boot-cache/4.1.1/spring-boot-cache-4.1.1-sources.jar
2026-09-13 16:45:43,509 [Worker-15: Download sources and javadoc] INFO  o.e.m.c.i.e.AbstractTransferListenerAdapter - Downloaded https://repo.maven.apache.org/maven2/org/springframework/boot/spring-boot-cache/4.1.1/spring-boot-cache-4.1.1-sources.jar
2026-09-13 16:45:43,523 [Worker-15: Download sources and javadoc] INFO  o.e.m.j.internal.DownloadSourcesJob - Downloaded sources for org.springframework.boot:spring-boot-cache:4.1.1
2026-09-13 16:45:43,606 [Worker-15: Download sources and javadoc] INFO  o.e.m.c.i.e.AbstractTransferListenerAdapter - Downloading https://repo.maven.apache.org/maven2/org/springframework/spring-context-support/7.0.9/spring-context-support-7.0.9-sources.jar
2026-09-13 16:45:43,712 [Worker-15: Download sources and javadoc] INFO  o.e.m.c.i.e.AbstractTransferListenerAdapter - Downloaded https://repo.maven.apache.org/maven2/org/springframework/spring-context-support/7.0.9/spring-context-support-7.0.9-sources.jar
2026-09-13 16:45:43,725 [Worker-15: Download sources and javadoc] INFO  o.e.m.j.internal.DownloadSourcesJob - Downloaded sources for org.springframework:spring-context-support:7.0.9
2026-09-13 16:45:43,875 [Worker-15: Download sources and javadoc] INFO  o.e.m.c.i.e.AbstractTransferListenerAdapter - Downloaded https://repo.maven.apache.org/maven2/org/springframework/cloud/spring-cloud-starter-netflix-eureka-server/5.0.2/spring-cloud-starter-netflix-eureka-server-5.0.2-sources.jar
2026-09-13 16:45:43,884 [Worker-15: Download sources and javadoc] ERROR o.e.m.j.internal.DownloadSourcesJob - Could not download sources for org.springframework.cloud:spring-cloud-starter-netflix-eureka-server:5.0.2
org.eclipse.core.runtime.CoreException: Could not resolve artifact org.springframework.cloud:spring-cloud-starter-netflix-eureka-server:jar:sources:5.0.2
	at org.eclipse.m2e.core.internal.embedder.MavenImpl.lambda$7(MavenImpl.java:540)
	at org.eclipse.m2e.core.internal.embedder.MavenExecutionContext.executeBare(MavenExecutionContext.java:458)
	at org.eclipse.m2e.core.internal.embedder.MavenExecutionContext.execute(MavenExecutionContext.java:292)
	at org.eclipse.m2e.core.internal.embedder.MavenExecutionContext.execute(MavenExecutionContext.java:278)
	at org.eclipse.m2e.core.internal.embedder.MavenImpl.resolve(MavenImpl.java:509)
	at org.eclipse.m2e.core.internal.embedder.MavenImpl.resolve(MavenImpl.java:494)
	at org.eclipse.m2e.jdt.internal.DownloadSourcesJob.download(DownloadSourcesJob.java:308)
	at org.eclipse.m2e.jdt.internal.DownloadSourcesJob.downloadAttachments(DownloadSourcesJob.java:282)
	at org.eclipse.m2e.jdt.internal.DownloadSourcesJob.downloadMaven(DownloadSourcesJob.java:252)
	at org.eclipse.m2e.jdt.internal.DownloadSourcesJob.downloadFilesAndPopulateToUpdate(DownloadSourcesJob.java:220)
	at org.eclipse.m2e.jdt.internal.DownloadSourcesJob.lambda$0(DownloadSourcesJob.java:149)
	at org.eclipse.m2e.core.internal.embedder.MavenExecutionContext.executeBare(MavenExecutionContext.java:458)
	at org.eclipse.m2e.core.internal.embedder.MavenExecutionContext.execute(MavenExecutionContext.java:339)
	at org.eclipse.m2e.core.internal.embedder.MavenExecutionContext.execute(MavenExecutionContext.java:278)
	at org.eclipse.m2e.core.embedder.IMaven.execute(IMaven.java:300)
	at org.eclipse.m2e.jdt.internal.DownloadSourcesJob.run(DownloadSourcesJob.java:149)
	at org.eclipse.core.internal.jobs.Worker.run(Worker.java:63)
2026-09-13 16:45:43,974 [Worker-15: Download sources and javadoc] INFO  o.e.m.c.i.e.AbstractTransferListenerAdapter - Downloading https://repo.maven.apache.org/maven2/org/springframework/cloud/spring-cloud-netflix-eureka-server/5.0.2/spring-cloud-netflix-eureka-server-5.0.2-sources.jar
2026-09-13 16:45:44,070 [Worker-15: Download sources and javadoc] INFO  o.e.m.c.i.e.AbstractTransferListenerAdapter - Downloaded https://repo.maven.apache.org/maven2/org/springframework/cloud/spring-cloud-netflix-eureka-server/5.0.2/spring-cloud-netflix-eureka-server-5.0.2-sources.jar
2026-09-13 16:45:44,083 [Worker-15: Download sources and javadoc] INFO  o.e.m.j.internal.DownloadSourcesJob - Downloaded sources for org.springframework.cloud:spring-cloud-netflix-eureka-server:5.0.2
2026-09-13 16:45:44,154 [Worker-15: Download sources and javadoc] INFO  o.e.m.c.i.e.AbstractTransferListenerAdapter - Downloading https://repo.maven.apache.org/maven2/org/springframework/boot/spring-boot-starter-web/4.1.1/spring-boot-starter-web-4.1.1-sources.jar
2026-09-13 16:45:44,173 [Worker-15: Download sources and javadoc] INFO  o.e.m.c.i.e.AbstractTransferListenerAdapter - Downloaded https://repo.maven.apache.org/maven2/org/springframework/boot/spring-boot-starter-web/4.1.1/spring-boot-starter-web-4.1.1-sources.jar
2026-09-13 16:45:44,185 [Worker-15: Download sources and javadoc] INFO  o.e.m.j.internal.DownloadSourcesJob - Downloaded sources for org.springframework.boot:spring-boot-starter-web:4.1.1
2026-09-13 16:45:44,272 [Worker-15: Download sources and javadoc] INFO  o.e.m.c.i.e.AbstractTransferListenerAdapter - Downloading https://repo.maven.apache.org/maven2/org/springframework/boot/spring-boot-starter-actuator/4.1.1/spring-boot-starter-actuator-4.1.1-sources.jar
2026-09-13 16:45:44,288 [Worker-15: Download sources and javadoc] INFO  o.e.m.c.i.e.AbstractTransferListenerAdapter - Downloaded https://repo.maven.apache.org/maven2/org/springframework/boot/spring-boot-starter-actuator/4.1.1/spring-boot-starter-actuator-4.1.1-sources.jar
2026-09-13 16:45:44,301 [Worker-15: Download sources and javadoc] INFO  o.e.m.j.internal.DownloadSourcesJob - Downloaded sources for org.springframework.boot:spring-boot-starter-actuator:4.1.1
2026-09-13 16:45:44,407 [Worker-15: Download sources and javadoc] INFO  o.e.m.c.i.e.AbstractTransferListenerAdapter - Downloading https://repo.maven.apache.org/maven2/org/springframework/boot/spring-boot-starter-micrometer-metrics/4.1.1/spring-boot-starter-micrometer-metrics-4.1.1-sources.jar
2026-09-13 16:45:44,423 [Worker-15: Download sources and javadoc] INFO  o.e.m.c.i.e.AbstractTransferListenerAdapter - Downloaded https://repo.maven.apache.org/maven2/org/springframework/boot/spring-boot-starter-micrometer-metrics/4.1.1/spring-boot-starter-micrometer-metrics-4.1.1-sources.jar
2026-09-13 16:45:44,433 [Worker-15: Download sources and javadoc] INFO  o.e.m.j.internal.DownloadSourcesJob - Downloaded sources for org.springframework.boot:spring-boot-starter-micrometer-metrics:4.1.1
2026-09-13 16:45:44,531 [Worker-15: Download sources and javadoc] INFO  o.e.m.c.i.e.AbstractTransferListenerAdapter - Downloading https://repo.maven.apache.org/maven2/org/springframework/boot/spring-boot-micrometer-metrics/4.1.1/spring-boot-micrometer-metrics-4.1.1-sources.jar
2026-09-13 16:45:44,636 [Worker-15: Download sources and javadoc] INFO  o.e.m.c.i.e.AbstractTransferListenerAdapter - Downloaded https://repo.maven.apache.org/maven2/org/springframework/boot/spring-boot-micrometer-metrics/4.1.1/spring-boot-micrometer-metrics-4.1.1-sources.jar
2026-09-13 16:45:44,648 [Worker-15: Download sources and javadoc] INFO  o.e.m.j.internal.DownloadSourcesJob - Downloaded sources for org.springframework.boot:spring-boot-micrometer-metrics:4.1.1
2026-09-13 16:45:44,744 [Worker-15: Download sources and javadoc] INFO  o.e.m.c.i.e.AbstractTransferListenerAdapter - Downloading https://repo.maven.apache.org/maven2/org/springframework/boot/spring-boot-micrometer-observation/4.1.1/spring-boot-micrometer-observation-4.1.1-sources.jar
2026-09-13 16:45:44,783 [Worker-15: Download sources and javadoc] INFO  o.e.m.c.i.e.AbstractTransferListenerAdapter - Downloaded https://repo.maven.apache.org/maven2/org/springframework/boot/spring-boot-micrometer-observation/4.1.1/spring-boot-micrometer-observation-4.1.1-sources.jar
2026-09-13 16:45:44,794 [Worker-15: Download sources and javadoc] INFO  o.e.m.j.internal.DownloadSourcesJob - Downloaded sources for org.springframework.boot:spring-boot-micrometer-observation:4.1.1
2026-09-13 16:45:44,883 [Worker-15: Download sources and javadoc] INFO  o.e.m.c.i.e.AbstractTransferListenerAdapter - Downloading https://repo.maven.apache.org/maven2/org/springframework/boot/spring-boot-actuator-autoconfigure/4.1.1/spring-boot-actuator-autoconfigure-4.1.1-sources.jar
2026-09-13 16:45:44,958 [Worker-15: Download sources and javadoc] INFO  o.e.m.c.i.e.AbstractTransferListenerAdapter - Downloaded https://repo.maven.apache.org/maven2/org/springframework/boot/spring-boot-actuator-autoconfigure/4.1.1/spring-boot-actuator-autoconfigure-4.1.1-sources.jar
2026-09-13 16:45:44,970 [Worker-15: Download sources and javadoc] INFO  o.e.m.j.internal.DownloadSourcesJob - Downloaded sources for org.springframework.boot:spring-boot-actuator-autoconfigure:4.1.1
2026-09-13 16:45:45,042 [Worker-15: Download sources and javadoc] INFO  o.e.m.c.i.e.AbstractTransferListenerAdapter - Downloading https://repo.maven.apache.org/maven2/org/springframework/boot/spring-boot-actuator/4.1.1/spring-boot-actuator-4.1.1-sources.jar
2026-09-13 16:45:45,145 [Worker-15: Download sources and javadoc] INFO  o.e.m.c.i.e.AbstractTransferListenerAdapter - Downloaded https://repo.maven.apache.org/maven2/org/springframework/boot/spring-boot-actuator/4.1.1/spring-boot-actuator-4.1.1-sources.jar
2026-09-13 16:45:45,158 [Worker-15: Download sources and javadoc] INFO  o.e.m.j.internal.DownloadSourcesJob - Downloaded sources for org.springframework.boot:spring-boot-actuator:4.1.1
2026-09-13 16:45:45,252 [Worker-15: Download sources and javadoc] INFO  o.e.m.c.i.e.AbstractTransferListenerAdapter - Downloading https://repo.maven.apache.org/maven2/org/springframework/boot/spring-boot-health/4.1.1/spring-boot-health-4.1.1-sources.jar
2026-09-13 16:45:45,348 [Worker-15: Download sources and javadoc] INFO  o.e.m.c.i.e.AbstractTransferListenerAdapter - Downloaded https://repo.maven.apache.org/maven2/org/springframework/boot/spring-boot-health/4.1.1/spring-boot-health-4.1.1-sources.jar
2026-09-13 16:45:45,361 [Worker-15: Download sources and javadoc] INFO  o.e.m.j.internal.DownloadSourcesJob - Downloaded sources for org.springframework.boot:spring-boot-health:4.1.1
2026-09-13 16:45:45,502 [Worker-15: Download sources and javadoc] INFO  o.e.m.c.i.e.AbstractTransferListenerAdapter - Downloading https://repo.maven.apache.org/maven2/io/micrometer/micrometer-jakarta9/1.17.1/micrometer-jakarta9-1.17.1-sources.jar
2026-09-13 16:45:45,556 [Worker-15: Download sources and javadoc] INFO  o.e.m.c.i.e.AbstractTransferListenerAdapter - Downloaded https://repo.maven.apache.org/maven2/io/micrometer/micrometer-jakarta9/1.17.1/micrometer-jakarta9-1.17.1-sources.jar
2026-09-13 16:45:45,568 [Worker-15: Download sources and javadoc] INFO  o.e.m.j.internal.DownloadSourcesJob - Downloaded sources for io.micrometer:micrometer-jakarta9:1.17.1
2026-09-13 16:45:45,651 [Worker-15: Download sources and javadoc] INFO  o.e.m.c.i.e.AbstractTransferListenerAdapter - Downloading https://repo.maven.apache.org/maven2/io/micrometer/micrometer-core/1.17.1/micrometer-core-1.17.1-sources.jar
2026-09-13 16:45:45,777 [Worker-15: Download sources and javadoc] INFO  o.e.m.c.i.e.AbstractTransferListenerAdapter - Downloaded https://repo.maven.apache.org/maven2/io/micrometer/micrometer-core/1.17.1/micrometer-core-1.17.1-sources.jar
2026-09-13 16:45:45,789 [Worker-15: Download sources and javadoc] INFO  o.e.m.j.internal.DownloadSourcesJob - Downloaded sources for io.micrometer:micrometer-core:1.17.1
2026-09-13 16:45:45,901 [Worker-15: Download sources and javadoc] INFO  o.e.m.c.i.e.AbstractTransferListenerAdapter - Downloading https://repo.maven.apache.org/maven2/org/springframework/boot/spring-boot-starter-freemarker/4.1.1/spring-boot-starter-freemarker-4.1.1-sources.jar
2026-09-13 16:45:45,920 [Worker-15: Download sources and javadoc] INFO  o.e.m.c.i.e.AbstractTransferListenerAdapter - Downloaded https://repo.maven.apache.org/maven2/org/springframework/boot/spring-boot-starter-freemarker/4.1.1/spring-boot-starter-freemarker-4.1.1-sources.jar
2026-09-13 16:45:45,932 [Worker-15: Download sources and javadoc] INFO  o.e.m.j.internal.DownloadSourcesJob - Downloaded sources for org.springframework.boot:spring-boot-starter-freemarker:4.1.1
2026-09-13 16:45:46,015 [Worker-15: Download sources and javadoc] INFO  o.e.m.c.i.e.AbstractTransferListenerAdapter - Downloading https://repo.maven.apache.org/maven2/org/springframework/boot/spring-boot-freemarker/4.1.1/spring-boot-freemarker-4.1.1-sources.jar
2026-09-13 16:45:46,050 [Worker-15: Download sources and javadoc] INFO  o.e.m.c.i.e.AbstractTransferListenerAdapter - Downloaded https://repo.maven.apache.org/maven2/org/springframework/boot/spring-boot-freemarker/4.1.1/spring-boot-freemarker-4.1.1-sources.jar
2026-09-13 16:45:46,060 [Worker-15: Download sources and javadoc] INFO  o.e.m.j.internal.DownloadSourcesJob - Downloaded sources for org.springframework.boot:spring-boot-freemarker:4.1.1
2026-09-13 16:45:46,152 [Worker-15: Download sources and javadoc] INFO  o.e.m.c.i.e.AbstractTransferListenerAdapter - Downloading https://repo.maven.apache.org/maven2/com/netflix/eureka/eureka-client-jersey3/2.0.6/eureka-client-jersey3-2.0.6-sources.jar
2026-09-13 16:45:46,189 [Worker-15: Download sources and javadoc] INFO  o.e.m.c.i.e.AbstractTransferListenerAdapter - Downloaded https://repo.maven.apache.org/maven2/com/netflix/eureka/eureka-client-jersey3/2.0.6/eureka-client-jersey3-2.0.6-sources.jar
2026-09-13 16:45:46,200 [Worker-15: Download sources and javadoc] INFO  o.e.m.j.internal.DownloadSourcesJob - Downloaded sources for com.netflix.eureka:eureka-client-jersey3:2.0.6
2026-09-13 16:45:46,300 [Worker-15: Download sources and javadoc] INFO  o.e.m.c.i.e.AbstractTransferListenerAdapter - Downloading https://repo.maven.apache.org/maven2/org/glassfish/jersey/connectors/jersey-apache-connector/3.0.5/jersey-apache-connector-3.0.5-sources.jar
2026-09-13 16:45:46,359 [Worker-15: Download sources and javadoc] INFO  o.e.m.c.i.e.AbstractTransferListenerAdapter - Downloaded https://repo.maven.apache.org/maven2/org/glassfish/jersey/connectors/jersey-apache-connector/3.0.5/jersey-apache-connector-3.0.5-sources.jar
2026-09-13 16:45:46,371 [Worker-15: Download sources and javadoc] INFO  o.e.m.j.internal.DownloadSourcesJob - Downloaded sources for org.glassfish.jersey.connectors:jersey-apache-connector:3.0.5
2026-09-13 16:45:46,455 [Worker-15: Download sources and javadoc] INFO  o.e.m.c.i.e.AbstractTransferListenerAdapter - Downloading https://repo.maven.apache.org/maven2/com/netflix/eureka/eureka-core-jersey3/2.0.6/eureka-core-jersey3-2.0.6-sources.jar
2026-09-13 16:45:46,489 [Worker-15: Download sources and javadoc] INFO  o.e.m.c.i.e.AbstractTransferListenerAdapter - Downloaded https://repo.maven.apache.org/maven2/com/netflix/eureka/eureka-core-jersey3/2.0.6/eureka-core-jersey3-2.0.6-sources.jar
2026-09-13 16:45:46,501 [Worker-15: Download sources and javadoc] INFO  o.e.m.j.internal.DownloadSourcesJob - Downloaded sources for com.netflix.eureka:eureka-core-jersey3:2.0.6
2026-09-13 16:45:46,588 [Worker-15: Download sources and javadoc] INFO  o.e.m.c.i.e.AbstractTransferListenerAdapter - Downloading https://repo.maven.apache.org/maven2/com/netflix/eureka/eureka-core/2.0.6/eureka-core-2.0.6-sources.jar
2026-09-13 16:45:46,688 [Worker-15: Download sources and javadoc] INFO  o.e.m.c.i.e.AbstractTransferListenerAdapter - Downloaded https://repo.maven.apache.org/maven2/com/netflix/eureka/eureka-core/2.0.6/eureka-core-2.0.6-sources.jar
2026-09-13 16:45:46,698 [Worker-15: Download sources and javadoc] INFO  o.e.m.j.internal.DownloadSourcesJob - Downloaded sources for com.netflix.eureka:eureka-core:2.0.6
2026-09-13 16:45:46,760 [Worker-15: Download sources and javadoc] INFO  o.e.m.c.i.e.AbstractTransferListenerAdapter - Downloading https://repo.maven.apache.org/maven2/org/glassfish/jersey/containers/jersey-container-servlet/4.0.2/jersey-container-servlet-4.0.2-sources.jar
2026-09-13 16:45:46,830 [Worker-15: Download sources and javadoc] INFO  o.e.m.c.i.e.AbstractTransferListenerAdapter - Downloaded https://repo.maven.apache.org/maven2/org/glassfish/jersey/containers/jersey-container-servlet/4.0.2/jersey-container-servlet-4.0.2-sources.jar
2026-09-13 16:45:46,842 [Worker-15: Download sources and javadoc] INFO  o.e.m.j.internal.DownloadSourcesJob - Downloaded sources for org.glassfish.jersey.containers:jersey-container-servlet:4.0.2
2026-09-13 16:45:46,933 [Worker-15: Download sources and javadoc] INFO  o.e.m.c.i.e.AbstractTransferListenerAdapter - Downloading https://repo.maven.apache.org/maven2/org/glassfish/jersey/core/jersey-common/4.0.2/jersey-common-4.0.2-sources.jar
2026-09-13 16:45:47,107 [Worker-15: Download sources and javadoc] INFO  o.e.m.c.i.e.AbstractTransferListenerAdapter - Downloaded https://repo.maven.apache.org/maven2/org/glassfish/jersey/core/jersey-common/4.0.2/jersey-common-4.0.2-sources.jar
2026-09-13 16:45:47,118 [Worker-15: Download sources and javadoc] INFO  o.e.m.j.internal.DownloadSourcesJob - Downloaded sources for org.glassfish.jersey.core:jersey-common:4.0.2
2026-09-13 16:45:47,233 [Worker-15: Download sources and javadoc] INFO  o.e.m.c.i.e.AbstractTransferListenerAdapter - Downloading https://repo.maven.apache.org/maven2/org/glassfish/hk2/osgi-resource-locator/3.0.0/osgi-resource-locator-3.0.0-sources.jar
2026-09-13 16:45:47,312 [Worker-15: Download sources and javadoc] INFO  o.e.m.c.i.e.AbstractTransferListenerAdapter - Downloaded https://repo.maven.apache.org/maven2/org/glassfish/hk2/osgi-resource-locator/3.0.0/osgi-resource-locator-3.0.0-sources.jar
2026-09-13 16:45:47,323 [Worker-15: Download sources and javadoc] INFO  o.e.m.j.internal.DownloadSourcesJob - Downloaded sources for org.glassfish.hk2:osgi-resource-locator:3.0.0
2026-09-13 16:45:47,437 [Worker-15: Download sources and javadoc] INFO  o.e.m.c.i.e.AbstractTransferListenerAdapter - Downloading https://repo.maven.apache.org/maven2/org/glassfish/jersey/core/jersey-server/4.0.2/jersey-server-4.0.2-sources.jar
2026-09-13 16:45:47,562 [Worker-15: Download sources and javadoc] INFO  o.e.m.c.i.e.AbstractTransferListenerAdapter - Downloaded https://repo.maven.apache.org/maven2/org/glassfish/jersey/core/jersey-server/4.0.2/jersey-server-4.0.2-sources.jar
2026-09-13 16:45:47,574 [Worker-15: Download sources and javadoc] INFO  o.e.m.j.internal.DownloadSourcesJob - Downloaded sources for org.glassfish.jersey.core:jersey-server:4.0.2
2026-09-13 16:45:47,659 [Worker-15: Download sources and javadoc] INFO  o.e.m.c.i.e.AbstractTransferListenerAdapter - Downloading https://repo.maven.apache.org/maven2/jakarta/validation/jakarta.validation-api/3.1.1/jakarta.validation-api-3.1.1-sources.jar
2026-09-13 16:45:47,755 [Worker-15: Download sources and javadoc] INFO  o.e.m.c.i.e.AbstractTransferListenerAdapter - Downloaded https://repo.maven.apache.org/maven2/jakarta/validation/jakarta.validation-api/3.1.1/jakarta.validation-api-3.1.1-sources.jar
2026-09-13 16:45:47,764 [Worker-15: Download sources and javadoc] INFO  o.e.m.j.internal.DownloadSourcesJob - Downloaded sources for jakarta.validation:jakarta.validation-api:3.1.1
2026-09-13 16:45:47,862 [Worker-15: Download sources and javadoc] INFO  o.e.m.c.i.e.AbstractTransferListenerAdapter - Downloading https://repo.maven.apache.org/maven2/org/glassfish/jersey/core/jersey-client/4.0.2/jersey-client-4.0.2-sources.jar
2026-09-13 16:45:47,958 [Worker-15: Download sources and javadoc] INFO  o.e.m.c.i.e.AbstractTransferListenerAdapter - Downloaded https://repo.maven.apache.org/maven2/org/glassfish/jersey/core/jersey-client/4.0.2/jersey-client-4.0.2-sources.jar
2026-09-13 16:45:47,967 [Worker-15: Download sources and javadoc] INFO  o.e.m.j.internal.DownloadSourcesJob - Downloaded sources for org.glassfish.jersey.core:jersey-client:4.0.2
2026-09-13 16:45:48,048 [Worker-15: Download sources and javadoc] INFO  o.e.m.c.i.e.AbstractTransferListenerAdapter - Downloading https://repo.maven.apache.org/maven2/org/glassfish/jersey/inject/jersey-hk2/4.0.2/jersey-hk2-4.0.2-sources.jar
2026-09-13 16:45:48,121 [Worker-15: Download sources and javadoc] INFO  o.e.m.c.i.e.AbstractTransferListenerAdapter - Downloaded https://repo.maven.apache.org/maven2/org/glassfish/jersey/inject/jersey-hk2/4.0.2/jersey-hk2-4.0.2-sources.jar
2026-09-13 16:45:48,131 [Worker-15: Download sources and javadoc] INFO  o.e.m.j.internal.DownloadSourcesJob - Downloaded sources for org.glassfish.jersey.inject:jersey-hk2:4.0.2
2026-09-13 16:45:48,228 [Worker-15: Download sources and javadoc] INFO  o.e.m.c.i.e.AbstractTransferListenerAdapter - Downloading https://repo.maven.apache.org/maven2/org/glassfish/hk2/hk2-locator/4.0.0-M3/hk2-locator-4.0.0-M3-sources.jar
2026-09-13 16:45:48,307 [Worker-15: Download sources and javadoc] INFO  o.e.m.c.i.e.AbstractTransferListenerAdapter - Downloaded https://repo.maven.apache.org/maven2/org/glassfish/hk2/hk2-locator/4.0.0-M3/hk2-locator-4.0.0-M3-sources.jar
2026-09-13 16:45:48,319 [Worker-15: Download sources and javadoc] INFO  o.e.m.j.internal.DownloadSourcesJob - Downloaded sources for org.glassfish.hk2:hk2-locator:4.0.0-M3
2026-09-13 16:45:48,427 [Worker-15: Download sources and javadoc] INFO  o.e.m.c.i.e.AbstractTransferListenerAdapter - Downloading https://repo.maven.apache.org/maven2/org/glassfish/hk2/hk2-utils/4.0.0-M3/hk2-utils-4.0.0-M3-sources.jar
2026-09-13 16:45:48,529 [Worker-15: Download sources and javadoc] INFO  o.e.m.c.i.e.AbstractTransferListenerAdapter - Downloaded https://repo.maven.apache.org/maven2/org/glassfish/hk2/hk2-utils/4.0.0-M3/hk2-utils-4.0.0-M3-sources.jar
2026-09-13 16:45:48,541 [Worker-15: Download sources and javadoc] INFO  o.e.m.j.internal.DownloadSourcesJob - Downloaded sources for org.glassfish.hk2:hk2-utils:4.0.0-M3
2026-09-13 16:45:48,626 [Worker-15: Download sources and javadoc] INFO  o.e.m.c.i.e.AbstractTransferListenerAdapter - Downloading https://repo.maven.apache.org/maven2/com/fasterxml/jackson/dataformat/jackson-dataformat-xml/2.21.5/jackson-dataformat-xml-2.21.5-sources.jar
2026-09-13 16:45:48,717 [Worker-15: Download sources and javadoc] INFO  o.e.m.c.i.e.AbstractTransferListenerAdapter - Downloaded https://repo.maven.apache.org/maven2/com/fasterxml/jackson/dataformat/jackson-dataformat-xml/2.21.5/jackson-dataformat-xml-2.21.5-sources.jar
2026-09-13 16:45:48,726 [Worker-15: Download sources and javadoc] INFO  o.e.m.j.internal.DownloadSourcesJob - Downloaded sources for com.fasterxml.jackson.dataformat:jackson-dataformat-xml:2.21.5
2026-09-13 16:45:48,805 [Worker-15: Download sources and javadoc] INFO  o.e.m.c.i.e.AbstractTransferListenerAdapter - Downloading https://repo.maven.apache.org/maven2/org/glassfish/jaxb/jaxb-runtime/4.0.9/jaxb-runtime-4.0.9-sources.jar
2026-09-13 16:45:49,012 [Worker-15: Download sources and javadoc] INFO  o.e.m.c.i.e.AbstractTransferListenerAdapter - Downloaded https://repo.maven.apache.org/maven2/org/glassfish/jaxb/jaxb-runtime/4.0.9/jaxb-runtime-4.0.9-sources.jar
2026-09-13 16:45:49,022 [Worker-15: Download sources and javadoc] INFO  o.e.m.j.internal.DownloadSourcesJob - Downloaded sources for org.glassfish.jaxb:jaxb-runtime:4.0.9
2026-09-13 16:45:49,141 [Worker-15: Download sources and javadoc] INFO  o.e.m.c.i.e.AbstractTransferListenerAdapter - Downloading https://repo.maven.apache.org/maven2/org/glassfish/jaxb/jaxb-core/4.0.9/jaxb-core-4.0.9-sources.jar
2026-09-13 16:45:49,237 [Worker-15: Download sources and javadoc] INFO  o.e.m.c.i.e.AbstractTransferListenerAdapter - Downloaded https://repo.maven.apache.org/maven2/org/glassfish/jaxb/jaxb-core/4.0.9/jaxb-core-4.0.9-sources.jar
2026-09-13 16:45:49,246 [Worker-15: Download sources and javadoc] INFO  o.e.m.j.internal.DownloadSourcesJob - Downloaded sources for org.glassfish.jaxb:jaxb-core:4.0.9
2026-09-13 16:45:49,390 [Worker-15: Download sources and javadoc] INFO  o.e.m.c.i.e.AbstractTransferListenerAdapter - Downloading https://repo.maven.apache.org/maven2/org/glassfish/jaxb/txw2/4.0.9/txw2-4.0.9-sources.jar
2026-09-13 16:45:49,492 [Worker-15: Download sources and javadoc] INFO  o.e.m.c.i.e.AbstractTransferListenerAdapter - Downloaded https://repo.maven.apache.org/maven2/org/glassfish/jaxb/txw2/4.0.9/txw2-4.0.9-sources.jar
2026-09-13 16:45:49,501 [Worker-15: Download sources and javadoc] INFO  o.e.m.j.internal.DownloadSourcesJob - Downloaded sources for org.glassfish.jaxb:txw2:4.0.9
2026-09-13 16:45:49,672 [Worker-15: Download sources and javadoc] INFO  o.e.m.c.i.e.AbstractTransferListenerAdapter - Downloading https://repo.maven.apache.org/maven2/org/springframework/boot/spring-boot-starter-webmvc-test/4.1.1/spring-boot-starter-webmvc-test-4.1.1-sources.jar
2026-09-13 16:45:49,684 [Worker-15: Download sources and javadoc] INFO  o.e.m.c.i.e.AbstractTransferListenerAdapter - Downloaded https://repo.maven.apache.org/maven2/org/springframework/boot/spring-boot-starter-webmvc-test/4.1.1/spring-boot-starter-webmvc-test-4.1.1-sources.jar
2026-09-13 16:45:49,693 [Worker-15: Download sources and javadoc] INFO  o.e.m.j.internal.DownloadSourcesJob - Downloaded sources for org.springframework.boot:spring-boot-starter-webmvc-test:4.1.1
2026-09-13 16:45:49,774 [Worker-15: Download sources and javadoc] INFO  o.e.m.c.i.e.AbstractTransferListenerAdapter - Downloading https://repo.maven.apache.org/maven2/org/springframework/boot/spring-boot-starter-jackson-test/4.1.1/spring-boot-starter-jackson-test-4.1.1-sources.jar
2026-09-13 16:45:49,798 [Worker-15: Download sources and javadoc] INFO  o.e.m.c.i.e.AbstractTransferListenerAdapter - Downloaded https://repo.maven.apache.org/maven2/org/springframework/boot/spring-boot-starter-jackson-test/4.1.1/spring-boot-starter-jackson-test-4.1.1-sources.jar
2026-09-13 16:45:49,809 [Worker-15: Download sources and javadoc] INFO  o.e.m.j.internal.DownloadSourcesJob - Downloaded sources for org.springframework.boot:spring-boot-starter-jackson-test:4.1.1
2026-09-13 16:45:49,871 [Worker-15: Download sources and javadoc] INFO  o.e.m.c.i.e.AbstractTransferListenerAdapter - Downloading https://repo.maven.apache.org/maven2/org/springframework/boot/spring-boot-starter-test/4.1.1/spring-boot-starter-test-4.1.1-sources.jar
2026-09-13 16:45:49,893 [Worker-15: Download sources and javadoc] INFO  o.e.m.c.i.e.AbstractTransferListenerAdapter - Downloaded https://repo.maven.apache.org/maven2/org/springframework/boot/spring-boot-starter-test/4.1.1/spring-boot-starter-test-4.1.1-sources.jar
2026-09-13 16:45:49,901 [Worker-15: Download sources and javadoc] INFO  o.e.m.j.internal.DownloadSourcesJob - Downloaded sources for org.springframework.boot:spring-boot-starter-test:4.1.1
2026-09-13 16:45:49,977 [Worker-15: Download sources and javadoc] INFO  o.e.m.c.i.e.AbstractTransferListenerAdapter - Downloading https://repo.maven.apache.org/maven2/org/springframework/boot/spring-boot-test/4.1.1/spring-boot-test-4.1.1-sources.jar
2026-09-13 16:45:50,053 [Worker-15: Download sources and javadoc] INFO  o.e.m.c.i.e.AbstractTransferListenerAdapter - Downloaded https://repo.maven.apache.org/maven2/org/springframework/boot/spring-boot-test/4.1.1/spring-boot-test-4.1.1-sources.jar
2026-09-13 16:45:50,063 [Worker-15: Download sources and javadoc] INFO  o.e.m.j.internal.DownloadSourcesJob - Downloaded sources for org.springframework.boot:spring-boot-test:4.1.1
2026-09-13 16:45:50,163 [Worker-15: Download sources and javadoc] INFO  o.e.m.c.i.e.AbstractTransferListenerAdapter - Downloading https://repo.maven.apache.org/maven2/org/springframework/boot/spring-boot-test-autoconfigure/4.1.1/spring-boot-test-autoconfigure-4.1.1-sources.jar
2026-09-13 16:45:50,212 [Worker-15: Download sources and javadoc] INFO  o.e.m.c.i.e.AbstractTransferListenerAdapter - Downloaded https://repo.maven.apache.org/maven2/org/springframework/boot/spring-boot-test-autoconfigure/4.1.1/spring-boot-test-autoconfigure-4.1.1-sources.jar
2026-09-13 16:45:50,221 [Worker-15: Download sources and javadoc] INFO  o.e.m.j.internal.DownloadSourcesJob - Downloaded sources for org.springframework.boot:spring-boot-test-autoconfigure:4.1.1
2026-09-13 16:45:50,310 [Worker-15: Download sources and javadoc] INFO  o.e.m.c.i.e.AbstractTransferListenerAdapter - Downloading https://repo.maven.apache.org/maven2/com/jayway/jsonpath/json-path/2.10.0/json-path-2.10.0-sources.jar
2026-09-13 16:45:50,397 [Worker-15: Download sources and javadoc] INFO  o.e.m.c.i.e.AbstractTransferListenerAdapter - Downloaded https://repo.maven.apache.org/maven2/com/jayway/jsonpath/json-path/2.10.0/json-path-2.10.0-sources.jar
2026-09-13 16:45:50,407 [Worker-15: Download sources and javadoc] INFO  o.e.m.j.internal.DownloadSourcesJob - Downloaded sources for com.jayway.jsonpath:json-path:2.10.0
2026-09-13 16:45:50,482 [Worker-15: Download sources and javadoc] INFO  o.e.m.c.i.e.AbstractTransferListenerAdapter - Downloading https://repo.maven.apache.org/maven2/jakarta/xml/bind/jakarta.xml.bind-api/4.0.5/jakarta.xml.bind-api-4.0.5-sources.jar
2026-09-13 16:45:50,590 [Worker-15: Download sources and javadoc] INFO  o.e.m.c.i.e.AbstractTransferListenerAdapter - Downloaded https://repo.maven.apache.org/maven2/jakarta/xml/bind/jakarta.xml.bind-api/4.0.5/jakarta.xml.bind-api-4.0.5-sources.jar
2026-09-13 16:45:50,601 [Worker-15: Download sources and javadoc] INFO  o.e.m.j.internal.DownloadSourcesJob - Downloaded sources for jakarta.xml.bind:jakarta.xml.bind-api:4.0.5
2026-09-13 16:45:50,694 [Worker-15: Download sources and javadoc] INFO  o.e.m.c.i.e.AbstractTransferListenerAdapter - Downloading https://repo.maven.apache.org/maven2/org/assertj/assertj-core/3.27.7/assertj-core-3.27.7-sources.jar
2026-09-13 16:45:50,906 [Worker-15: Download sources and javadoc] INFO  o.e.m.c.i.e.AbstractTransferListenerAdapter - Downloaded https://repo.maven.apache.org/maven2/org/assertj/assertj-core/3.27.7/assertj-core-3.27.7-sources.jar
2026-09-13 16:45:50,917 [Worker-15: Download sources and javadoc] INFO  o.e.m.j.internal.DownloadSourcesJob - Downloaded sources for org.assertj:assertj-core:3.27.7
2026-09-13 16:45:50,992 [Worker-15: Download sources and javadoc] INFO  o.e.m.c.i.e.AbstractTransferListenerAdapter - Downloading https://repo.maven.apache.org/maven2/net/bytebuddy/byte-buddy/1.18.11/byte-buddy-1.18.11-sources.jar
2026-09-13 16:45:51,211 [Worker-15: Download sources and javadoc] INFO  o.e.m.c.i.e.AbstractTransferListenerAdapter - Downloaded https://repo.maven.apache.org/maven2/net/bytebuddy/byte-buddy/1.18.11/byte-buddy-1.18.11-sources.jar
2026-09-13 16:45:51,220 [Worker-15: Download sources and javadoc] INFO  o.e.m.j.internal.DownloadSourcesJob - Downloaded sources for net.bytebuddy:byte-buddy:1.18.11
2026-09-13 16:45:51,322 [Worker-15: Download sources and javadoc] INFO  o.e.m.c.i.e.AbstractTransferListenerAdapter - Downloading https://repo.maven.apache.org/maven2/org/junit/jupiter/junit-jupiter/6.0.3/junit-jupiter-6.0.3-sources.jar
2026-09-13 16:45:51,345 [Worker-15: Download sources and javadoc] INFO  o.e.m.c.i.e.AbstractTransferListenerAdapter - Downloaded https://repo.maven.apache.org/maven2/org/junit/jupiter/junit-jupiter/6.0.3/junit-jupiter-6.0.3-sources.jar
2026-09-13 16:45:51,355 [Worker-15: Download sources and javadoc] INFO  o.e.m.j.internal.DownloadSourcesJob - Downloaded sources for org.junit.jupiter:junit-jupiter:6.0.3
2026-09-13 16:45:51,444 [Worker-15: Download sources and javadoc] INFO  o.e.m.c.i.e.AbstractTransferListenerAdapter - Downloading https://repo.maven.apache.org/maven2/org/junit/jupiter/junit-jupiter-api/6.0.3/junit-jupiter-api-6.0.3-sources.jar
2026-09-13 16:45:51,549 [Worker-15: Download sources and javadoc] INFO  o.e.m.c.i.e.AbstractTransferListenerAdapter - Downloaded https://repo.maven.apache.org/maven2/org/junit/jupiter/junit-jupiter-api/6.0.3/junit-jupiter-api-6.0.3-sources.jar
2026-09-13 16:45:51,558 [Worker-15: Download sources and javadoc] INFO  o.e.m.j.internal.DownloadSourcesJob - Downloaded sources for org.junit.jupiter:junit-jupiter-api:6.0.3
2026-09-13 16:45:51,629 [Worker-15: Download sources and javadoc] INFO  o.e.m.c.i.e.AbstractTransferListenerAdapter - Downloading https://repo.maven.apache.org/maven2/org/junit/platform/junit-platform-commons/6.0.3/junit-platform-commons-6.0.3-sources.jar
2026-09-13 16:45:51,700 [Worker-15: Download sources and javadoc] INFO  o.e.m.c.i.e.AbstractTransferListenerAdapter - Downloaded https://repo.maven.apache.org/maven2/org/junit/platform/junit-platform-commons/6.0.3/junit-platform-commons-6.0.3-sources.jar
2026-09-13 16:45:51,711 [Worker-15: Download sources and javadoc] INFO  o.e.m.j.internal.DownloadSourcesJob - Downloaded sources for org.junit.platform:junit-platform-commons:6.0.3
2026-09-13 16:45:51,808 [Worker-15: Download sources and javadoc] INFO  o.e.m.c.i.e.AbstractTransferListenerAdapter - Downloading https://repo.maven.apache.org/maven2/org/junit/jupiter/junit-jupiter-params/6.0.3/junit-jupiter-params-6.0.3-sources.jar
2026-09-13 16:45:51,892 [Worker-15: Download sources and javadoc] INFO  o.e.m.c.i.e.AbstractTransferListenerAdapter - Downloaded https://repo.maven.apache.org/maven2/org/junit/jupiter/junit-jupiter-params/6.0.3/junit-jupiter-params-6.0.3-sources.jar
2026-09-13 16:45:51,903 [Worker-15: Download sources and javadoc] INFO  o.e.m.j.internal.DownloadSourcesJob - Downloaded sources for org.junit.jupiter:junit-jupiter-params:6.0.3
2026-09-13 16:45:51,974 [Worker-15: Download sources and javadoc] INFO  o.e.m.c.i.e.AbstractTransferListenerAdapter - Downloading https://repo.maven.apache.org/maven2/org/junit/jupiter/junit-jupiter-engine/6.0.3/junit-jupiter-engine-6.0.3-sources.jar
2026-09-13 16:45:52,060 [Worker-15: Download sources and javadoc] INFO  o.e.m.c.i.e.AbstractTransferListenerAdapter - Downloaded https://repo.maven.apache.org/maven2/org/junit/jupiter/junit-jupiter-engine/6.0.3/junit-jupiter-engine-6.0.3-sources.jar
2026-09-13 16:45:52,071 [Worker-15: Download sources and javadoc] INFO  o.e.m.j.internal.DownloadSourcesJob - Downloaded sources for org.junit.jupiter:junit-jupiter-engine:6.0.3
2026-09-13 16:45:52,153 [Worker-15: Download sources and javadoc] INFO  o.e.m.c.i.e.AbstractTransferListenerAdapter - Downloading https://repo.maven.apache.org/maven2/org/junit/platform/junit-platform-engine/6.0.3/junit-platform-engine-6.0.3-sources.jar
2026-09-13 16:45:52,275 [Worker-15: Download sources and javadoc] INFO  o.e.m.c.i.e.AbstractTransferListenerAdapter - Downloaded https://repo.maven.apache.org/maven2/org/junit/platform/junit-platform-engine/6.0.3/junit-platform-engine-6.0.3-sources.jar
2026-09-13 16:45:52,285 [Worker-15: Download sources and javadoc] INFO  o.e.m.j.internal.DownloadSourcesJob - Downloaded sources for org.junit.platform:junit-platform-engine:6.0.3
2026-09-13 16:45:52,354 [Worker-15: Download sources and javadoc] INFO  o.e.m.c.i.e.AbstractTransferListenerAdapter - Downloading https://repo.maven.apache.org/maven2/org/mockito/mockito-core/5.23.0/mockito-core-5.23.0-sources.jar
2026-09-13 16:45:52,495 [Worker-15: Download sources and javadoc] INFO  o.e.m.c.i.e.AbstractTransferListenerAdapter - Downloaded https://repo.maven.apache.org/maven2/org/mockito/mockito-core/5.23.0/mockito-core-5.23.0-sources.jar
2026-09-13 16:45:52,506 [Worker-15: Download sources and javadoc] INFO  o.e.m.j.internal.DownloadSourcesJob - Downloaded sources for org.mockito:mockito-core:5.23.0
2026-09-13 16:45:52,586 [Worker-15: Download sources and javadoc] INFO  o.e.m.c.i.e.AbstractTransferListenerAdapter - Downloading https://repo.maven.apache.org/maven2/net/bytebuddy/byte-buddy-agent/1.18.11/byte-buddy-agent-1.18.11-sources.jar
2026-09-13 16:45:52,676 [Worker-15: Download sources and javadoc] INFO  o.e.m.c.i.e.AbstractTransferListenerAdapter - Downloaded https://repo.maven.apache.org/maven2/net/bytebuddy/byte-buddy-agent/1.18.11/byte-buddy-agent-1.18.11-sources.jar
2026-09-13 16:45:52,686 [Worker-15: Download sources and javadoc] INFO  o.e.m.j.internal.DownloadSourcesJob - Downloaded sources for net.bytebuddy:byte-buddy-agent:1.18.11
2026-09-13 16:45:52,759 [Worker-15: Download sources and javadoc] INFO  o.e.m.c.i.e.AbstractTransferListenerAdapter - Downloading https://repo.maven.apache.org/maven2/org/mockito/mockito-junit-jupiter/5.23.0/mockito-junit-jupiter-5.23.0-sources.jar
2026-09-13 16:45:52,780 [Worker-15: Download sources and javadoc] INFO  o.e.m.c.i.e.AbstractTransferListenerAdapter - Downloaded https://repo.maven.apache.org/maven2/org/mockito/mockito-junit-jupiter/5.23.0/mockito-junit-jupiter-5.23.0-sources.jar
2026-09-13 16:45:52,789 [Worker-15: Download sources and javadoc] INFO  o.e.m.j.internal.DownloadSourcesJob - Downloaded sources for org.mockito:mockito-junit-jupiter:5.23.0
2026-09-13 16:45:52,872 [Worker-15: Download sources and javadoc] INFO  o.e.m.c.i.e.AbstractTransferListenerAdapter - Downloading https://repo.maven.apache.org/maven2/org/springframework/spring-core/7.0.9/spring-core-7.0.9-sources.jar
2026-09-13 16:45:53,068 [Worker-15: Download sources and javadoc] INFO  o.e.m.c.i.e.AbstractTransferListenerAdapter - Downloaded https://repo.maven.apache.org/maven2/org/springframework/spring-core/7.0.9/spring-core-7.0.9-sources.jar
2026-09-13 16:45:53,078 [Worker-15: Download sources and javadoc] INFO  o.e.m.j.internal.DownloadSourcesJob - Downloaded sources for org.springframework:spring-core:7.0.9
2026-09-13 16:45:53,181 [Worker-15: Download sources and javadoc] INFO  o.e.m.c.i.e.AbstractTransferListenerAdapter - Downloading https://repo.maven.apache.org/maven2/commons-logging/commons-logging/1.3.6/commons-logging-1.3.6-sources.jar
2026-09-13 16:45:53,524 [Worker-15: Download sources and javadoc] INFO  o.e.m.c.i.e.AbstractTransferListenerAdapter - Downloaded https://repo.maven.apache.org/maven2/commons-logging/commons-logging/1.3.6/commons-logging-1.3.6-sources.jar
2026-09-13 16:45:53,536 [Worker-15: Download sources and javadoc] INFO  o.e.m.j.internal.DownloadSourcesJob - Downloaded sources for commons-logging:commons-logging:1.3.6
2026-09-13 16:45:53,614 [Worker-15: Download sources and javadoc] INFO  o.e.m.c.i.e.AbstractTransferListenerAdapter - Downloading https://repo.maven.apache.org/maven2/org/jspecify/jspecify/1.0.1/jspecify-1.0.1-sources.jar
2026-09-13 16:45:53,645 [Worker-15: Download sources and javadoc] INFO  o.e.m.c.i.e.AbstractTransferListenerAdapter - Downloaded https://repo.maven.apache.org/maven2/org/jspecify/jspecify/1.0.1/jspecify-1.0.1-sources.jar
2026-09-13 16:45:53,655 [Worker-15: Download sources and javadoc] INFO  o.e.m.j.internal.DownloadSourcesJob - Downloaded sources for org.jspecify:jspecify:1.0.1
2026-09-13 16:45:53,737 [Worker-15: Download sources and javadoc] INFO  o.e.m.c.i.e.AbstractTransferListenerAdapter - Downloading https://repo.maven.apache.org/maven2/org/springframework/spring-test/7.0.9/spring-test-7.0.9-sources.jar
2026-09-13 16:45:53,878 [Worker-15: Download sources and javadoc] INFO  o.e.m.c.i.e.AbstractTransferListenerAdapter - Downloaded https://repo.maven.apache.org/maven2/org/springframework/spring-test/7.0.9/spring-test-7.0.9-sources.jar
2026-09-13 16:45:53,887 [Worker-15: Download sources and javadoc] INFO  o.e.m.j.internal.DownloadSourcesJob - Downloaded sources for org.springframework:spring-test:7.0.9
2026-09-13 16:45:53,966 [Worker-15: Download sources and javadoc] INFO  o.e.m.c.i.e.AbstractTransferListenerAdapter - Downloading https://repo.maven.apache.org/maven2/org/xmlunit/xmlunit-core/2.11.0/xmlunit-core-2.11.0-sources.jar
2026-09-13 16:45:54,049 [Worker-15: Download sources and javadoc] INFO  o.e.m.c.i.e.AbstractTransferListenerAdapter - Downloaded https://repo.maven.apache.org/maven2/org/xmlunit/xmlunit-core/2.11.0/xmlunit-core-2.11.0-sources.jar
2026-09-13 16:45:54,061 [Worker-15: Download sources and javadoc] INFO  o.e.m.j.internal.DownloadSourcesJob - Downloaded sources for org.xmlunit:xmlunit-core:2.11.0
2026-09-13 16:45:54,140 [Worker-15: Download sources and javadoc] INFO  o.e.m.c.i.e.AbstractTransferListenerAdapter - Downloading https://repo.maven.apache.org/maven2/org/springframework/boot/spring-boot-webmvc-test/4.1.1/spring-boot-webmvc-test-4.1.1-sources.jar
2026-09-13 16:45:54,177 [Worker-15: Download sources and javadoc] INFO  o.e.m.c.i.e.AbstractTransferListenerAdapter - Downloaded https://repo.maven.apache.org/maven2/org/springframework/boot/spring-boot-webmvc-test/4.1.1/spring-boot-webmvc-test-4.1.1-sources.jar
2026-09-13 16:45:54,187 [Worker-15: Download sources and javadoc] INFO  o.e.m.j.internal.DownloadSourcesJob - Downloaded sources for org.springframework.boot:spring-boot-webmvc-test:4.1.1
2026-09-13 16:45:54,306 [Worker-15: Download sources and javadoc] INFO  o.e.m.c.i.e.AbstractTransferListenerAdapter - Downloading https://repo.maven.apache.org/maven2/org/springframework/boot/spring-boot-web-server/4.1.1/spring-boot-web-server-4.1.1-sources.jar
2026-09-13 16:45:54,371 [Worker-15: Download sources and javadoc] INFO  o.e.m.c.i.e.AbstractTransferListenerAdapter - Downloaded https://repo.maven.apache.org/maven2/org/springframework/boot/spring-boot-web-server/4.1.1/spring-boot-web-server-4.1.1-sources.jar
2026-09-13 16:45:54,383 [Worker-15: Download sources and javadoc] INFO  o.e.m.j.internal.DownloadSourcesJob - Downloaded sources for org.springframework.boot:spring-boot-web-server:4.1.1
2026-09-13 16:45:54,756 [Worker-15: Download sources and javadoc] INFO  o.e.m.c.i.e.AbstractTransferListenerAdapter - Downloading https://repo.maven.apache.org/maven2/org/springframework/boot/spring-boot-resttestclient/4.1.1/spring-boot-resttestclient-4.1.1-sources.jar
2026-09-13 16:45:54,800 [Worker-15: Download sources and javadoc] INFO  o.e.m.c.i.e.AbstractTransferListenerAdapter - Downloaded https://repo.maven.apache.org/maven2/org/springframework/boot/spring-boot-resttestclient/4.1.1/spring-boot-resttestclient-4.1.1-sources.jar
2026-09-13 16:45:54,815 [Worker-15: Download sources and javadoc] INFO  o.e.m.j.internal.DownloadSourcesJob - Downloaded sources for org.springframework.boot:spring-boot-resttestclient:4.1.1
2026-09-13 16:52:25,585 [Worker-23: Import Getting Started Content] INFO  o.e.m.c.i.l.LifecycleMappingFactory - Using org.eclipse.m2e.jdt.JarLifecycleMapping lifecycle mapping for MavenProject: com.flightmanagement:user-service:0.0.1-SNAPSHOT @ C:\Users\LMANTHIN\OneDrive - Capgemini\botp\FlightManagementSystem\user-service\pom.xml.
2026-09-13 16:52:25,686 [Worker-23: Import Getting Started Content] INFO  o.e.m.c.i.e.AbstractTransferListenerAdapter - Downloading https://repo.maven.apache.org/maven2/org/springframework/boot/spring-boot-starter-data-jpa/4.1.1/spring-boot-starter-data-jpa-4.1.1.pom
2026-09-13 16:52:25,713 [Worker-23: Import Getting Started Content] INFO  o.e.m.c.i.e.AbstractTransferListenerAdapter - Downloaded https://repo.maven.apache.org/maven2/org/springframework/boot/spring-boot-starter-data-jpa/4.1.1/spring-boot-starter-data-jpa-4.1.1.pom
2026-09-13 16:52:25,948 [Worker-23: Import Getting Started Content] INFO  o.e.m.c.i.e.AbstractTransferListenerAdapter - Downloading https://repo.maven.apache.org/maven2/org/springframework/boot/spring-boot-starter-jdbc/4.1.1/spring-boot-starter-jdbc-4.1.1.pom
2026-09-13 16:52:25,964 [Worker-23: Import Getting Started Content] INFO  o.e.m.c.i.e.AbstractTransferListenerAdapter - Downloaded https://repo.maven.apache.org/maven2/org/springframework/boot/spring-boot-starter-jdbc/4.1.1/spring-boot-starter-jdbc-4.1.1.pom
2026-09-13 16:52:26,007 [Worker-23: Import Getting Started Content] INFO  o.e.m.c.i.e.AbstractTransferListenerAdapter - Downloading https://repo.maven.apache.org/maven2/org/springframework/boot/spring-boot-jdbc/4.1.1/spring-boot-jdbc-4.1.1.pom
2026-09-13 16:52:26,023 [Worker-23: Import Getting Started Content] INFO  o.e.m.c.i.e.AbstractTransferListenerAdapter - Downloaded https://repo.maven.apache.org/maven2/org/springframework/boot/spring-boot-jdbc/4.1.1/spring-boot-jdbc-4.1.1.pom
2026-09-13 16:52:26,068 [Worker-23: Import Getting Started Content] INFO  o.e.m.c.i.e.AbstractTransferListenerAdapter - Downloading https://repo.maven.apache.org/maven2/org/springframework/boot/spring-boot-sql/4.1.1/spring-boot-sql-4.1.1.pom
2026-09-13 16:52:26,083 [Worker-23: Import Getting Started Content] INFO  o.e.m.c.i.e.AbstractTransferListenerAdapter - Downloaded https://repo.maven.apache.org/maven2/org/springframework/boot/spring-boot-sql/4.1.1/spring-boot-sql-4.1.1.pom
2026-09-13 16:52:26,137 [Worker-23: Import Getting Started Content] INFO  o.e.m.c.i.e.AbstractTransferListenerAdapter - Downloading https://repo.maven.apache.org/maven2/org/springframework/boot/spring-boot-transaction/4.1.1/spring-boot-transaction-4.1.1.pom
2026-09-13 16:52:26,156 [Worker-23: Import Getting Started Content] INFO  o.e.m.c.i.e.AbstractTransferListenerAdapter - Downloaded https://repo.maven.apache.org/maven2/org/springframework/boot/spring-boot-transaction/4.1.1/spring-boot-transaction-4.1.1.pom
2026-09-13 16:52:26,193 [Worker-23: Import Getting Started Content] INFO  o.e.m.c.i.e.AbstractTransferListenerAdapter - Downloading https://repo.maven.apache.org/maven2/org/springframework/boot/spring-boot-persistence/4.1.1/spring-boot-persistence-4.1.1.pom
2026-09-13 16:52:26,211 [Worker-23: Import Getting Started Content] INFO  o.e.m.c.i.e.AbstractTransferListenerAdapter - Downloaded https://repo.maven.apache.org/maven2/org/springframework/boot/spring-boot-persistence/4.1.1/spring-boot-persistence-4.1.1.pom
2026-09-13 16:52:26,248 [Worker-23: Import Getting Started Content] INFO  o.e.m.c.i.e.AbstractTransferListenerAdapter - Downloading https://repo.maven.apache.org/maven2/org/springframework/spring-tx/7.0.9/spring-tx-7.0.9.pom
2026-09-13 16:52:26,264 [Worker-23: Import Getting Started Content] INFO  o.e.m.c.i.e.AbstractTransferListenerAdapter - Downloaded https://repo.maven.apache.org/maven2/org/springframework/spring-tx/7.0.9/spring-tx-7.0.9.pom
2026-09-13 16:52:26,304 [Worker-23: Import Getting Started Content] INFO  o.e.m.c.i.e.AbstractTransferListenerAdapter - Downloading https://repo.maven.apache.org/maven2/org/springframework/spring-jdbc/7.0.9/spring-jdbc-7.0.9.pom
2026-09-13 16:52:26,321 [Worker-23: Import Getting Started Content] INFO  o.e.m.c.i.e.AbstractTransferListenerAdapter - Downloaded https://repo.maven.apache.org/maven2/org/springframework/spring-jdbc/7.0.9/spring-jdbc-7.0.9.pom
2026-09-13 16:52:26,368 [Worker-23: Import Getting Started Content] INFO  o.e.m.c.i.e.AbstractTransferListenerAdapter - Downloading https://repo.maven.apache.org/maven2/org/springframework/boot/spring-boot-data-jpa/4.1.1/spring-boot-data-jpa-4.1.1.pom
2026-09-13 16:52:26,385 [Worker-23: Import Getting Started Content] INFO  o.e.m.c.i.e.AbstractTransferListenerAdapter - Downloaded https://repo.maven.apache.org/maven2/org/springframework/boot/spring-boot-data-jpa/4.1.1/spring-boot-data-jpa-4.1.1.pom
2026-09-13 16:52:26,430 [Worker-23: Import Getting Started Content] INFO  o.e.m.c.i.e.AbstractTransferListenerAdapter - Downloading https://repo.maven.apache.org/maven2/org/springframework/boot/spring-boot-data-commons/4.1.1/spring-boot-data-commons-4.1.1.pom
2026-09-13 16:52:26,447 [Worker-23: Import Getting Started Content] INFO  o.e.m.c.i.e.AbstractTransferListenerAdapter - Downloaded https://repo.maven.apache.org/maven2/org/springframework/boot/spring-boot-data-commons/4.1.1/spring-boot-data-commons-4.1.1.pom
2026-09-13 16:52:26,486 [Worker-23: Import Getting Started Content] INFO  o.e.m.c.i.e.AbstractTransferListenerAdapter - Downloading https://repo.maven.apache.org/maven2/org/springframework/data/spring-data-commons/4.1.1/spring-data-commons-4.1.1.pom
2026-09-13 16:52:26,502 [Worker-23: Import Getting Started Content] INFO  o.e.m.c.i.e.AbstractTransferListenerAdapter - Downloaded https://repo.maven.apache.org/maven2/org/springframework/data/spring-data-commons/4.1.1/spring-data-commons-4.1.1.pom
2026-09-13 16:52:26,547 [Worker-23: Import Getting Started Content] INFO  o.e.m.c.i.e.AbstractTransferListenerAdapter - Downloading https://repo.maven.apache.org/maven2/org/springframework/data/build/spring-data-parent/4.1.1/spring-data-parent-4.1.1.pom
2026-09-13 16:52:26,567 [Worker-23: Import Getting Started Content] INFO  o.e.m.c.i.e.AbstractTransferListenerAdapter - Downloaded https://repo.maven.apache.org/maven2/org/springframework/data/build/spring-data-parent/4.1.1/spring-data-parent-4.1.1.pom
2026-09-13 16:52:26,603 [Worker-23: Import Getting Started Content] INFO  o.e.m.c.i.e.AbstractTransferListenerAdapter - Downloading https://repo.maven.apache.org/maven2/org/springframework/data/build/spring-data-build/4.1.1/spring-data-build-4.1.1.pom
2026-09-13 16:52:26,617 [Worker-23: Import Getting Started Content] INFO  o.e.m.c.i.e.AbstractTransferListenerAdapter - Downloaded https://repo.maven.apache.org/maven2/org/springframework/data/build/spring-data-build/4.1.1/spring-data-build-4.1.1.pom
2026-09-13 16:52:26,674 [Worker-23: Import Getting Started Content] INFO  o.e.m.c.i.e.AbstractTransferListenerAdapter - Downloading https://repo.maven.apache.org/maven2/org/jmolecules/jmolecules-bom/2025.0.2/jmolecules-bom-2025.0.2.pom
2026-09-13 16:52:26,687 [Worker-23: Import Getting Started Content] INFO  o.e.m.c.i.e.AbstractTransferListenerAdapter - Downloaded https://repo.maven.apache.org/maven2/org/jmolecules/jmolecules-bom/2025.0.2/jmolecules-bom-2025.0.2.pom
2026-09-13 16:52:26,746 [Worker-23: Import Getting Started Content] INFO  o.e.m.c.i.e.AbstractTransferListenerAdapter - Downloading https://repo.maven.apache.org/maven2/org/springframework/boot/spring-boot-hibernate/4.1.1/spring-boot-hibernate-4.1.1.pom
2026-09-13 16:52:26,761 [Worker-23: Import Getting Started Content] INFO  o.e.m.c.i.e.AbstractTransferListenerAdapter - Downloaded https://repo.maven.apache.org/maven2/org/springframework/boot/spring-boot-hibernate/4.1.1/spring-boot-hibernate-4.1.1.pom
2026-09-13 16:52:26,808 [Worker-23: Import Getting Started Content] INFO  o.e.m.c.i.e.AbstractTransferListenerAdapter - Downloading https://repo.maven.apache.org/maven2/org/springframework/boot/spring-boot-jpa/4.1.1/spring-boot-jpa-4.1.1.pom
2026-09-13 16:52:26,827 [Worker-23: Import Getting Started Content] INFO  o.e.m.c.i.e.AbstractTransferListenerAdapter - Downloaded https://repo.maven.apache.org/maven2/org/springframework/boot/spring-boot-jpa/4.1.1/spring-boot-jpa-4.1.1.pom
2026-09-13 16:52:26,874 [Worker-23: Import Getting Started Content] INFO  o.e.m.c.i.e.AbstractTransferListenerAdapter - Downloading https://repo.maven.apache.org/maven2/org/springframework/spring-orm/7.0.9/spring-orm-7.0.9.pom
2026-09-13 16:52:26,889 [Worker-23: Import Getting Started Content] INFO  o.e.m.c.i.e.AbstractTransferListenerAdapter - Downloaded https://repo.maven.apache.org/maven2/org/springframework/spring-orm/7.0.9/spring-orm-7.0.9.pom
2026-09-13 16:52:26,930 [Worker-23: Import Getting Started Content] INFO  o.e.m.c.i.e.AbstractTransferListenerAdapter - Downloading https://repo.maven.apache.org/maven2/org/hibernate/orm/hibernate-core/7.4.5.Final/hibernate-core-7.4.5.Final.pom
2026-09-13 16:52:26,947 [Worker-23: Import Getting Started Content] INFO  o.e.m.c.i.e.AbstractTransferListenerAdapter - Downloaded https://repo.maven.apache.org/maven2/org/hibernate/orm/hibernate-core/7.4.5.Final/hibernate-core-7.4.5.Final.pom
2026-09-13 16:52:26,991 [Worker-23: Import Getting Started Content] INFO  o.e.m.c.i.e.AbstractTransferListenerAdapter - Downloading https://repo.maven.apache.org/maven2/org/hibernate/orm/hibernate-platform/7.4.5.Final/hibernate-platform-7.4.5.Final.pom
2026-09-13 16:52:27,016 [Worker-23: Import Getting Started Content] INFO  o.e.m.c.i.e.AbstractTransferListenerAdapter - Downloaded https://repo.maven.apache.org/maven2/org/hibernate/orm/hibernate-platform/7.4.5.Final/hibernate-platform-7.4.5.Final.pom
2026-09-13 16:52:27,070 [Worker-23: Import Getting Started Content] INFO  o.e.m.c.i.e.AbstractTransferListenerAdapter - Downloading https://repo.maven.apache.org/maven2/org/jboss/logging/jboss-logging/3.6.3.Final/jboss-logging-3.6.3.Final.pom
2026-09-13 16:52:27,090 [Worker-23: Import Getting Started Content] INFO  o.e.m.c.i.e.AbstractTransferListenerAdapter - Downloaded https://repo.maven.apache.org/maven2/org/jboss/logging/jboss-logging/3.6.3.Final/jboss-logging-3.6.3.Final.pom
2026-09-13 16:52:27,151 [Worker-23: Import Getting Started Content] INFO  o.e.m.c.i.e.AbstractTransferListenerAdapter - Downloading https://repo.maven.apache.org/maven2/org/jboss/jboss-parent/52/jboss-parent-52.pom
2026-09-13 16:52:27,179 [Worker-23: Import Getting Started Content] INFO  o.e.m.c.i.e.AbstractTransferListenerAdapter - Downloaded https://repo.maven.apache.org/maven2/org/jboss/jboss-parent/52/jboss-parent-52.pom
2026-09-13 16:52:27,252 [Worker-23: Import Getting Started Content] INFO  o.e.m.c.i.e.AbstractTransferListenerAdapter - Downloading https://repo.maven.apache.org/maven2/org/hibernate/models/hibernate-models/1.1.1/hibernate-models-1.1.1.pom
2026-09-13 16:52:27,267 [Worker-23: Import Getting Started Content] INFO  o.e.m.c.i.e.AbstractTransferListenerAdapter - Downloaded https://repo.maven.apache.org/maven2/org/hibernate/models/hibernate-models/1.1.1/hibernate-models-1.1.1.pom
2026-09-13 16:52:27,402 [Worker-23: Import Getting Started Content] INFO  o.e.m.c.i.e.AbstractTransferListenerAdapter - Downloading https://repo.maven.apache.org/maven2/org/springframework/data/spring-data-jpa/4.1.1/spring-data-jpa-4.1.1.pom
2026-09-13 16:52:27,420 [Worker-23: Import Getting Started Content] INFO  o.e.m.c.i.e.AbstractTransferListenerAdapter - Downloaded https://repo.maven.apache.org/maven2/org/springframework/data/spring-data-jpa/4.1.1/spring-data-jpa-4.1.1.pom
2026-09-13 16:52:27,463 [Worker-23: Import Getting Started Content] INFO  o.e.m.c.i.e.AbstractTransferListenerAdapter - Downloading https://repo.maven.apache.org/maven2/org/springframework/data/spring-data-jpa-parent/4.1.1/spring-data-jpa-parent-4.1.1.pom
2026-09-13 16:52:27,481 [Worker-23: Import Getting Started Content] INFO  o.e.m.c.i.e.AbstractTransferListenerAdapter - Downloaded https://repo.maven.apache.org/maven2/org/springframework/data/spring-data-jpa-parent/4.1.1/spring-data-jpa-parent-4.1.1.pom
2026-09-13 16:52:27,656 [Worker-23: Import Getting Started Content] INFO  o.e.m.c.i.e.AbstractTransferListenerAdapter - Downloading https://repo.maven.apache.org/maven2/org/springframework/spring-aspects/7.0.9/spring-aspects-7.0.9.pom
2026-09-13 16:52:27,680 [Worker-23: Import Getting Started Content] INFO  o.e.m.c.i.e.AbstractTransferListenerAdapter - Downloaded https://repo.maven.apache.org/maven2/org/springframework/spring-aspects/7.0.9/spring-aspects-7.0.9.pom
2026-09-13 16:52:27,718 [Worker-23: Import Getting Started Content] INFO  o.e.m.c.i.e.AbstractTransferListenerAdapter - Downloading https://repo.maven.apache.org/maven2/org/aspectj/aspectjweaver/1.9.25.1/aspectjweaver-1.9.25.1.pom
2026-09-13 16:52:27,732 [Worker-23: Import Getting Started Content] INFO  o.e.m.c.i.e.AbstractTransferListenerAdapter - Downloaded https://repo.maven.apache.org/maven2/org/aspectj/aspectjweaver/1.9.25.1/aspectjweaver-1.9.25.1.pom
2026-09-13 16:52:27,768 [Worker-23: Import Getting Started Content] INFO  o.e.m.c.i.e.AbstractTransferListenerAdapter - Downloading https://repo.maven.apache.org/maven2/org/springframework/boot/spring-boot-starter-security/4.1.1/spring-boot-starter-security-4.1.1.pom
2026-09-13 16:52:27,784 [Worker-23: Import Getting Started Content] INFO  o.e.m.c.i.e.AbstractTransferListenerAdapter - Downloaded https://repo.maven.apache.org/maven2/org/springframework/boot/spring-boot-starter-security/4.1.1/spring-boot-starter-security-4.1.1.pom
2026-09-13 16:52:27,832 [Worker-23: Import Getting Started Content] INFO  o.e.m.c.i.e.AbstractTransferListenerAdapter - Downloading https://repo.maven.apache.org/maven2/org/springframework/boot/spring-boot-security/4.1.1/spring-boot-security-4.1.1.pom
2026-09-13 16:52:27,855 [Worker-23: Import Getting Started Content] INFO  o.e.m.c.i.e.AbstractTransferListenerAdapter - Downloaded https://repo.maven.apache.org/maven2/org/springframework/boot/spring-boot-security/4.1.1/spring-boot-security-4.1.1.pom
2026-09-13 16:52:27,894 [Worker-23: Import Getting Started Content] INFO  o.e.m.c.i.e.AbstractTransferListenerAdapter - Downloading https://repo.maven.apache.org/maven2/org/springframework/security/spring-security-config/7.1.1/spring-security-config-7.1.1.pom
2026-09-13 16:52:27,910 [Worker-23: Import Getting Started Content] INFO  o.e.m.c.i.e.AbstractTransferListenerAdapter - Downloaded https://repo.maven.apache.org/maven2/org/springframework/security/spring-security-config/7.1.1/spring-security-config-7.1.1.pom
2026-09-13 16:52:27,949 [Worker-23: Import Getting Started Content] INFO  o.e.m.c.i.e.AbstractTransferListenerAdapter - Downloading https://repo.maven.apache.org/maven2/org/springframework/security/spring-security-core/7.1.1/spring-security-core-7.1.1.pom
2026-09-13 16:52:27,964 [Worker-23: Import Getting Started Content] INFO  o.e.m.c.i.e.AbstractTransferListenerAdapter - Downloaded https://repo.maven.apache.org/maven2/org/springframework/security/spring-security-core/7.1.1/spring-security-core-7.1.1.pom
2026-09-13 16:52:28,006 [Worker-23: Import Getting Started Content] INFO  o.e.m.c.i.e.AbstractTransferListenerAdapter - Downloading https://repo.maven.apache.org/maven2/org/springframework/security/spring-security-web/7.1.1/spring-security-web-7.1.1.pom
2026-09-13 16:52:28,021 [Worker-23: Import Getting Started Content] INFO  o.e.m.c.i.e.AbstractTransferListenerAdapter - Downloaded https://repo.maven.apache.org/maven2/org/springframework/security/spring-security-web/7.1.1/spring-security-web-7.1.1.pom
2026-09-13 16:52:28,062 [Worker-23: Import Getting Started Content] INFO  o.e.m.c.i.e.AbstractTransferListenerAdapter - Downloading https://repo.maven.apache.org/maven2/org/springframework/boot/spring-boot-starter-validation/4.1.1/spring-boot-starter-validation-4.1.1.pom
2026-09-13 16:52:28,079 [Worker-23: Import Getting Started Content] INFO  o.e.m.c.i.e.AbstractTransferListenerAdapter - Downloaded https://repo.maven.apache.org/maven2/org/springframework/boot/spring-boot-starter-validation/4.1.1/spring-boot-starter-validation-4.1.1.pom
2026-09-13 16:52:28,174 [Worker-23: Import Getting Started Content] INFO  o.e.m.c.i.e.AbstractTransferListenerAdapter - Downloading https://repo.maven.apache.org/maven2/org/springframework/boot/spring-boot-validation/4.1.1/spring-boot-validation-4.1.1.pom
2026-09-13 16:52:28,197 [Worker-23: Import Getting Started Content] INFO  o.e.m.c.i.e.AbstractTransferListenerAdapter - Downloaded https://repo.maven.apache.org/maven2/org/springframework/boot/spring-boot-validation/4.1.1/spring-boot-validation-4.1.1.pom
2026-09-13 16:52:28,243 [Worker-23: Import Getting Started Content] INFO  o.e.m.c.i.e.AbstractTransferListenerAdapter - Downloading https://repo.maven.apache.org/maven2/org/hibernate/validator/hibernate-validator/9.1.3.Final/hibernate-validator-9.1.3.Final.pom
2026-09-13 16:52:28,259 [Worker-23: Import Getting Started Content] INFO  o.e.m.c.i.e.AbstractTransferListenerAdapter - Downloaded https://repo.maven.apache.org/maven2/org/hibernate/validator/hibernate-validator/9.1.3.Final/hibernate-validator-9.1.3.Final.pom
2026-09-13 16:52:28,309 [Worker-23: Import Getting Started Content] INFO  o.e.m.c.i.e.AbstractTransferListenerAdapter - Downloading https://repo.maven.apache.org/maven2/com/fasterxml/classmate/1.7.3/classmate-1.7.3.pom
2026-09-13 16:52:28,323 [Worker-23: Import Getting Started Content] INFO  o.e.m.c.i.e.AbstractTransferListenerAdapter - Downloaded https://repo.maven.apache.org/maven2/com/fasterxml/classmate/1.7.3/classmate-1.7.3.pom
2026-09-13 16:52:28,365 [Worker-23: Import Getting Started Content] INFO  o.e.m.c.i.e.AbstractTransferListenerAdapter - Downloading https://repo.maven.apache.org/maven2/com/fasterxml/oss-parent/74/oss-parent-74.pom
2026-09-13 16:52:28,393 [Worker-23: Import Getting Started Content] INFO  o.e.m.c.i.e.AbstractTransferListenerAdapter - Downloaded https://repo.maven.apache.org/maven2/com/fasterxml/oss-parent/74/oss-parent-74.pom
2026-09-13 16:52:29,187 [Worker-23: Import Getting Started Content] INFO  o.e.m.c.i.e.AbstractTransferListenerAdapter - Downloading https://repo.maven.apache.org/maven2/org/springframework/cloud/spring-cloud-starter-openfeign/5.0.3/spring-cloud-starter-openfeign-5.0.3.pom
2026-09-13 16:52:29,217 [Worker-23: Import Getting Started Content] INFO  o.e.m.c.i.e.AbstractTransferListenerAdapter - Downloaded https://repo.maven.apache.org/maven2/org/springframework/cloud/spring-cloud-starter-openfeign/5.0.3/spring-cloud-starter-openfeign-5.0.3.pom
2026-09-13 16:52:29,285 [Worker-23: Import Getting Started Content] INFO  o.e.m.c.i.e.AbstractTransferListenerAdapter - Downloading https://repo.maven.apache.org/maven2/org/springframework/cloud/spring-cloud-openfeign/5.0.3/spring-cloud-openfeign-5.0.3.pom
2026-09-13 16:52:29,314 [Worker-23: Import Getting Started Content] INFO  o.e.m.c.i.e.AbstractTransferListenerAdapter - Downloaded https://repo.maven.apache.org/maven2/org/springframework/cloud/spring-cloud-openfeign/5.0.3/spring-cloud-openfeign-5.0.3.pom
2026-09-13 16:52:29,364 [Worker-23: Import Getting Started Content] INFO  o.e.m.c.i.e.AbstractTransferListenerAdapter - Downloading https://repo.maven.apache.org/maven2/org/springframework/cloud/spring-cloud-openfeign-core/5.0.3/spring-cloud-openfeign-core-5.0.3.pom
2026-09-13 16:52:29,381 [Worker-23: Import Getting Started Content] INFO  o.e.m.c.i.e.AbstractTransferListenerAdapter - Downloaded https://repo.maven.apache.org/maven2/org/springframework/cloud/spring-cloud-openfeign-core/5.0.3/spring-cloud-openfeign-core-5.0.3.pom
2026-09-13 16:52:29,706 [Worker-23: Import Getting Started Content] INFO  o.e.m.c.i.e.AbstractTransferListenerAdapter - Downloading https://repo.maven.apache.org/maven2/io/github/openfeign/feign-form-spring/13.6.1/feign-form-spring-13.6.1.pom
2026-09-13 16:52:29,733 [Worker-23: Import Getting Started Content] INFO  o.e.m.c.i.e.AbstractTransferListenerAdapter - Downloaded https://repo.maven.apache.org/maven2/io/github/openfeign/feign-form-spring/13.6.1/feign-form-spring-13.6.1.pom
2026-09-13 16:52:29,787 [Worker-23: Import Getting Started Content] INFO  o.e.m.c.i.e.AbstractTransferListenerAdapter - Downloading https://repo.maven.apache.org/maven2/io/github/openfeign/parent/13.6.1/parent-13.6.1.pom
2026-09-13 16:52:29,808 [Worker-23: Import Getting Started Content] INFO  o.e.m.c.i.e.AbstractTransferListenerAdapter - Downloaded https://repo.maven.apache.org/maven2/io/github/openfeign/parent/13.6.1/parent-13.6.1.pom
2026-09-13 16:52:29,881 [Worker-23: Import Getting Started Content] INFO  o.e.m.c.i.e.AbstractTransferListenerAdapter - Downloading https://repo.maven.apache.org/maven2/org/apache/commons/commons-lang3/3.20.0/commons-lang3-3.20.0.pom
2026-09-13 16:52:29,909 [Worker-23: Import Getting Started Content] INFO  o.e.m.c.i.e.AbstractTransferListenerAdapter - Downloaded https://repo.maven.apache.org/maven2/org/apache/commons/commons-lang3/3.20.0/commons-lang3-3.20.0.pom
2026-09-13 16:52:29,948 [Worker-23: Import Getting Started Content] INFO  o.e.m.c.i.e.AbstractTransferListenerAdapter - Downloading https://repo.maven.apache.org/maven2/org/apache/commons/commons-parent/92/commons-parent-92.pom
2026-09-13 16:52:29,975 [Worker-23: Import Getting Started Content] INFO  o.e.m.c.i.e.AbstractTransferListenerAdapter - Downloaded https://repo.maven.apache.org/maven2/org/apache/commons/commons-parent/92/commons-parent-92.pom
2026-09-13 16:52:30,013 [Worker-23: Import Getting Started Content] INFO  o.e.m.c.i.e.AbstractTransferListenerAdapter - Downloading https://repo.maven.apache.org/maven2/io/github/openfeign/feign-form/13.6.1/feign-form-13.6.1.pom
2026-09-13 16:52:30,026 [Worker-23: Import Getting Started Content] INFO  o.e.m.c.i.e.AbstractTransferListenerAdapter - Downloaded https://repo.maven.apache.org/maven2/io/github/openfeign/feign-form/13.6.1/feign-form-13.6.1.pom
2026-09-13 16:52:30,063 [Worker-23: Import Getting Started Content] INFO  o.e.m.c.i.e.AbstractTransferListenerAdapter - Downloading https://repo.maven.apache.org/maven2/io/github/openfeign/feign-core/13.6.1/feign-core-13.6.1.pom
2026-09-13 16:52:30,078 [Worker-23: Import Getting Started Content] INFO  o.e.m.c.i.e.AbstractTransferListenerAdapter - Downloaded https://repo.maven.apache.org/maven2/io/github/openfeign/feign-core/13.6.1/feign-core-13.6.1.pom
2026-09-13 16:52:30,117 [Worker-23: Import Getting Started Content] INFO  o.e.m.c.i.e.AbstractTransferListenerAdapter - Downloading https://repo.maven.apache.org/maven2/commons-fileupload/commons-fileupload/1.6.0/commons-fileupload-1.6.0.pom
2026-09-13 16:52:30,135 [Worker-23: Import Getting Started Content] INFO  o.e.m.c.i.e.AbstractTransferListenerAdapter - Downloaded https://repo.maven.apache.org/maven2/commons-fileupload/commons-fileupload/1.6.0/commons-fileupload-1.6.0.pom
2026-09-13 16:52:30,176 [Worker-23: Import Getting Started Content] INFO  o.e.m.c.i.e.AbstractTransferListenerAdapter - Downloading https://repo.maven.apache.org/maven2/org/apache/commons/commons-parent/84/commons-parent-84.pom
2026-09-13 16:52:30,206 [Worker-23: Import Getting Started Content] INFO  o.e.m.c.i.e.AbstractTransferListenerAdapter - Downloaded https://repo.maven.apache.org/maven2/org/apache/commons/commons-parent/84/commons-parent-84.pom
2026-09-13 16:52:30,256 [Worker-23: Import Getting Started Content] INFO  o.e.m.c.i.e.AbstractTransferListenerAdapter - Downloading https://repo.maven.apache.org/maven2/io/github/openfeign/feign-slf4j/13.6.1/feign-slf4j-13.6.1.pom
2026-09-13 16:52:30,274 [Worker-23: Import Getting Started Content] INFO  o.e.m.c.i.e.AbstractTransferListenerAdapter - Downloaded https://repo.maven.apache.org/maven2/io/github/openfeign/feign-slf4j/13.6.1/feign-slf4j-13.6.1.pom
2026-09-13 16:52:30,315 [Worker-23: Import Getting Started Content] INFO  o.e.m.c.i.e.AbstractTransferListenerAdapter - Downloading https://repo.maven.apache.org/maven2/org/springframework/boot/spring-boot-devtools/4.1.1/spring-boot-devtools-4.1.1.pom
2026-09-13 16:52:30,332 [Worker-23: Import Getting Started Content] INFO  o.e.m.c.i.e.AbstractTransferListenerAdapter - Downloaded https://repo.maven.apache.org/maven2/org/springframework/boot/spring-boot-devtools/4.1.1/spring-boot-devtools-4.1.1.pom
2026-09-13 16:52:30,373 [Worker-23: Import Getting Started Content] INFO  o.e.m.c.i.e.AbstractTransferListenerAdapter - Downloading https://repo.maven.apache.org/maven2/com/mysql/mysql-connector-j/9.7.0/mysql-connector-j-9.7.0.pom
2026-09-13 16:52:30,387 [Worker-23: Import Getting Started Content] INFO  o.e.m.c.i.e.AbstractTransferListenerAdapter - Downloaded https://repo.maven.apache.org/maven2/com/mysql/mysql-connector-j/9.7.0/mysql-connector-j-9.7.0.pom
2026-09-13 16:52:30,423 [Worker-23: Import Getting Started Content] INFO  o.e.m.c.i.e.AbstractTransferListenerAdapter - Downloading https://repo.maven.apache.org/maven2/org/projectlombok/lombok/1.18.46/lombok-1.18.46.pom
2026-09-13 16:52:30,436 [Worker-23: Import Getting Started Content] INFO  o.e.m.c.i.e.AbstractTransferListenerAdapter - Downloaded https://repo.maven.apache.org/maven2/org/projectlombok/lombok/1.18.46/lombok-1.18.46.pom
2026-09-13 16:52:30,523 [Worker-23: Import Getting Started Content] INFO  o.e.m.c.i.e.AbstractTransferListenerAdapter - Downloading https://repo.maven.apache.org/maven2/org/springframework/boot/spring-boot-starter-data-jpa-test/4.1.1/spring-boot-starter-data-jpa-test-4.1.1.pom
2026-09-13 16:52:30,544 [Worker-23: Import Getting Started Content] INFO  o.e.m.c.i.e.AbstractTransferListenerAdapter - Downloaded https://repo.maven.apache.org/maven2/org/springframework/boot/spring-boot-starter-data-jpa-test/4.1.1/spring-boot-starter-data-jpa-test-4.1.1.pom
2026-09-13 16:52:30,706 [Worker-23: Import Getting Started Content] INFO  o.e.m.c.i.e.AbstractTransferListenerAdapter - Downloading https://repo.maven.apache.org/maven2/org/springframework/boot/spring-boot-starter-jdbc-test/4.1.1/spring-boot-starter-jdbc-test-4.1.1.pom
2026-09-13 16:52:30,721 [Worker-23: Import Getting Started Content] INFO  o.e.m.c.i.e.AbstractTransferListenerAdapter - Downloaded https://repo.maven.apache.org/maven2/org/springframework/boot/spring-boot-starter-jdbc-test/4.1.1/spring-boot-starter-jdbc-test-4.1.1.pom
2026-09-13 16:52:30,763 [Worker-23: Import Getting Started Content] INFO  o.e.m.c.i.e.AbstractTransferListenerAdapter - Downloading https://repo.maven.apache.org/maven2/org/springframework/boot/spring-boot-jdbc-test/4.1.1/spring-boot-jdbc-test-4.1.1.pom
2026-09-13 16:52:30,776 [Worker-23: Import Getting Started Content] INFO  o.e.m.c.i.e.AbstractTransferListenerAdapter - Downloaded https://repo.maven.apache.org/maven2/org/springframework/boot/spring-boot-jdbc-test/4.1.1/spring-boot-jdbc-test-4.1.1.pom
2026-09-13 16:52:30,818 [Worker-23: Import Getting Started Content] INFO  o.e.m.c.i.e.AbstractTransferListenerAdapter - Downloading https://repo.maven.apache.org/maven2/org/springframework/boot/spring-boot-data-jpa-test/4.1.1/spring-boot-data-jpa-test-4.1.1.pom
2026-09-13 16:52:30,833 [Worker-23: Import Getting Started Content] INFO  o.e.m.c.i.e.AbstractTransferListenerAdapter - Downloaded https://repo.maven.apache.org/maven2/org/springframework/boot/spring-boot-data-jpa-test/4.1.1/spring-boot-data-jpa-test-4.1.1.pom
2026-09-13 16:52:30,872 [Worker-23: Import Getting Started Content] INFO  o.e.m.c.i.e.AbstractTransferListenerAdapter - Downloading https://repo.maven.apache.org/maven2/org/springframework/boot/spring-boot-jpa-test/4.1.1/spring-boot-jpa-test-4.1.1.pom
2026-09-13 16:52:30,887 [Worker-23: Import Getting Started Content] INFO  o.e.m.c.i.e.AbstractTransferListenerAdapter - Downloaded https://repo.maven.apache.org/maven2/org/springframework/boot/spring-boot-jpa-test/4.1.1/spring-boot-jpa-test-4.1.1.pom
2026-09-13 16:52:30,925 [Worker-23: Import Getting Started Content] INFO  o.e.m.c.i.e.AbstractTransferListenerAdapter - Downloading https://repo.maven.apache.org/maven2/org/springframework/boot/spring-boot-starter-security-test/4.1.1/spring-boot-starter-security-test-4.1.1.pom
2026-09-13 16:52:30,952 [Worker-23: Import Getting Started Content] INFO  o.e.m.c.i.e.AbstractTransferListenerAdapter - Downloaded https://repo.maven.apache.org/maven2/org/springframework/boot/spring-boot-starter-security-test/4.1.1/spring-boot-starter-security-test-4.1.1.pom
2026-09-13 16:52:31,014 [Worker-23: Import Getting Started Content] INFO  o.e.m.c.i.e.AbstractTransferListenerAdapter - Downloading https://repo.maven.apache.org/maven2/org/springframework/boot/spring-boot-security-test/4.1.1/spring-boot-security-test-4.1.1.pom
2026-09-13 16:52:31,038 [Worker-23: Import Getting Started Content] INFO  o.e.m.c.i.e.AbstractTransferListenerAdapter - Downloaded https://repo.maven.apache.org/maven2/org/springframework/boot/spring-boot-security-test/4.1.1/spring-boot-security-test-4.1.1.pom
2026-09-13 16:52:31,077 [Worker-23: Import Getting Started Content] INFO  o.e.m.c.i.e.AbstractTransferListenerAdapter - Downloading https://repo.maven.apache.org/maven2/org/springframework/security/spring-security-test/7.1.1/spring-security-test-7.1.1.pom
2026-09-13 16:52:31,092 [Worker-23: Import Getting Started Content] INFO  o.e.m.c.i.e.AbstractTransferListenerAdapter - Downloaded https://repo.maven.apache.org/maven2/org/springframework/security/spring-security-test/7.1.1/spring-security-test-7.1.1.pom
2026-09-13 16:52:31,133 [Worker-23: Import Getting Started Content] INFO  o.e.m.c.i.e.AbstractTransferListenerAdapter - Downloading https://repo.maven.apache.org/maven2/org/springframework/boot/spring-boot-starter-validation-test/4.1.1/spring-boot-starter-validation-test-4.1.1.pom
2026-09-13 16:52:31,156 [Worker-23: Import Getting Started Content] INFO  o.e.m.c.i.e.AbstractTransferListenerAdapter - Downloaded https://repo.maven.apache.org/maven2/org/springframework/boot/spring-boot-starter-validation-test/4.1.1/spring-boot-starter-validation-test-4.1.1.pom
2026-09-13 16:52:31,886 [Worker-23: Import Getting Started Content] INFO  o.e.m.c.i.e.AbstractTransferListenerAdapter - Downloading https://repo.maven.apache.org/maven2/org/springframework/boot/spring-boot-starter-data-jpa/4.1.1/spring-boot-starter-data-jpa-4.1.1.jar
2026-09-13 16:52:31,901 [Worker-23: Import Getting Started Content] INFO  o.e.m.c.i.e.AbstractTransferListenerAdapter - Downloaded https://repo.maven.apache.org/maven2/org/springframework/boot/spring-boot-starter-data-jpa/4.1.1/spring-boot-starter-data-jpa-4.1.1.jar
2026-09-13 16:52:31,953 [BasicRepositoryConnector-repo.maven.apache.org-4-0] INFO  o.e.m.c.i.e.AbstractTransferListenerAdapter - Downloading https://repo.maven.apache.org/maven2/org/springframework/boot/spring-boot-starter-jdbc/4.1.1/spring-boot-starter-jdbc-4.1.1.jar
2026-09-13 16:52:31,967 [BasicRepositoryConnector-repo.maven.apache.org-4-0] INFO  o.e.m.c.i.e.AbstractTransferListenerAdapter - Downloaded https://repo.maven.apache.org/maven2/org/springframework/boot/spring-boot-starter-jdbc/4.1.1/spring-boot-starter-jdbc-4.1.1.jar
2026-09-13 16:52:32,020 [BasicRepositoryConnector-repo.maven.apache.org-4-0] INFO  o.e.m.c.i.e.AbstractTransferListenerAdapter - Downloading https://repo.maven.apache.org/maven2/org/springframework/boot/spring-boot-hibernate/4.1.1/spring-boot-hibernate-4.1.1.jar
2026-09-13 16:52:32,037 [BasicRepositoryConnector-repo.maven.apache.org-4-0] INFO  o.e.m.c.i.e.AbstractTransferListenerAdapter - Downloaded https://repo.maven.apache.org/maven2/org/springframework/boot/spring-boot-hibernate/4.1.1/spring-boot-hibernate-4.1.1.jar
2026-09-13 16:52:32,089 [BasicRepositoryConnector-repo.maven.apache.org-4-0] INFO  o.e.m.c.i.e.AbstractTransferListenerAdapter - Downloading https://repo.maven.apache.org/maven2/org/springframework/boot/spring-boot-jpa/4.1.1/spring-boot-jpa-4.1.1.jar
2026-09-13 16:52:32,095 [BasicRepositoryConnector-repo.maven.apache.org-4-2] INFO  o.e.m.c.i.e.AbstractTransferListenerAdapter - Downloading https://repo.maven.apache.org/maven2/org/springframework/boot/spring-boot-data-commons/4.1.1/spring-boot-data-commons-4.1.1.jar
2026-09-13 16:52:32,107 [BasicRepositoryConnector-repo.maven.apache.org-4-0] INFO  o.e.m.c.i.e.AbstractTransferListenerAdapter - Downloaded https://repo.maven.apache.org/maven2/org/springframework/boot/spring-boot-jpa/4.1.1/spring-boot-jpa-4.1.1.jar
2026-09-13 16:52:32,115 [BasicRepositoryConnector-repo.maven.apache.org-4-1] INFO  o.e.m.c.i.e.AbstractTransferListenerAdapter - Downloading https://repo.maven.apache.org/maven2/org/springframework/boot/spring-boot-data-jpa/4.1.1/spring-boot-data-jpa-4.1.1.jar
2026-09-13 16:52:32,134 [BasicRepositoryConnector-repo.maven.apache.org-4-3] INFO  o.e.m.c.i.e.AbstractTransferListenerAdapter - Downloading https://repo.maven.apache.org/maven2/org/springframework/boot/spring-boot-persistence/4.1.1/spring-boot-persistence-4.1.1.jar
2026-09-13 16:52:32,134 [BasicRepositoryConnector-repo.maven.apache.org-4-0] INFO  o.e.m.c.i.e.AbstractTransferListenerAdapter - Downloading https://repo.maven.apache.org/maven2/org/hibernate/orm/hibernate-core/7.4.5.Final/hibernate-core-7.4.5.Final.jar
2026-09-13 16:52:32,142 [BasicRepositoryConnector-repo.maven.apache.org-4-4] INFO  o.e.m.c.i.e.AbstractTransferListenerAdapter - Downloading https://repo.maven.apache.org/maven2/org/springframework/data/spring-data-commons/4.1.1/spring-data-commons-4.1.1.jar
2026-09-13 16:52:32,145 [BasicRepositoryConnector-repo.maven.apache.org-4-2] INFO  o.e.m.c.i.e.AbstractTransferListenerAdapter - Downloaded https://repo.maven.apache.org/maven2/org/springframework/boot/spring-boot-data-commons/4.1.1/spring-boot-data-commons-4.1.1.jar
2026-09-13 16:52:32,145 [BasicRepositoryConnector-repo.maven.apache.org-4-1] INFO  o.e.m.c.i.e.AbstractTransferListenerAdapter - Downloaded https://repo.maven.apache.org/maven2/org/springframework/boot/spring-boot-data-jpa/4.1.1/spring-boot-data-jpa-4.1.1.jar
2026-09-13 16:52:32,165 [BasicRepositoryConnector-repo.maven.apache.org-4-3] INFO  o.e.m.c.i.e.AbstractTransferListenerAdapter - Downloaded https://repo.maven.apache.org/maven2/org/springframework/boot/spring-boot-persistence/4.1.1/spring-boot-persistence-4.1.1.jar
2026-09-13 16:52:32,180 [BasicRepositoryConnector-repo.maven.apache.org-4-1] INFO  o.e.m.c.i.e.AbstractTransferListenerAdapter - Downloading https://repo.maven.apache.org/maven2/org/springframework/spring-orm/7.0.9/spring-orm-7.0.9.jar
2026-09-13 16:52:32,191 [BasicRepositoryConnector-repo.maven.apache.org-4-2] INFO  o.e.m.c.i.e.AbstractTransferListenerAdapter - Downloading https://repo.maven.apache.org/maven2/org/hibernate/models/hibernate-models/1.1.1/hibernate-models-1.1.1.jar
2026-09-13 16:52:32,331 [BasicRepositoryConnector-repo.maven.apache.org-4-3] INFO  o.e.m.c.i.e.AbstractTransferListenerAdapter - Downloading https://repo.maven.apache.org/maven2/org/springframework/data/spring-data-jpa/4.1.1/spring-data-jpa-4.1.1.jar
2026-09-13 16:52:32,442 [BasicRepositoryConnector-repo.maven.apache.org-4-2] INFO  o.e.m.c.i.e.AbstractTransferListenerAdapter - Downloaded https://repo.maven.apache.org/maven2/org/hibernate/models/hibernate-models/1.1.1/hibernate-models-1.1.1.jar
2026-09-13 16:52:32,461 [BasicRepositoryConnector-repo.maven.apache.org-4-1] INFO  o.e.m.c.i.e.AbstractTransferListenerAdapter - Downloaded https://repo.maven.apache.org/maven2/org/springframework/spring-orm/7.0.9/spring-orm-7.0.9.jar
2026-09-13 16:52:32,555 [BasicRepositoryConnector-repo.maven.apache.org-4-2] INFO  o.e.m.c.i.e.AbstractTransferListenerAdapter - Downloading https://repo.maven.apache.org/maven2/org/springframework/spring-tx/7.0.9/spring-tx-7.0.9.jar
2026-09-13 16:52:32,559 [BasicRepositoryConnector-repo.maven.apache.org-4-1] INFO  o.e.m.c.i.e.AbstractTransferListenerAdapter - Downloading https://repo.maven.apache.org/maven2/org/springframework/spring-aspects/7.0.9/spring-aspects-7.0.9.jar
2026-09-13 16:52:32,573 [BasicRepositoryConnector-repo.maven.apache.org-4-1] INFO  o.e.m.c.i.e.AbstractTransferListenerAdapter - Downloaded https://repo.maven.apache.org/maven2/org/springframework/spring-aspects/7.0.9/spring-aspects-7.0.9.jar
2026-09-13 16:52:32,750 [BasicRepositoryConnector-repo.maven.apache.org-4-1] INFO  o.e.m.c.i.e.AbstractTransferListenerAdapter - Downloading https://repo.maven.apache.org/maven2/org/aspectj/aspectjweaver/1.9.25.1/aspectjweaver-1.9.25.1.jar
2026-09-13 16:52:32,838 [BasicRepositoryConnector-repo.maven.apache.org-4-2] INFO  o.e.m.c.i.e.AbstractTransferListenerAdapter - Downloaded https://repo.maven.apache.org/maven2/org/springframework/spring-tx/7.0.9/spring-tx-7.0.9.jar
2026-09-13 16:52:33,014 [BasicRepositoryConnector-repo.maven.apache.org-4-2] INFO  o.e.m.c.i.e.AbstractTransferListenerAdapter - Downloading https://repo.maven.apache.org/maven2/org/springframework/boot/spring-boot-jdbc/4.1.1/spring-boot-jdbc-4.1.1.jar
2026-09-13 16:52:33,016 [BasicRepositoryConnector-repo.maven.apache.org-4-4] INFO  o.e.m.c.i.e.AbstractTransferListenerAdapter - Downloaded https://repo.maven.apache.org/maven2/org/springframework/data/spring-data-commons/4.1.1/spring-data-commons-4.1.1.jar
2026-09-13 16:52:33,039 [BasicRepositoryConnector-repo.maven.apache.org-4-2] INFO  o.e.m.c.i.e.AbstractTransferListenerAdapter - Downloaded https://repo.maven.apache.org/maven2/org/springframework/boot/spring-boot-jdbc/4.1.1/spring-boot-jdbc-4.1.1.jar
2026-09-13 16:52:33,161 [BasicRepositoryConnector-repo.maven.apache.org-4-4] INFO  o.e.m.c.i.e.AbstractTransferListenerAdapter - Downloading https://repo.maven.apache.org/maven2/org/springframework/boot/spring-boot-sql/4.1.1/spring-boot-sql-4.1.1.jar
2026-09-13 16:52:33,186 [BasicRepositoryConnector-repo.maven.apache.org-4-4] INFO  o.e.m.c.i.e.AbstractTransferListenerAdapter - Downloaded https://repo.maven.apache.org/maven2/org/springframework/boot/spring-boot-sql/4.1.1/spring-boot-sql-4.1.1.jar
2026-09-13 16:52:33,205 [BasicRepositoryConnector-repo.maven.apache.org-4-2] INFO  o.e.m.c.i.e.AbstractTransferListenerAdapter - Downloading https://repo.maven.apache.org/maven2/org/springframework/boot/spring-boot-transaction/4.1.1/spring-boot-transaction-4.1.1.jar
2026-09-13 16:52:33,224 [BasicRepositoryConnector-repo.maven.apache.org-4-2] INFO  o.e.m.c.i.e.AbstractTransferListenerAdapter - Downloaded https://repo.maven.apache.org/maven2/org/springframework/boot/spring-boot-transaction/4.1.1/spring-boot-transaction-4.1.1.jar
2026-09-13 16:52:33,396 [BasicRepositoryConnector-repo.maven.apache.org-4-4] INFO  o.e.m.c.i.e.AbstractTransferListenerAdapter - Downloading https://repo.maven.apache.org/maven2/org/springframework/spring-jdbc/7.0.9/spring-jdbc-7.0.9.jar
2026-09-13 16:52:33,447 [BasicRepositoryConnector-repo.maven.apache.org-4-2] INFO  o.e.m.c.i.e.AbstractTransferListenerAdapter - Downloading https://repo.maven.apache.org/maven2/org/springframework/boot/spring-boot-starter-security/4.1.1/spring-boot-starter-security-4.1.1.jar
2026-09-13 16:52:33,465 [BasicRepositoryConnector-repo.maven.apache.org-4-2] INFO  o.e.m.c.i.e.AbstractTransferListenerAdapter - Downloaded https://repo.maven.apache.org/maven2/org/springframework/boot/spring-boot-starter-security/4.1.1/spring-boot-starter-security-4.1.1.jar
2026-09-13 16:52:33,466 [BasicRepositoryConnector-repo.maven.apache.org-4-4] INFO  o.e.m.c.i.e.AbstractTransferListenerAdapter - Downloaded https://repo.maven.apache.org/maven2/org/springframework/spring-jdbc/7.0.9/spring-jdbc-7.0.9.jar
2026-09-13 16:52:33,726 [BasicRepositoryConnector-repo.maven.apache.org-4-1] INFO  o.e.m.c.i.e.AbstractTransferListenerAdapter - Downloaded https://repo.maven.apache.org/maven2/org/aspectj/aspectjweaver/1.9.25.1/aspectjweaver-1.9.25.1.jar
2026-09-13 16:52:33,773 [BasicRepositoryConnector-repo.maven.apache.org-4-3] INFO  o.e.m.c.i.e.AbstractTransferListenerAdapter - Downloaded https://repo.maven.apache.org/maven2/org/springframework/data/spring-data-jpa/4.1.1/spring-data-jpa-4.1.1.jar
2026-09-13 16:52:33,805 [BasicRepositoryConnector-repo.maven.apache.org-4-4] INFO  o.e.m.c.i.e.AbstractTransferListenerAdapter - Downloading https://repo.maven.apache.org/maven2/org/springframework/security/spring-security-config/7.1.1/spring-security-config-7.1.1.jar
2026-09-13 16:52:33,847 [BasicRepositoryConnector-repo.maven.apache.org-4-3] INFO  o.e.m.c.i.e.AbstractTransferListenerAdapter - Downloading https://repo.maven.apache.org/maven2/org/springframework/security/spring-security-web/7.1.1/spring-security-web-7.1.1.jar
2026-09-13 16:52:33,865 [BasicRepositoryConnector-repo.maven.apache.org-4-0] INFO  o.e.m.c.i.e.AbstractTransferListenerAdapter - Downloaded https://repo.maven.apache.org/maven2/org/hibernate/orm/hibernate-core/7.4.5.Final/hibernate-core-7.4.5.Final.jar
2026-09-13 16:52:33,922 [BasicRepositoryConnector-repo.maven.apache.org-4-2] INFO  o.e.m.c.i.e.AbstractTransferListenerAdapter - Downloading https://repo.maven.apache.org/maven2/org/springframework/boot/spring-boot-security/4.1.1/spring-boot-security-4.1.1.jar
2026-09-13 16:52:33,944 [BasicRepositoryConnector-repo.maven.apache.org-4-2] INFO  o.e.m.c.i.e.AbstractTransferListenerAdapter - Downloaded https://repo.maven.apache.org/maven2/org/springframework/boot/spring-boot-security/4.1.1/spring-boot-security-4.1.1.jar
2026-09-13 16:52:34,046 [BasicRepositoryConnector-repo.maven.apache.org-4-2] INFO  o.e.m.c.i.e.AbstractTransferListenerAdapter - Downloading https://repo.maven.apache.org/maven2/org/springframework/boot/spring-boot-validation/4.1.1/spring-boot-validation-4.1.1.jar
2026-09-13 16:52:34,047 [BasicRepositoryConnector-repo.maven.apache.org-4-3] INFO  o.e.m.c.i.e.AbstractTransferListenerAdapter - Downloaded https://repo.maven.apache.org/maven2/org/springframework/security/spring-security-web/7.1.1/spring-security-web-7.1.1.jar
2026-09-13 16:52:34,062 [BasicRepositoryConnector-repo.maven.apache.org-4-2] INFO  o.e.m.c.i.e.AbstractTransferListenerAdapter - Downloaded https://repo.maven.apache.org/maven2/org/springframework/boot/spring-boot-validation/4.1.1/spring-boot-validation-4.1.1.jar
2026-09-13 16:52:34,077 [BasicRepositoryConnector-repo.maven.apache.org-4-0] INFO  o.e.m.c.i.e.AbstractTransferListenerAdapter - Downloading https://repo.maven.apache.org/maven2/org/springframework/boot/spring-boot-starter-validation/4.1.1/spring-boot-starter-validation-4.1.1.jar
2026-09-13 16:52:34,078 [BasicRepositoryConnector-repo.maven.apache.org-4-1] INFO  o.e.m.c.i.e.AbstractTransferListenerAdapter - Downloading https://repo.maven.apache.org/maven2/org/springframework/security/spring-security-core/7.1.1/spring-security-core-7.1.1.jar
2026-09-13 16:52:34,095 [BasicRepositoryConnector-repo.maven.apache.org-4-0] INFO  o.e.m.c.i.e.AbstractTransferListenerAdapter - Downloaded https://repo.maven.apache.org/maven2/org/springframework/boot/spring-boot-starter-validation/4.1.1/spring-boot-starter-validation-4.1.1.jar
2026-09-13 16:52:34,118 [BasicRepositoryConnector-repo.maven.apache.org-4-3] INFO  o.e.m.c.i.e.AbstractTransferListenerAdapter - Downloading https://repo.maven.apache.org/maven2/org/hibernate/validator/hibernate-validator/9.1.3.Final/hibernate-validator-9.1.3.Final.jar
2026-09-13 16:52:34,123 [BasicRepositoryConnector-repo.maven.apache.org-4-1] INFO  o.e.m.c.i.e.AbstractTransferListenerAdapter - Downloaded https://repo.maven.apache.org/maven2/org/springframework/security/spring-security-core/7.1.1/spring-security-core-7.1.1.jar
2026-09-13 16:52:34,123 [BasicRepositoryConnector-repo.maven.apache.org-4-4] INFO  o.e.m.c.i.e.AbstractTransferListenerAdapter - Downloaded https://repo.maven.apache.org/maven2/org/springframework/security/spring-security-config/7.1.1/spring-security-config-7.1.1.jar
2026-09-13 16:52:34,137 [BasicRepositoryConnector-repo.maven.apache.org-4-2] INFO  o.e.m.c.i.e.AbstractTransferListenerAdapter - Downloading https://repo.maven.apache.org/maven2/org/jboss/logging/jboss-logging/3.6.3.Final/jboss-logging-3.6.3.Final.jar
2026-09-13 16:52:34,153 [BasicRepositoryConnector-repo.maven.apache.org-4-2] INFO  o.e.m.c.i.e.AbstractTransferListenerAdapter - Downloaded https://repo.maven.apache.org/maven2/org/jboss/logging/jboss-logging/3.6.3.Final/jboss-logging-3.6.3.Final.jar
2026-09-13 16:52:34,182 [BasicRepositoryConnector-repo.maven.apache.org-4-0] INFO  o.e.m.c.i.e.AbstractTransferListenerAdapter - Downloading https://repo.maven.apache.org/maven2/com/fasterxml/classmate/1.7.3/classmate-1.7.3.jar
2026-09-13 16:52:34,196 [BasicRepositoryConnector-repo.maven.apache.org-4-4] INFO  o.e.m.c.i.e.AbstractTransferListenerAdapter - Downloading https://repo.maven.apache.org/maven2/org/springframework/cloud/spring-cloud-openfeign-core/5.0.3/spring-cloud-openfeign-core-5.0.3.jar
2026-09-13 16:52:34,208 [BasicRepositoryConnector-repo.maven.apache.org-4-1] INFO  o.e.m.c.i.e.AbstractTransferListenerAdapter - Downloading https://repo.maven.apache.org/maven2/org/springframework/cloud/spring-cloud-starter-openfeign/5.0.3/spring-cloud-starter-openfeign-5.0.3.jar
2026-09-13 16:52:34,213 [BasicRepositoryConnector-repo.maven.apache.org-4-0] INFO  o.e.m.c.i.e.AbstractTransferListenerAdapter - Downloaded https://repo.maven.apache.org/maven2/com/fasterxml/classmate/1.7.3/classmate-1.7.3.jar
2026-09-13 16:52:34,224 [BasicRepositoryConnector-repo.maven.apache.org-4-4] INFO  o.e.m.c.i.e.AbstractTransferListenerAdapter - Downloaded https://repo.maven.apache.org/maven2/org/springframework/cloud/spring-cloud-openfeign-core/5.0.3/spring-cloud-openfeign-core-5.0.3.jar
2026-09-13 16:52:34,226 [BasicRepositoryConnector-repo.maven.apache.org-4-1] INFO  o.e.m.c.i.e.AbstractTransferListenerAdapter - Downloaded https://repo.maven.apache.org/maven2/org/springframework/cloud/spring-cloud-starter-openfeign/5.0.3/spring-cloud-starter-openfeign-5.0.3.jar
2026-09-13 16:52:34,264 [BasicRepositoryConnector-repo.maven.apache.org-4-2] INFO  o.e.m.c.i.e.AbstractTransferListenerAdapter - Downloading https://repo.maven.apache.org/maven2/io/github/openfeign/feign-form-spring/13.6.1/feign-form-spring-13.6.1.jar
2026-09-13 16:52:34,280 [BasicRepositoryConnector-repo.maven.apache.org-4-2] INFO  o.e.m.c.i.e.AbstractTransferListenerAdapter - Downloaded https://repo.maven.apache.org/maven2/io/github/openfeign/feign-form-spring/13.6.1/feign-form-spring-13.6.1.jar
2026-09-13 16:52:34,291 [BasicRepositoryConnector-repo.maven.apache.org-4-3] INFO  o.e.m.c.i.e.AbstractTransferListenerAdapter - Downloaded https://repo.maven.apache.org/maven2/org/hibernate/validator/hibernate-validator/9.1.3.Final/hibernate-validator-9.1.3.Final.jar
2026-09-13 16:52:34,293 [BasicRepositoryConnector-repo.maven.apache.org-4-4] INFO  o.e.m.c.i.e.AbstractTransferListenerAdapter - Downloading https://repo.maven.apache.org/maven2/io/github/openfeign/feign-form/13.6.1/feign-form-13.6.1.jar
2026-09-13 16:52:34,295 [BasicRepositoryConnector-repo.maven.apache.org-4-0] INFO  o.e.m.c.i.e.AbstractTransferListenerAdapter - Downloading https://repo.maven.apache.org/maven2/org/apache/commons/commons-lang3/3.20.0/commons-lang3-3.20.0.jar
2026-09-13 16:52:34,313 [BasicRepositoryConnector-repo.maven.apache.org-4-4] INFO  o.e.m.c.i.e.AbstractTransferListenerAdapter - Downloaded https://repo.maven.apache.org/maven2/io/github/openfeign/feign-form/13.6.1/feign-form-13.6.1.jar
2026-09-13 16:52:34,321 [BasicRepositoryConnector-repo.maven.apache.org-4-1] INFO  o.e.m.c.i.e.AbstractTransferListenerAdapter - Downloading https://repo.maven.apache.org/maven2/commons-fileupload/commons-fileupload/1.6.0/commons-fileupload-1.6.0.jar
2026-09-13 16:52:34,343 [BasicRepositoryConnector-repo.maven.apache.org-4-1] INFO  o.e.m.c.i.e.AbstractTransferListenerAdapter - Downloaded https://repo.maven.apache.org/maven2/commons-fileupload/commons-fileupload/1.6.0/commons-fileupload-1.6.0.jar
2026-09-13 16:52:34,343 [BasicRepositoryConnector-repo.maven.apache.org-4-0] INFO  o.e.m.c.i.e.AbstractTransferListenerAdapter - Downloaded https://repo.maven.apache.org/maven2/org/apache/commons/commons-lang3/3.20.0/commons-lang3-3.20.0.jar
2026-09-13 16:52:34,360 [BasicRepositoryConnector-repo.maven.apache.org-4-4] INFO  o.e.m.c.i.e.AbstractTransferListenerAdapter - Downloading https://repo.maven.apache.org/maven2/org/springframework/boot/spring-boot-devtools/4.1.1/spring-boot-devtools-4.1.1.jar
2026-09-13 16:52:34,367 [BasicRepositoryConnector-repo.maven.apache.org-4-3] INFO  o.e.m.c.i.e.AbstractTransferListenerAdapter - Downloading https://repo.maven.apache.org/maven2/io/github/openfeign/feign-slf4j/13.6.1/feign-slf4j-13.6.1.jar
2026-09-13 16:52:34,368 [BasicRepositoryConnector-repo.maven.apache.org-4-2] INFO  o.e.m.c.i.e.AbstractTransferListenerAdapter - Downloading https://repo.maven.apache.org/maven2/io/github/openfeign/feign-core/13.6.1/feign-core-13.6.1.jar
2026-09-13 16:52:34,379 [BasicRepositoryConnector-repo.maven.apache.org-4-0] INFO  o.e.m.c.i.e.AbstractTransferListenerAdapter - Downloading https://repo.maven.apache.org/maven2/org/projectlombok/lombok/1.18.46/lombok-1.18.46.jar
2026-09-13 16:52:34,387 [BasicRepositoryConnector-repo.maven.apache.org-4-3] INFO  o.e.m.c.i.e.AbstractTransferListenerAdapter - Downloaded https://repo.maven.apache.org/maven2/io/github/openfeign/feign-slf4j/13.6.1/feign-slf4j-13.6.1.jar
2026-09-13 16:52:34,387 [BasicRepositoryConnector-repo.maven.apache.org-4-4] INFO  o.e.m.c.i.e.AbstractTransferListenerAdapter - Downloaded https://repo.maven.apache.org/maven2/org/springframework/boot/spring-boot-devtools/4.1.1/spring-boot-devtools-4.1.1.jar
2026-09-13 16:52:34,398 [BasicRepositoryConnector-repo.maven.apache.org-4-2] INFO  o.e.m.c.i.e.AbstractTransferListenerAdapter - Downloaded https://repo.maven.apache.org/maven2/io/github/openfeign/feign-core/13.6.1/feign-core-13.6.1.jar
2026-09-13 16:52:34,416 [BasicRepositoryConnector-repo.maven.apache.org-4-1] INFO  o.e.m.c.i.e.AbstractTransferListenerAdapter - Downloading https://repo.maven.apache.org/maven2/com/mysql/mysql-connector-j/9.7.0/mysql-connector-j-9.7.0.jar
2026-09-13 16:52:34,637 [BasicRepositoryConnector-repo.maven.apache.org-4-2] INFO  o.e.m.c.i.e.AbstractTransferListenerAdapter - Downloading https://repo.maven.apache.org/maven2/org/springframework/boot/spring-boot-jdbc-test/4.1.1/spring-boot-jdbc-test-4.1.1.jar
2026-09-13 16:52:34,637 [BasicRepositoryConnector-repo.maven.apache.org-4-3] INFO  o.e.m.c.i.e.AbstractTransferListenerAdapter - Downloading https://repo.maven.apache.org/maven2/org/springframework/boot/spring-boot-starter-data-jpa-test/4.1.1/spring-boot-starter-data-jpa-test-4.1.1.jar
2026-09-13 16:52:34,638 [BasicRepositoryConnector-repo.maven.apache.org-4-4] INFO  o.e.m.c.i.e.AbstractTransferListenerAdapter - Downloading https://repo.maven.apache.org/maven2/org/springframework/boot/spring-boot-starter-jdbc-test/4.1.1/spring-boot-starter-jdbc-test-4.1.1.jar
2026-09-13 16:52:34,654 [BasicRepositoryConnector-repo.maven.apache.org-4-2] INFO  o.e.m.c.i.e.AbstractTransferListenerAdapter - Downloaded https://repo.maven.apache.org/maven2/org/springframework/boot/spring-boot-jdbc-test/4.1.1/spring-boot-jdbc-test-4.1.1.jar
2026-09-13 16:52:34,656 [BasicRepositoryConnector-repo.maven.apache.org-4-3] INFO  o.e.m.c.i.e.AbstractTransferListenerAdapter - Downloaded https://repo.maven.apache.org/maven2/org/springframework/boot/spring-boot-starter-data-jpa-test/4.1.1/spring-boot-starter-data-jpa-test-4.1.1.jar
2026-09-13 16:52:34,657 [BasicRepositoryConnector-repo.maven.apache.org-4-4] INFO  o.e.m.c.i.e.AbstractTransferListenerAdapter - Downloaded https://repo.maven.apache.org/maven2/org/springframework/boot/spring-boot-starter-jdbc-test/4.1.1/spring-boot-starter-jdbc-test-4.1.1.jar
2026-09-13 16:52:34,687 [BasicRepositoryConnector-repo.maven.apache.org-4-0] INFO  o.e.m.c.i.e.AbstractTransferListenerAdapter - Downloaded https://repo.maven.apache.org/maven2/org/projectlombok/lombok/1.18.46/lombok-1.18.46.jar
2026-09-13 16:52:34,789 [BasicRepositoryConnector-repo.maven.apache.org-4-4] INFO  o.e.m.c.i.e.AbstractTransferListenerAdapter - Downloading https://repo.maven.apache.org/maven2/org/springframework/boot/spring-boot-starter-security-test/4.1.1/spring-boot-starter-security-test-4.1.1.jar
2026-09-13 16:52:34,790 [BasicRepositoryConnector-repo.maven.apache.org-4-2] INFO  o.e.m.c.i.e.AbstractTransferListenerAdapter - Downloading https://repo.maven.apache.org/maven2/org/springframework/boot/spring-boot-data-jpa-test/4.1.1/spring-boot-data-jpa-test-4.1.1.jar
2026-09-13 16:52:34,790 [BasicRepositoryConnector-repo.maven.apache.org-4-0] INFO  o.e.m.c.i.e.AbstractTransferListenerAdapter - Downloading https://repo.maven.apache.org/maven2/org/springframework/boot/spring-boot-security-test/4.1.1/spring-boot-security-test-4.1.1.jar
2026-09-13 16:52:34,790 [BasicRepositoryConnector-repo.maven.apache.org-4-3] INFO  o.e.m.c.i.e.AbstractTransferListenerAdapter - Downloading https://repo.maven.apache.org/maven2/org/springframework/boot/spring-boot-jpa-test/4.1.1/spring-boot-jpa-test-4.1.1.jar
2026-09-13 16:52:34,800 [BasicRepositoryConnector-repo.maven.apache.org-4-1] INFO  o.e.m.c.i.e.AbstractTransferListenerAdapter - Downloaded https://repo.maven.apache.org/maven2/com/mysql/mysql-connector-j/9.7.0/mysql-connector-j-9.7.0.jar
2026-09-13 16:52:34,806 [BasicRepositoryConnector-repo.maven.apache.org-4-2] INFO  o.e.m.c.i.e.AbstractTransferListenerAdapter - Downloaded https://repo.maven.apache.org/maven2/org/springframework/boot/spring-boot-data-jpa-test/4.1.1/spring-boot-data-jpa-test-4.1.1.jar
2026-09-13 16:52:34,806 [BasicRepositoryConnector-repo.maven.apache.org-4-0] INFO  o.e.m.c.i.e.AbstractTransferListenerAdapter - Downloaded https://repo.maven.apache.org/maven2/org/springframework/boot/spring-boot-security-test/4.1.1/spring-boot-security-test-4.1.1.jar
2026-09-13 16:52:34,806 [BasicRepositoryConnector-repo.maven.apache.org-4-3] INFO  o.e.m.c.i.e.AbstractTransferListenerAdapter - Downloaded https://repo.maven.apache.org/maven2/org/springframework/boot/spring-boot-jpa-test/4.1.1/spring-boot-jpa-test-4.1.1.jar
2026-09-13 16:52:34,809 [BasicRepositoryConnector-repo.maven.apache.org-4-4] INFO  o.e.m.c.i.e.AbstractTransferListenerAdapter - Downloaded https://repo.maven.apache.org/maven2/org/springframework/boot/spring-boot-starter-security-test/4.1.1/spring-boot-starter-security-test-4.1.1.jar
2026-09-13 16:52:34,838 [BasicRepositoryConnector-repo.maven.apache.org-4-2] INFO  o.e.m.c.i.e.AbstractTransferListenerAdapter - Downloading https://repo.maven.apache.org/maven2/org/springframework/boot/spring-boot-starter-validation-test/4.1.1/spring-boot-starter-validation-test-4.1.1.jar
2026-09-13 16:52:34,838 [BasicRepositoryConnector-repo.maven.apache.org-4-1] INFO  o.e.m.c.i.e.AbstractTransferListenerAdapter - Downloading https://repo.maven.apache.org/maven2/org/springframework/security/spring-security-test/7.1.1/spring-security-test-7.1.1.jar
2026-09-13 16:52:34,857 [BasicRepositoryConnector-repo.maven.apache.org-4-2] INFO  o.e.m.c.i.e.AbstractTransferListenerAdapter - Downloaded https://repo.maven.apache.org/maven2/org/springframework/boot/spring-boot-starter-validation-test/4.1.1/spring-boot-starter-validation-test-4.1.1.jar
2026-09-13 16:52:34,861 [BasicRepositoryConnector-repo.maven.apache.org-4-1] INFO  o.e.m.c.i.e.AbstractTransferListenerAdapter - Downloaded https://repo.maven.apache.org/maven2/org/springframework/security/spring-security-test/7.1.1/spring-security-test-7.1.1.jar
2026-09-13 16:52:35,522 [Worker-23: Import Getting Started Content] WARN  Sisu - Error injecting: org.apache.maven.plugins.jar.JarMojo
com.google.inject.ProvisionException: Unable to provision, see the following errors:

1) [Guice/ErrorInCustomProvider]: OutOfScopeException: Cannot access Key[type=MavenProject, annotation=[none]] outside of a scoping block
  at MojoExecutionScopeModule.configure(MojoExecutionScopeModule.java:47)
      \_ installed by: WireModule -> MojoExecutionScopeModule
  at JarMojo.<init>(JarMojo.java:72)
      \_ for 1st parameter
  while locating JarMojo

Learn more:
  https://github.com/google/guice/wiki/ERROR_IN_CUSTOM_PROVIDER

1 error

======================
Full classname legend:
======================
JarMojo:                  "org.apache.maven.plugins.jar.JarMojo"
MavenProject:             "org.apache.maven.project.MavenProject"
MojoExecutionScopeModule: "org.apache.maven.execution.scope.internal.MojoExecutionScopeModule"
OutOfScopeException:      "com.google.inject.OutOfScopeException"
WireModule:               "org.eclipse.sisu.wire.WireModule"
========================
End of classname legend:
========================

	at com.google.inject.internal.InternalProvisionException.toProvisionException(InternalProvisionException.java:251)
	at com.google.inject.internal.InjectorImpl$1.get(InjectorImpl.java:1104)
	at com.google.inject.internal.InjectorImpl.getInstance(InjectorImpl.java:1139)
	at org.eclipse.sisu.space.AbstractDeferredClass.get(AbstractDeferredClass.java:50)
	at com.google.inject.internal.ProviderInternalFactory.provision(ProviderInternalFactory.java:86)
	at com.google.inject.internal.InternalFactoryToInitializableAdapter.provision(InternalFactoryToInitializableAdapter.java:57)
	at com.google.inject.internal.ProviderInternalFactory$1.call(ProviderInternalFactory.java:67)
	at com.google.inject.internal.ProvisionListenerStackCallback$Provision.provision(ProvisionListenerStackCallback.java:109)
	at com.google.inject.internal.ProvisionListenerStackCallback$Provision.provision(ProvisionListenerStackCallback.java:124)
	at com.google.inject.internal.ProvisionListenerStackCallback.provision(ProvisionListenerStackCallback.java:66)
	at com.google.inject.internal.ProviderInternalFactory.circularGet(ProviderInternalFactory.java:62)
	at com.google.inject.internal.InternalFactoryToInitializableAdapter.get(InternalFactoryToInitializableAdapter.java:47)
	at com.google.inject.internal.InjectorImpl$1.get(InjectorImpl.java:1101)
	at org.eclipse.sisu.inject.Guice4$2.get(Guice4.java:235)
	at org.eclipse.sisu.inject.LazyBeanEntry.getValue(LazyBeanEntry.java:83)
	at org.eclipse.sisu.plexus.LazyPlexusBean.getValue(LazyPlexusBean.java:53)
	at org.codehaus.plexus.DefaultPlexusContainer.lookup(DefaultPlexusContainer.java:265)
	at org.codehaus.plexus.DefaultPlexusContainer.lookup(DefaultPlexusContainer.java:257)
	at org.apache.maven.plugin.internal.DefaultMavenPluginManager.getConfiguredMojo(DefaultMavenPluginManager.java:491)
	at org.eclipse.m2e.core.internal.embedder.MavenImpl.getConfiguredMojo(MavenImpl.java:206)
	at org.eclipse.m2e.mavenarchiver.internal.AbstractMavenArchiverConfigurator.reflectManifestGeneration(AbstractMavenArchiverConfigurator.java:439)
	at org.eclipse.m2e.mavenarchiver.internal.AbstractMavenArchiverConfigurator.lambda$3(AbstractMavenArchiverConfigurator.java:398)
	at org.eclipse.m2e.core.internal.embedder.MavenExecutionContext.executeBare(MavenExecutionContext.java:458)
	at org.eclipse.m2e.core.internal.embedder.MavenExecutionContext.execute(MavenExecutionContext.java:339)
	at org.eclipse.m2e.core.internal.embedder.MavenExecutionContext.execute(MavenExecutionContext.java:278)
	at org.eclipse.m2e.mavenarchiver.internal.AbstractMavenArchiverConfigurator.generateManifest(AbstractMavenArchiverConfigurator.java:371)
	at org.eclipse.m2e.mavenarchiver.internal.AbstractMavenArchiverConfigurator.mavenProjectChanged(AbstractMavenArchiverConfigurator.java:228)
	at org.eclipse.m2e.mavenarchiver.internal.AbstractMavenArchiverConfigurator.mavenProjectChanged(AbstractMavenArchiverConfigurator.java:220)
	at org.eclipse.m2e.core.internal.project.ProjectConfigurationManager.mavenProjectChanged(ProjectConfigurationManager.java:885)
	at org.eclipse.m2e.core.internal.project.registry.ProjectRegistryManager.notifyProjectChangeListeners(ProjectRegistryManager.java:892)
	at org.eclipse.m2e.core.internal.project.registry.ProjectRegistryManager.applyMutableProjectRegistry(ProjectRegistryManager.java:1042)
	at org.eclipse.m2e.core.internal.project.registry.ProjectRegistryManager.refresh(ProjectRegistryManager.java:324)
	at org.eclipse.m2e.core.internal.project.ProjectConfigurationManager.configureNewMavenProjects(ProjectConfigurationManager.java:256)
	at org.eclipse.m2e.core.internal.project.ProjectConfigurationManager.lambda$1(ProjectConfigurationManager.java:166)
	at org.eclipse.m2e.core.internal.embedder.MavenExecutionContext.executeBare(MavenExecutionContext.java:458)
	at org.eclipse.m2e.core.internal.embedder.MavenExecutionContext.execute(MavenExecutionContext.java:339)
	at org.eclipse.m2e.core.internal.embedder.MavenExecutionContext.execute(MavenExecutionContext.java:278)
	at org.eclipse.m2e.core.internal.project.ProjectConfigurationManager.importProjects(ProjectConfigurationManager.java:139)
	at org.eclipse.m2e.core.internal.project.ProjectConfigurationManager.importProjects(ProjectConfigurationManager.java:130)
	at org.springframework.ide.eclipse.boot.wizard.importing.MavenStrategy.createEclipseProjectFromExistingMavenProject(MavenStrategy.java:134)
	at org.springframework.ide.eclipse.boot.wizard.importing.MavenStrategy$MavenCodeSetImport.run(MavenStrategy.java:85)
	at org.springframework.ide.eclipse.boot.wizard.importing.MavenStrategy$MavenCodeSetImport.run(MavenStrategy.java:1)
	at org.springframework.ide.eclipse.boot.wizard.NewSpringBootWizardModel.importProject(NewSpringBootWizardModel.java:343)
	at org.springframework.ide.eclipse.boot.wizard.NewSpringBootWizardModel.performFinish(NewSpringBootWizardModel.java:322)
	at org.springframework.ide.eclipse.boot.wizard.NewSpringBootWizard$1.runInWorkspace(NewSpringBootWizard.java:239)
	at org.eclipse.core.internal.resources.InternalWorkspaceJob.run(InternalWorkspaceJob.java:43)
	at org.eclipse.core.internal.jobs.Worker.run(Worker.java:63)
Caused by: com.google.inject.OutOfScopeException: Cannot access Key[type=org.apache.maven.project.MavenProject, annotation=[none]] outside of a scoping block
	at org.apache.maven.execution.scope.internal.MojoExecutionScope$2.get(MojoExecutionScope.java:99)
	at com.google.inject.internal.InternalFactoryToProviderAdapter.get(InternalFactoryToProviderAdapter.java:45)
	at com.google.inject.internal.SingleParameterInjector.inject(SingleParameterInjector.java:40)
	at com.google.inject.internal.SingleParameterInjector.getAll(SingleParameterInjector.java:60)
	at com.google.inject.internal.ConstructorInjector.provision(ConstructorInjector.java:113)
	at com.google.inject.internal.ConstructorInjector.access$000(ConstructorInjector.java:33)
	at com.google.inject.internal.ConstructorInjector$1.call(ConstructorInjector.java:98)
	at com.google.inject.internal.ProvisionListenerStackCallback$Provision.provision(ProvisionListenerStackCallback.java:109)
	at com.google.inject.internal.ProvisionListenerStackCallback$Provision.provision(ProvisionListenerStackCallback.java:124)
	at com.google.inject.internal.ProvisionListenerStackCallback.provision(ProvisionListenerStackCallback.java:66)
	at com.google.inject.internal.ConstructorInjector.construct(ConstructorInjector.java:93)
	at com.google.inject.internal.ConstructorBindingImpl$Factory.get(ConstructorBindingImpl.java:300)
	at com.google.inject.internal.InjectorImpl$1.get(InjectorImpl.java:1101)
	... 45 common frames omitted
2026-09-13 16:52:36,618 [Worker-23: Import Getting Started Content] INFO  o.e.m.j.i.AbstractJavaProjectConfigurator - Adding source folder /user-service/src/main/java
2026-09-13 16:52:36,620 [Worker-23: Import Getting Started Content] INFO  o.e.m.j.i.AbstractJavaProjectConfigurator - Adding resource folder /user-service/src/main/resources
2026-09-13 16:52:36,631 [Worker-23: Import Getting Started Content] INFO  o.e.m.j.i.AbstractJavaProjectConfigurator - Adding resource folder /user-service/src/main/resources
2026-09-13 16:52:36,646 [Worker-23: Import Getting Started Content] INFO  o.e.m.j.i.AbstractJavaProjectConfigurator - Adding source folder /user-service/src/test/java
2026-09-13 16:52:36,648 [Worker-23: Import Getting Started Content] INFO  o.e.m.j.i.AbstractJavaProjectConfigurator - Adding resource folder /user-service/src/test/resources
2026-09-13 16:52:36,689 [Worker-26: Download sources and javadoc] INFO  o.e.m.c.i.e.AbstractTransferListenerAdapter - Downloading https://repo.maven.apache.org/maven2/org/springframework/boot/spring-boot-starter-data-jpa/4.1.1/spring-boot-starter-data-jpa-4.1.1-sources.jar
2026-09-13 16:52:36,708 [Worker-26: Download sources and javadoc] INFO  o.e.m.c.i.e.AbstractTransferListenerAdapter - Downloaded https://repo.maven.apache.org/maven2/org/springframework/boot/spring-boot-starter-data-jpa/4.1.1/spring-boot-starter-data-jpa-4.1.1-sources.jar
2026-09-13 16:52:36,721 [Worker-26: Download sources and javadoc] INFO  o.e.m.j.internal.DownloadSourcesJob - Downloaded sources for org.springframework.boot:spring-boot-starter-data-jpa:4.1.1
2026-09-13 16:52:36,837 [Worker-26: Download sources and javadoc] INFO  o.e.m.c.i.e.AbstractTransferListenerAdapter - Downloading https://repo.maven.apache.org/maven2/org/springframework/boot/spring-boot-starter-jdbc/4.1.1/spring-boot-starter-jdbc-4.1.1-sources.jar
2026-09-13 16:52:36,857 [Worker-26: Download sources and javadoc] INFO  o.e.m.c.i.e.AbstractTransferListenerAdapter - Downloaded https://repo.maven.apache.org/maven2/org/springframework/boot/spring-boot-starter-jdbc/4.1.1/spring-boot-starter-jdbc-4.1.1-sources.jar
2026-09-13 16:52:36,875 [Worker-26: Download sources and javadoc] INFO  o.e.m.j.internal.DownloadSourcesJob - Downloaded sources for org.springframework.boot:spring-boot-starter-jdbc:4.1.1
2026-09-13 16:52:36,966 [Worker-26: Download sources and javadoc] INFO  o.e.m.c.i.e.AbstractTransferListenerAdapter - Downloading https://repo.maven.apache.org/maven2/org/springframework/boot/spring-boot-data-jpa/4.1.1/spring-boot-data-jpa-4.1.1-sources.jar
2026-09-13 16:52:36,992 [Worker-26: Download sources and javadoc] INFO  o.e.m.c.i.e.AbstractTransferListenerAdapter - Downloaded https://repo.maven.apache.org/maven2/org/springframework/boot/spring-boot-data-jpa/4.1.1/spring-boot-data-jpa-4.1.1-sources.jar
2026-09-13 16:52:37,005 [Worker-26: Download sources and javadoc] INFO  o.e.m.j.internal.DownloadSourcesJob - Downloaded sources for org.springframework.boot:spring-boot-data-jpa:4.1.1
2026-09-13 16:52:37,134 [Worker-26: Download sources and javadoc] INFO  o.e.m.c.i.e.AbstractTransferListenerAdapter - Downloading https://repo.maven.apache.org/maven2/org/springframework/boot/spring-boot-data-commons/4.1.1/spring-boot-data-commons-4.1.1-sources.jar
2026-09-13 16:52:37,185 [Worker-26: Download sources and javadoc] INFO  o.e.m.c.i.e.AbstractTransferListenerAdapter - Downloaded https://repo.maven.apache.org/maven2/org/springframework/boot/spring-boot-data-commons/4.1.1/spring-boot-data-commons-4.1.1-sources.jar
2026-09-13 16:52:37,199 [Worker-26: Download sources and javadoc] INFO  o.e.m.j.internal.DownloadSourcesJob - Downloaded sources for org.springframework.boot:spring-boot-data-commons:4.1.1
2026-09-13 16:52:37,342 [Worker-26: Download sources and javadoc] INFO  o.e.m.c.i.e.AbstractTransferListenerAdapter - Downloading https://repo.maven.apache.org/maven2/org/springframework/boot/spring-boot-persistence/4.1.1/spring-boot-persistence-4.1.1-sources.jar
2026-09-13 16:52:37,375 [Worker-26: Download sources and javadoc] INFO  o.e.m.c.i.e.AbstractTransferListenerAdapter - Downloaded https://repo.maven.apache.org/maven2/org/springframework/boot/spring-boot-persistence/4.1.1/spring-boot-persistence-4.1.1-sources.jar
2026-09-13 16:52:37,389 [Worker-26: Download sources and javadoc] INFO  o.e.m.j.internal.DownloadSourcesJob - Downloaded sources for org.springframework.boot:spring-boot-persistence:4.1.1
2026-09-13 16:52:37,603 [Worker-26: Download sources and javadoc] INFO  o.e.m.c.i.e.AbstractTransferListenerAdapter - Downloading https://repo.maven.apache.org/maven2/org/springframework/data/spring-data-commons/4.1.1/spring-data-commons-4.1.1-sources.jar
2026-09-13 16:52:37,801 [Worker-26: Download sources and javadoc] INFO  o.e.m.c.i.e.AbstractTransferListenerAdapter - Downloaded https://repo.maven.apache.org/maven2/org/springframework/data/spring-data-commons/4.1.1/spring-data-commons-4.1.1-sources.jar
2026-09-13 16:52:37,817 [Worker-26: Download sources and javadoc] INFO  o.e.m.j.internal.DownloadSourcesJob - Downloaded sources for org.springframework.data:spring-data-commons:4.1.1
2026-09-13 16:52:38,033 [Worker-26: Download sources and javadoc] INFO  o.e.m.c.i.e.AbstractTransferListenerAdapter - Downloading https://repo.maven.apache.org/maven2/org/springframework/boot/spring-boot-hibernate/4.1.1/spring-boot-hibernate-4.1.1-sources.jar
2026-09-13 16:52:38,075 [Worker-26: Download sources and javadoc] INFO  o.e.m.c.i.e.AbstractTransferListenerAdapter - Downloaded https://repo.maven.apache.org/maven2/org/springframework/boot/spring-boot-hibernate/4.1.1/spring-boot-hibernate-4.1.1-sources.jar
2026-09-13 16:52:38,088 [Worker-26: Download sources and javadoc] INFO  o.e.m.j.internal.DownloadSourcesJob - Downloaded sources for org.springframework.boot:spring-boot-hibernate:4.1.1
2026-09-13 16:52:38,260 [Worker-26: Download sources and javadoc] INFO  o.e.m.c.i.e.AbstractTransferListenerAdapter - Downloading https://repo.maven.apache.org/maven2/org/springframework/boot/spring-boot-jpa/4.1.1/spring-boot-jpa-4.1.1-sources.jar
2026-09-13 16:52:38,333 [Worker-26: Download sources and javadoc] INFO  o.e.m.c.i.e.AbstractTransferListenerAdapter - Downloaded https://repo.maven.apache.org/maven2/org/springframework/boot/spring-boot-jpa/4.1.1/spring-boot-jpa-4.1.1-sources.jar
2026-09-13 16:52:38,348 [Worker-26: Download sources and javadoc] INFO  o.e.m.j.internal.DownloadSourcesJob - Downloaded sources for org.springframework.boot:spring-boot-jpa:4.1.1
2026-09-13 16:52:38,487 [Worker-26: Download sources and javadoc] INFO  o.e.m.c.i.e.AbstractTransferListenerAdapter - Downloading https://repo.maven.apache.org/maven2/org/hibernate/orm/hibernate-core/7.4.5.Final/hibernate-core-7.4.5.Final-sources.jar
2026-09-13 16:52:38,756 [Worker-23: Import Getting Started Content] INFO  o.e.m.c.i.p.ProjectConfigurationManager - Imported and configured 1 project(s) in 14 sec
2026-09-13 16:52:38,759 [Worker-23: Import Getting Started Content] INFO  o.e.m.c.i.p.ProjectConfigurationManager - Update started
2026-09-13 16:52:39,267 [Worker-26: Download sources and javadoc] INFO  o.e.m.c.i.e.AbstractTransferListenerAdapter - Downloaded https://repo.maven.apache.org/maven2/org/hibernate/orm/hibernate-core/7.4.5.Final/hibernate-core-7.4.5.Final-sources.jar
2026-09-13 16:52:39,281 [Worker-26: Download sources and javadoc] INFO  o.e.m.j.internal.DownloadSourcesJob - Downloaded sources for org.hibernate.orm:hibernate-core:7.4.5.Final
2026-09-13 16:52:42,705 [Worker-26: Download sources and javadoc] INFO  o.e.m.c.i.e.AbstractTransferListenerAdapter - Downloading https://repo.maven.apache.org/maven2/org/hibernate/models/hibernate-models/1.1.1/hibernate-models-1.1.1-sources.jar
2026-09-13 16:52:42,727 [Worker-23: Import Getting Started Content] INFO  o.e.m.c.i.l.LifecycleMappingFactory - Using org.eclipse.m2e.jdt.JarLifecycleMapping lifecycle mapping for MavenProject: com.flightmanagement:user-service:0.0.1-SNAPSHOT @ C:\Users\LMANTHIN\OneDrive - Capgemini\botp\FlightManagementSystem\user-service\pom.xml.
2026-09-13 16:52:42,804 [Worker-26: Download sources and javadoc] INFO  o.e.m.c.i.e.AbstractTransferListenerAdapter - Downloaded https://repo.maven.apache.org/maven2/org/hibernate/models/hibernate-models/1.1.1/hibernate-models-1.1.1-sources.jar
2026-09-13 16:52:42,818 [Worker-26: Download sources and javadoc] INFO  o.e.m.j.internal.DownloadSourcesJob - Downloaded sources for org.hibernate.models:hibernate-models:1.1.1
2026-09-13 16:52:42,947 [Worker-26: Download sources and javadoc] INFO  o.e.m.c.i.e.AbstractTransferListenerAdapter - Downloading https://repo.maven.apache.org/maven2/org/springframework/spring-orm/7.0.9/spring-orm-7.0.9-sources.jar
2026-09-13 16:52:43,074 [Worker-26: Download sources and javadoc] INFO  o.e.m.c.i.e.AbstractTransferListenerAdapter - Downloaded https://repo.maven.apache.org/maven2/org/springframework/spring-orm/7.0.9/spring-orm-7.0.9-sources.jar
2026-09-13 16:52:43,087 [Worker-26: Download sources and javadoc] INFO  o.e.m.j.internal.DownloadSourcesJob - Downloaded sources for org.springframework:spring-orm:7.0.9
2026-09-13 16:52:43,196 [Worker-26: Download sources and javadoc] INFO  o.e.m.c.i.e.AbstractTransferListenerAdapter - Downloading https://repo.maven.apache.org/maven2/org/springframework/data/spring-data-jpa/4.1.1/spring-data-jpa-4.1.1-sources.jar
2026-09-13 16:52:43,456 [Worker-26: Download sources and javadoc] INFO  o.e.m.c.i.e.AbstractTransferListenerAdapter - Downloaded https://repo.maven.apache.org/maven2/org/springframework/data/spring-data-jpa/4.1.1/spring-data-jpa-4.1.1-sources.jar
2026-09-13 16:52:43,470 [Worker-26: Download sources and javadoc] INFO  o.e.m.j.internal.DownloadSourcesJob - Downloaded sources for org.springframework.data:spring-data-jpa:4.1.1
2026-09-13 16:52:43,583 [Worker-26: Download sources and javadoc] INFO  o.e.m.c.i.e.AbstractTransferListenerAdapter - Downloading https://repo.maven.apache.org/maven2/org/springframework/spring-tx/7.0.9/spring-tx-7.0.9-sources.jar
2026-09-13 16:52:43,706 [Worker-26: Download sources and javadoc] INFO  o.e.m.c.i.e.AbstractTransferListenerAdapter - Downloaded https://repo.maven.apache.org/maven2/org/springframework/spring-tx/7.0.9/spring-tx-7.0.9-sources.jar
2026-09-13 16:52:43,720 [Worker-26: Download sources and javadoc] INFO  o.e.m.j.internal.DownloadSourcesJob - Downloaded sources for org.springframework:spring-tx:7.0.9
2026-09-13 16:52:43,830 [Worker-26: Download sources and javadoc] INFO  o.e.m.c.i.e.AbstractTransferListenerAdapter - Downloading https://repo.maven.apache.org/maven2/org/springframework/spring-aspects/7.0.9/spring-aspects-7.0.9-sources.jar
2026-09-13 16:52:43,906 [Worker-26: Download sources and javadoc] INFO  o.e.m.c.i.e.AbstractTransferListenerAdapter - Downloaded https://repo.maven.apache.org/maven2/org/springframework/spring-aspects/7.0.9/spring-aspects-7.0.9-sources.jar
2026-09-13 16:52:43,919 [Worker-26: Download sources and javadoc] INFO  o.e.m.j.internal.DownloadSourcesJob - Downloaded sources for org.springframework:spring-aspects:7.0.9
2026-09-13 16:52:44,058 [Worker-26: Download sources and javadoc] INFO  o.e.m.c.i.e.AbstractTransferListenerAdapter - Downloading https://repo.maven.apache.org/maven2/org/aspectj/aspectjweaver/1.9.25.1/aspectjweaver-1.9.25.1-sources.jar
2026-09-13 16:52:44,410 [Worker-26: Download sources and javadoc] INFO  o.e.m.c.i.e.AbstractTransferListenerAdapter - Downloaded https://repo.maven.apache.org/maven2/org/aspectj/aspectjweaver/1.9.25.1/aspectjweaver-1.9.25.1-sources.jar
2026-09-13 16:52:44,424 [Worker-26: Download sources and javadoc] INFO  o.e.m.j.internal.DownloadSourcesJob - Downloaded sources for org.aspectj:aspectjweaver:1.9.25.1
2026-09-13 16:52:44,562 [Worker-26: Download sources and javadoc] INFO  o.e.m.c.i.e.AbstractTransferListenerAdapter - Downloading https://repo.maven.apache.org/maven2/org/springframework/boot/spring-boot-jdbc/4.1.1/spring-boot-jdbc-4.1.1-sources.jar
2026-09-13 16:52:44,668 [Worker-26: Download sources and javadoc] INFO  o.e.m.c.i.e.AbstractTransferListenerAdapter - Downloaded https://repo.maven.apache.org/maven2/org/springframework/boot/spring-boot-jdbc/4.1.1/spring-boot-jdbc-4.1.1-sources.jar
2026-09-13 16:52:44,681 [Worker-26: Download sources and javadoc] INFO  o.e.m.j.internal.DownloadSourcesJob - Downloaded sources for org.springframework.boot:spring-boot-jdbc:4.1.1
2026-09-13 16:52:44,806 [Worker-26: Download sources and javadoc] INFO  o.e.m.c.i.e.AbstractTransferListenerAdapter - Downloading https://repo.maven.apache.org/maven2/org/springframework/boot/spring-boot-sql/4.1.1/spring-boot-sql-4.1.1-sources.jar
2026-09-13 16:52:44,877 [Worker-26: Download sources and javadoc] INFO  o.e.m.c.i.e.AbstractTransferListenerAdapter - Downloaded https://repo.maven.apache.org/maven2/org/springframework/boot/spring-boot-sql/4.1.1/spring-boot-sql-4.1.1-sources.jar
2026-09-13 16:52:44,891 [Worker-26: Download sources and javadoc] INFO  o.e.m.j.internal.DownloadSourcesJob - Downloaded sources for org.springframework.boot:spring-boot-sql:4.1.1
2026-09-13 16:52:44,995 [Worker-26: Download sources and javadoc] INFO  o.e.m.c.i.e.AbstractTransferListenerAdapter - Downloading https://repo.maven.apache.org/maven2/org/springframework/boot/spring-boot-transaction/4.1.1/spring-boot-transaction-4.1.1-sources.jar
2026-09-13 16:52:45,059 [Worker-26: Download sources and javadoc] INFO  o.e.m.c.i.e.AbstractTransferListenerAdapter - Downloaded https://repo.maven.apache.org/maven2/org/springframework/boot/spring-boot-transaction/4.1.1/spring-boot-transaction-4.1.1-sources.jar
2026-09-13 16:52:45,073 [Worker-26: Download sources and javadoc] INFO  o.e.m.j.internal.DownloadSourcesJob - Downloaded sources for org.springframework.boot:spring-boot-transaction:4.1.1
2026-09-13 16:52:45,103 [Worker-23: Import Getting Started Content] WARN  Sisu - Error injecting: org.apache.maven.plugins.jar.JarMojo
com.google.inject.ProvisionException: Unable to provision, see the following errors:

1) [Guice/ErrorInCustomProvider]: OutOfScopeException: Cannot access Key[type=MavenProject, annotation=[none]] outside of a scoping block
  at MojoExecutionScopeModule.configure(MojoExecutionScopeModule.java:47)
      \_ installed by: WireModule -> MojoExecutionScopeModule
  at JarMojo.<init>(JarMojo.java:72)
      \_ for 1st parameter
  while locating JarMojo

Learn more:
  https://github.com/google/guice/wiki/ERROR_IN_CUSTOM_PROVIDER

1 error

======================
Full classname legend:
======================
JarMojo:                  "org.apache.maven.plugins.jar.JarMojo"
MavenProject:             "org.apache.maven.project.MavenProject"
MojoExecutionScopeModule: "org.apache.maven.execution.scope.internal.MojoExecutionScopeModule"
OutOfScopeException:      "com.google.inject.OutOfScopeException"
WireModule:               "org.eclipse.sisu.wire.WireModule"
========================
End of classname legend:
========================

	at com.google.inject.internal.InternalProvisionException.toProvisionException(InternalProvisionException.java:251)
	at com.google.inject.internal.InjectorImpl$1.get(InjectorImpl.java:1104)
	at com.google.inject.internal.InjectorImpl.getInstance(InjectorImpl.java:1139)
	at org.eclipse.sisu.space.AbstractDeferredClass.get(AbstractDeferredClass.java:50)
	at com.google.inject.internal.ProviderInternalFactory.provision(ProviderInternalFactory.java:86)
	at com.google.inject.internal.InternalFactoryToInitializableAdapter.provision(InternalFactoryToInitializableAdapter.java:57)
	at com.google.inject.internal.ProviderInternalFactory$1.call(ProviderInternalFactory.java:67)
	at com.google.inject.internal.ProvisionListenerStackCallback$Provision.provision(ProvisionListenerStackCallback.java:109)
	at com.google.inject.internal.ProvisionListenerStackCallback$Provision.provision(ProvisionListenerStackCallback.java:124)
	at com.google.inject.internal.ProvisionListenerStackCallback.provision(ProvisionListenerStackCallback.java:66)
	at com.google.inject.internal.ProviderInternalFactory.circularGet(ProviderInternalFactory.java:62)
	at com.google.inject.internal.InternalFactoryToInitializableAdapter.get(InternalFactoryToInitializableAdapter.java:47)
	at com.google.inject.internal.InjectorImpl$1.get(InjectorImpl.java:1101)
	at org.eclipse.sisu.inject.Guice4$2.get(Guice4.java:235)
	at org.eclipse.sisu.inject.LazyBeanEntry.getValue(LazyBeanEntry.java:83)
	at org.eclipse.sisu.plexus.LazyPlexusBean.getValue(LazyPlexusBean.java:53)
	at org.codehaus.plexus.DefaultPlexusContainer.lookup(DefaultPlexusContainer.java:265)
	at org.codehaus.plexus.DefaultPlexusContainer.lookup(DefaultPlexusContainer.java:257)
	at org.apache.maven.plugin.internal.DefaultMavenPluginManager.getConfiguredMojo(DefaultMavenPluginManager.java:491)
	at org.eclipse.m2e.core.internal.embedder.MavenImpl.getConfiguredMojo(MavenImpl.java:206)
	at org.eclipse.m2e.mavenarchiver.internal.AbstractMavenArchiverConfigurator.reflectManifestGeneration(AbstractMavenArchiverConfigurator.java:439)
	at org.eclipse.m2e.mavenarchiver.internal.AbstractMavenArchiverConfigurator.lambda$3(AbstractMavenArchiverConfigurator.java:398)
	at org.eclipse.m2e.core.internal.embedder.MavenExecutionContext.executeBare(MavenExecutionContext.java:458)
	at org.eclipse.m2e.core.internal.embedder.MavenExecutionContext.execute(MavenExecutionContext.java:339)
	at org.eclipse.m2e.core.internal.embedder.MavenExecutionContext.execute(MavenExecutionContext.java:278)
	at org.eclipse.m2e.mavenarchiver.internal.AbstractMavenArchiverConfigurator.generateManifest(AbstractMavenArchiverConfigurator.java:371)
	at org.eclipse.m2e.mavenarchiver.internal.AbstractMavenArchiverConfigurator.mavenProjectChanged(AbstractMavenArchiverConfigurator.java:228)
	at org.eclipse.m2e.mavenarchiver.internal.AbstractMavenArchiverConfigurator.mavenProjectChanged(AbstractMavenArchiverConfigurator.java:220)
	at org.eclipse.m2e.core.internal.project.ProjectConfigurationManager.mavenProjectChanged(ProjectConfigurationManager.java:885)
	at org.eclipse.m2e.core.internal.project.registry.ProjectRegistryManager.notifyProjectChangeListeners(ProjectRegistryManager.java:892)
	at org.eclipse.m2e.core.internal.project.registry.ProjectRegistryManager.applyMutableProjectRegistry(ProjectRegistryManager.java:1042)
	at org.eclipse.m2e.core.internal.project.registry.ProjectRegistryManager.refresh(ProjectRegistryManager.java:324)
	at org.eclipse.m2e.core.internal.project.ProjectConfigurationManager.updateProjectConfiguration0(ProjectConfigurationManager.java:388)
	at org.eclipse.m2e.core.internal.project.ProjectConfigurationManager.lambda$3(ProjectConfigurationManager.java:340)
	at org.eclipse.m2e.core.internal.embedder.MavenExecutionContext.executeBare(MavenExecutionContext.java:458)
	at org.eclipse.m2e.core.internal.embedder.MavenExecutionContext.execute(MavenExecutionContext.java:339)
	at org.eclipse.m2e.core.internal.embedder.MavenExecutionContext.execute(MavenExecutionContext.java:278)
	at org.eclipse.m2e.core.internal.embedder.MavenImpl.execute(MavenImpl.java:1053)
	at org.eclipse.m2e.core.internal.project.ProjectConfigurationManager.updateProjectConfiguration(ProjectConfigurationManager.java:339)
	at org.eclipse.m2e.core.internal.project.ProjectConfigurationManager.updateProjectConfiguration(ProjectConfigurationManager.java:326)
	at org.eclipse.m2e.core.internal.project.ProjectConfigurationManager.updateProjectConfiguration(ProjectConfigurationManager.java:308)
	at org.eclipse.m2e.core.internal.project.ProjectConfigurationManager.updateProjectConfiguration(ProjectConfigurationManager.java:296)
	at org.springframework.ide.eclipse.boot.wizard.importing.MavenStrategy.createEclipseProjectFromExistingMavenProject(MavenStrategy.java:139)
	at org.springframework.ide.eclipse.boot.wizard.importing.MavenStrategy$MavenCodeSetImport.run(MavenStrategy.java:85)
	at org.springframework.ide.eclipse.boot.wizard.importing.MavenStrategy$MavenCodeSetImport.run(MavenStrategy.java:1)
	at org.springframework.ide.eclipse.boot.wizard.NewSpringBootWizardModel.importProject(NewSpringBootWizardModel.java:343)
	at org.springframework.ide.eclipse.boot.wizard.NewSpringBootWizardModel.performFinish(NewSpringBootWizardModel.java:322)
	at org.springframework.ide.eclipse.boot.wizard.NewSpringBootWizard$1.runInWorkspace(NewSpringBootWizard.java:239)
	at org.eclipse.core.internal.resources.InternalWorkspaceJob.run(InternalWorkspaceJob.java:43)
	at org.eclipse.core.internal.jobs.Worker.run(Worker.java:63)
Caused by: com.google.inject.OutOfScopeException: Cannot access Key[type=org.apache.maven.project.MavenProject, annotation=[none]] outside of a scoping block
	at org.apache.maven.execution.scope.internal.MojoExecutionScope$2.get(MojoExecutionScope.java:99)
	at com.google.inject.internal.InternalFactoryToProviderAdapter.get(InternalFactoryToProviderAdapter.java:45)
	at com.google.inject.internal.SingleParameterInjector.inject(SingleParameterInjector.java:40)
	at com.google.inject.internal.SingleParameterInjector.getAll(SingleParameterInjector.java:60)
	at com.google.inject.internal.ConstructorInjector.provision(ConstructorInjector.java:113)
	at com.google.inject.internal.ConstructorInjector.access$000(ConstructorInjector.java:33)
	at com.google.inject.internal.ConstructorInjector$1.call(ConstructorInjector.java:98)
	at com.google.inject.internal.ProvisionListenerStackCallback$Provision.provision(ProvisionListenerStackCallback.java:109)
	at com.google.inject.internal.ProvisionListenerStackCallback$Provision.provision(ProvisionListenerStackCallback.java:124)
	at com.google.inject.internal.ProvisionListenerStackCallback.provision(ProvisionListenerStackCallback.java:66)
	at com.google.inject.internal.ConstructorInjector.construct(ConstructorInjector.java:93)
	at com.google.inject.internal.ConstructorBindingImpl$Factory.get(ConstructorBindingImpl.java:300)
	at com.google.inject.internal.InjectorImpl$1.get(InjectorImpl.java:1101)
	... 48 common frames omitted
2026-09-13 16:52:45,192 [Worker-26: Download sources and javadoc] INFO  o.e.m.c.i.e.AbstractTransferListenerAdapter - Downloading https://repo.maven.apache.org/maven2/org/springframework/spring-jdbc/7.0.9/spring-jdbc-7.0.9-sources.jar
2026-09-13 16:52:45,369 [Worker-26: Download sources and javadoc] INFO  o.e.m.c.i.e.AbstractTransferListenerAdapter - Downloaded https://repo.maven.apache.org/maven2/org/springframework/spring-jdbc/7.0.9/spring-jdbc-7.0.9-sources.jar
2026-09-13 16:52:45,382 [Worker-26: Download sources and javadoc] INFO  o.e.m.j.internal.DownloadSourcesJob - Downloaded sources for org.springframework:spring-jdbc:7.0.9
2026-09-13 16:52:45,509 [Worker-26: Download sources and javadoc] INFO  o.e.m.c.i.e.AbstractTransferListenerAdapter - Downloading https://repo.maven.apache.org/maven2/org/springframework/boot/spring-boot-starter-security/4.1.1/spring-boot-starter-security-4.1.1-sources.jar
2026-09-13 16:52:45,529 [Worker-26: Download sources and javadoc] INFO  o.e.m.c.i.e.AbstractTransferListenerAdapter - Downloaded https://repo.maven.apache.org/maven2/org/springframework/boot/spring-boot-starter-security/4.1.1/spring-boot-starter-security-4.1.1-sources.jar
2026-09-13 16:52:45,544 [Worker-26: Download sources and javadoc] INFO  o.e.m.j.internal.DownloadSourcesJob - Downloaded sources for org.springframework.boot:spring-boot-starter-security:4.1.1
2026-09-13 16:52:45,668 [Worker-26: Download sources and javadoc] INFO  o.e.m.c.i.e.AbstractTransferListenerAdapter - Downloading https://repo.maven.apache.org/maven2/org/springframework/boot/spring-boot-security/4.1.1/spring-boot-security-4.1.1-sources.jar
2026-09-13 16:52:45,731 [Worker-26: Download sources and javadoc] INFO  o.e.m.c.i.e.AbstractTransferListenerAdapter - Downloaded https://repo.maven.apache.org/maven2/org/springframework/boot/spring-boot-security/4.1.1/spring-boot-security-4.1.1-sources.jar
2026-09-13 16:52:45,744 [Worker-26: Download sources and javadoc] INFO  o.e.m.j.internal.DownloadSourcesJob - Downloaded sources for org.springframework.boot:spring-boot-security:4.1.1
2026-09-13 16:52:45,862 [Worker-26: Download sources and javadoc] INFO  o.e.m.c.i.e.AbstractTransferListenerAdapter - Downloading https://repo.maven.apache.org/maven2/org/springframework/security/spring-security-config/7.1.1/spring-security-config-7.1.1-sources.jar
2026-09-13 16:52:46,130 [Worker-26: Download sources and javadoc] INFO  o.e.m.c.i.e.AbstractTransferListenerAdapter - Downloaded https://repo.maven.apache.org/maven2/org/springframework/security/spring-security-config/7.1.1/spring-security-config-7.1.1-sources.jar
2026-09-13 16:52:46,145 [Worker-26: Download sources and javadoc] INFO  o.e.m.j.internal.DownloadSourcesJob - Downloaded sources for org.springframework.security:spring-security-config:7.1.1
2026-09-13 16:52:46,288 [Worker-26: Download sources and javadoc] INFO  o.e.m.c.i.e.AbstractTransferListenerAdapter - Downloading https://repo.maven.apache.org/maven2/org/springframework/security/spring-security-core/7.1.1/spring-security-core-7.1.1-sources.jar
2026-09-13 16:52:46,447 [Worker-26: Download sources and javadoc] INFO  o.e.m.c.i.e.AbstractTransferListenerAdapter - Downloaded https://repo.maven.apache.org/maven2/org/springframework/security/spring-security-core/7.1.1/spring-security-core-7.1.1-sources.jar
2026-09-13 16:52:46,462 [Worker-26: Download sources and javadoc] INFO  o.e.m.j.internal.DownloadSourcesJob - Downloaded sources for org.springframework.security:spring-security-core:7.1.1
2026-09-13 16:52:46,567 [Worker-26: Download sources and javadoc] INFO  o.e.m.c.i.e.AbstractTransferListenerAdapter - Downloading https://repo.maven.apache.org/maven2/org/springframework/security/spring-security-web/7.1.1/spring-security-web-7.1.1-sources.jar
2026-09-13 16:52:46,616 [Worker-23: Import Getting Started Content] INFO  o.e.m.j.i.AbstractJavaProjectConfigurator - Adding source folder /user-service/src/main/java
2026-09-13 16:52:46,618 [Worker-23: Import Getting Started Content] INFO  o.e.m.j.i.AbstractJavaProjectConfigurator - Adding resource folder /user-service/src/main/resources
2026-09-13 16:52:46,621 [Worker-23: Import Getting Started Content] INFO  o.e.m.j.i.AbstractJavaProjectConfigurator - Adding resource folder /user-service/src/main/resources
2026-09-13 16:52:46,621 [Worker-23: Import Getting Started Content] INFO  o.e.m.j.i.AbstractJavaProjectConfigurator - Adding source folder /user-service/src/test/java
2026-09-13 16:52:46,624 [Worker-23: Import Getting Started Content] INFO  o.e.m.j.i.AbstractJavaProjectConfigurator - Adding resource folder /user-service/src/test/resources
2026-09-13 16:52:46,720 [Worker-26: Download sources and javadoc] INFO  o.e.m.c.i.e.AbstractTransferListenerAdapter - Downloaded https://repo.maven.apache.org/maven2/org/springframework/security/spring-security-web/7.1.1/spring-security-web-7.1.1-sources.jar
2026-09-13 16:52:46,734 [Worker-26: Download sources and javadoc] INFO  o.e.m.j.internal.DownloadSourcesJob - Downloaded sources for org.springframework.security:spring-security-web:7.1.1
2026-09-13 16:52:46,957 [Worker-26: Download sources and javadoc] INFO  o.e.m.c.i.e.AbstractTransferListenerAdapter - Downloading https://repo.maven.apache.org/maven2/org/springframework/boot/spring-boot-starter-validation/4.1.1/spring-boot-starter-validation-4.1.1-sources.jar
2026-09-13 16:52:46,976 [Worker-26: Download sources and javadoc] INFO  o.e.m.c.i.e.AbstractTransferListenerAdapter - Downloaded https://repo.maven.apache.org/maven2/org/springframework/boot/spring-boot-starter-validation/4.1.1/spring-boot-starter-validation-4.1.1-sources.jar
2026-09-13 16:52:46,990 [Worker-26: Download sources and javadoc] INFO  o.e.m.j.internal.DownloadSourcesJob - Downloaded sources for org.springframework.boot:spring-boot-starter-validation:4.1.1
2026-09-13 16:52:47,104 [Worker-26: Download sources and javadoc] INFO  o.e.m.c.i.e.AbstractTransferListenerAdapter - Downloading https://repo.maven.apache.org/maven2/org/springframework/boot/spring-boot-validation/4.1.1/spring-boot-validation-4.1.1-sources.jar
2026-09-13 16:52:47,128 [Worker-26: Download sources and javadoc] INFO  o.e.m.c.i.e.AbstractTransferListenerAdapter - Downloaded https://repo.maven.apache.org/maven2/org/springframework/boot/spring-boot-validation/4.1.1/spring-boot-validation-4.1.1-sources.jar
2026-09-13 16:52:47,139 [Worker-26: Download sources and javadoc] INFO  o.e.m.j.internal.DownloadSourcesJob - Downloaded sources for org.springframework.boot:spring-boot-validation:4.1.1
2026-09-13 16:52:47,229 [Worker-26: Download sources and javadoc] INFO  o.e.m.c.i.e.AbstractTransferListenerAdapter - Downloading https://repo.maven.apache.org/maven2/org/hibernate/validator/hibernate-validator/9.1.3.Final/hibernate-validator-9.1.3.Final-sources.jar
2026-09-13 16:52:47,408 [Worker-26: Download sources and javadoc] INFO  o.e.m.c.i.e.AbstractTransferListenerAdapter - Downloaded https://repo.maven.apache.org/maven2/org/hibernate/validator/hibernate-validator/9.1.3.Final/hibernate-validator-9.1.3.Final-sources.jar
2026-09-13 16:52:47,421 [Worker-26: Download sources and javadoc] INFO  o.e.m.j.internal.DownloadSourcesJob - Downloaded sources for org.hibernate.validator:hibernate-validator:9.1.3.Final
2026-09-13 16:52:47,569 [Worker-26: Download sources and javadoc] INFO  o.e.m.c.i.e.AbstractTransferListenerAdapter - Downloading https://repo.maven.apache.org/maven2/org/jboss/logging/jboss-logging/3.6.3.Final/jboss-logging-3.6.3.Final-sources.jar
2026-09-13 16:52:47,618 [Worker-26: Download sources and javadoc] INFO  o.e.m.c.i.e.AbstractTransferListenerAdapter - Downloaded https://repo.maven.apache.org/maven2/org/jboss/logging/jboss-logging/3.6.3.Final/jboss-logging-3.6.3.Final-sources.jar
2026-09-13 16:52:47,632 [Worker-26: Download sources and javadoc] INFO  o.e.m.j.internal.DownloadSourcesJob - Downloaded sources for org.jboss.logging:jboss-logging:3.6.3.Final
2026-09-13 16:52:47,765 [Worker-26: Download sources and javadoc] INFO  o.e.m.c.i.e.AbstractTransferListenerAdapter - Downloading https://repo.maven.apache.org/maven2/com/fasterxml/classmate/1.7.3/classmate-1.7.3-sources.jar
2026-09-13 16:52:47,845 [Worker-26: Download sources and javadoc] INFO  o.e.m.c.i.e.AbstractTransferListenerAdapter - Downloaded https://repo.maven.apache.org/maven2/com/fasterxml/classmate/1.7.3/classmate-1.7.3-sources.jar
2026-09-13 16:52:47,857 [Worker-26: Download sources and javadoc] INFO  o.e.m.j.internal.DownloadSourcesJob - Downloaded sources for com.fasterxml:classmate:1.7.3
2026-09-13 16:52:47,990 [Worker-26: Download sources and javadoc] INFO  o.e.m.c.i.e.AbstractTransferListenerAdapter - Downloaded https://repo.maven.apache.org/maven2/org/springframework/cloud/spring-cloud-starter-netflix-eureka-client/5.0.2/spring-cloud-starter-netflix-eureka-client-5.0.2-javadoc.jar
2026-09-13 16:52:47,997 [Worker-26: Download sources and javadoc] ERROR o.e.m.j.internal.DownloadSourcesJob - Could not download javadoc for org.springframework.cloud:spring-cloud-starter-netflix-eureka-client:5.0.2
org.eclipse.core.runtime.CoreException: Could not resolve artifact org.springframework.cloud:spring-cloud-starter-netflix-eureka-client:jar:javadoc:5.0.2
	at org.eclipse.m2e.core.internal.embedder.MavenImpl.lambda$7(MavenImpl.java:540)
	at org.eclipse.m2e.core.internal.embedder.MavenExecutionContext.executeBare(MavenExecutionContext.java:458)
	at org.eclipse.m2e.core.internal.embedder.MavenExecutionContext.execute(MavenExecutionContext.java:292)
	at org.eclipse.m2e.core.internal.embedder.MavenExecutionContext.execute(MavenExecutionContext.java:278)
	at org.eclipse.m2e.core.internal.embedder.MavenImpl.resolve(MavenImpl.java:509)
	at org.eclipse.m2e.core.internal.embedder.MavenImpl.resolve(MavenImpl.java:494)
	at org.eclipse.m2e.jdt.internal.DownloadSourcesJob.download(DownloadSourcesJob.java:308)
	at org.eclipse.m2e.jdt.internal.DownloadSourcesJob.downloadAttachments(DownloadSourcesJob.java:294)
	at org.eclipse.m2e.jdt.internal.DownloadSourcesJob.downloadMaven(DownloadSourcesJob.java:252)
	at org.eclipse.m2e.jdt.internal.DownloadSourcesJob.downloadFilesAndPopulateToUpdate(DownloadSourcesJob.java:220)
	at org.eclipse.m2e.jdt.internal.DownloadSourcesJob.lambda$0(DownloadSourcesJob.java:149)
	at org.eclipse.m2e.core.internal.embedder.MavenExecutionContext.executeBare(MavenExecutionContext.java:458)
	at org.eclipse.m2e.core.internal.embedder.MavenExecutionContext.execute(MavenExecutionContext.java:339)
	at org.eclipse.m2e.core.internal.embedder.MavenExecutionContext.execute(MavenExecutionContext.java:278)
	at org.eclipse.m2e.core.embedder.IMaven.execute(IMaven.java:300)
	at org.eclipse.m2e.jdt.internal.DownloadSourcesJob.run(DownloadSourcesJob.java:149)
	at org.eclipse.core.internal.jobs.Worker.run(Worker.java:63)
2026-09-13 16:52:48,189 [Worker-26: Download sources and javadoc] INFO  o.e.m.c.i.e.AbstractTransferListenerAdapter - Downloaded https://repo.maven.apache.org/maven2/org/springframework/cloud/spring-cloud-starter/5.0.3/spring-cloud-starter-5.0.3-javadoc.jar
2026-09-13 16:52:48,197 [Worker-26: Download sources and javadoc] ERROR o.e.m.j.internal.DownloadSourcesJob - Could not download javadoc for org.springframework.cloud:spring-cloud-starter:5.0.3
org.eclipse.core.runtime.CoreException: Could not resolve artifact org.springframework.cloud:spring-cloud-starter:jar:javadoc:5.0.3
	at org.eclipse.m2e.core.internal.embedder.MavenImpl.lambda$7(MavenImpl.java:540)
	at org.eclipse.m2e.core.internal.embedder.MavenExecutionContext.executeBare(MavenExecutionContext.java:458)
	at org.eclipse.m2e.core.internal.embedder.MavenExecutionContext.execute(MavenExecutionContext.java:292)
	at org.eclipse.m2e.core.internal.embedder.MavenExecutionContext.execute(MavenExecutionContext.java:278)
	at org.eclipse.m2e.core.internal.embedder.MavenImpl.resolve(MavenImpl.java:509)
	at org.eclipse.m2e.core.internal.embedder.MavenImpl.resolve(MavenImpl.java:494)
	at org.eclipse.m2e.jdt.internal.DownloadSourcesJob.download(DownloadSourcesJob.java:308)
	at org.eclipse.m2e.jdt.internal.DownloadSourcesJob.downloadAttachments(DownloadSourcesJob.java:294)
	at org.eclipse.m2e.jdt.internal.DownloadSourcesJob.downloadMaven(DownloadSourcesJob.java:252)
	at org.eclipse.m2e.jdt.internal.DownloadSourcesJob.downloadFilesAndPopulateToUpdate(DownloadSourcesJob.java:220)
	at org.eclipse.m2e.jdt.internal.DownloadSourcesJob.lambda$0(DownloadSourcesJob.java:149)
	at org.eclipse.m2e.core.internal.embedder.MavenExecutionContext.executeBare(MavenExecutionContext.java:458)
	at org.eclipse.m2e.core.internal.embedder.MavenExecutionContext.execute(MavenExecutionContext.java:339)
	at org.eclipse.m2e.core.internal.embedder.MavenExecutionContext.execute(MavenExecutionContext.java:278)
	at org.eclipse.m2e.core.embedder.IMaven.execute(IMaven.java:300)
	at org.eclipse.m2e.jdt.internal.DownloadSourcesJob.run(DownloadSourcesJob.java:149)
	at org.eclipse.core.internal.jobs.Worker.run(Worker.java:63)
2026-09-13 16:52:48,345 [Worker-26: Download sources and javadoc] INFO  o.e.m.c.i.e.AbstractTransferListenerAdapter - Downloaded https://repo.maven.apache.org/maven2/org/springframework/cloud/spring-cloud-starter-loadbalancer/5.0.3/spring-cloud-starter-loadbalancer-5.0.3-javadoc.jar
2026-09-13 16:52:48,353 [Worker-26: Download sources and javadoc] ERROR o.e.m.j.internal.DownloadSourcesJob - Could not download javadoc for org.springframework.cloud:spring-cloud-starter-loadbalancer:5.0.3
org.eclipse.core.runtime.CoreException: Could not resolve artifact org.springframework.cloud:spring-cloud-starter-loadbalancer:jar:javadoc:5.0.3
	at org.eclipse.m2e.core.internal.embedder.MavenImpl.lambda$7(MavenImpl.java:540)
	at org.eclipse.m2e.core.internal.embedder.MavenExecutionContext.executeBare(MavenExecutionContext.java:458)
	at org.eclipse.m2e.core.internal.embedder.MavenExecutionContext.execute(MavenExecutionContext.java:292)
	at org.eclipse.m2e.core.internal.embedder.MavenExecutionContext.execute(MavenExecutionContext.java:278)
	at org.eclipse.m2e.core.internal.embedder.MavenImpl.resolve(MavenImpl.java:509)
	at org.eclipse.m2e.core.internal.embedder.MavenImpl.resolve(MavenImpl.java:494)
	at org.eclipse.m2e.jdt.internal.DownloadSourcesJob.download(DownloadSourcesJob.java:308)
	at org.eclipse.m2e.jdt.internal.DownloadSourcesJob.downloadAttachments(DownloadSourcesJob.java:294)
	at org.eclipse.m2e.jdt.internal.DownloadSourcesJob.downloadMaven(DownloadSourcesJob.java:252)
	at org.eclipse.m2e.jdt.internal.DownloadSourcesJob.downloadFilesAndPopulateToUpdate(DownloadSourcesJob.java:220)
	at org.eclipse.m2e.jdt.internal.DownloadSourcesJob.lambda$0(DownloadSourcesJob.java:149)
	at org.eclipse.m2e.core.internal.embedder.MavenExecutionContext.executeBare(MavenExecutionContext.java:458)
	at org.eclipse.m2e.core.internal.embedder.MavenExecutionContext.execute(MavenExecutionContext.java:339)
	at org.eclipse.m2e.core.internal.embedder.MavenExecutionContext.execute(MavenExecutionContext.java:278)
	at org.eclipse.m2e.core.embedder.IMaven.execute(IMaven.java:300)
	at org.eclipse.m2e.jdt.internal.DownloadSourcesJob.run(DownloadSourcesJob.java:149)
	at org.eclipse.core.internal.jobs.Worker.run(Worker.java:63)
2026-09-13 16:52:48,459 [Worker-26: Download sources and javadoc] INFO  o.e.m.c.i.e.AbstractTransferListenerAdapter - Downloaded https://repo.maven.apache.org/maven2/org/springframework/cloud/spring-cloud-starter-openfeign/5.0.3/spring-cloud-starter-openfeign-5.0.3-sources.jar
2026-09-13 16:52:48,468 [Worker-26: Download sources and javadoc] ERROR o.e.m.j.internal.DownloadSourcesJob - Could not download sources for org.springframework.cloud:spring-cloud-starter-openfeign:5.0.3
org.eclipse.core.runtime.CoreException: Could not resolve artifact org.springframework.cloud:spring-cloud-starter-openfeign:jar:sources:5.0.3
	at org.eclipse.m2e.core.internal.embedder.MavenImpl.lambda$7(MavenImpl.java:540)
	at org.eclipse.m2e.core.internal.embedder.MavenExecutionContext.executeBare(MavenExecutionContext.java:458)
	at org.eclipse.m2e.core.internal.embedder.MavenExecutionContext.execute(MavenExecutionContext.java:292)
	at org.eclipse.m2e.core.internal.embedder.MavenExecutionContext.execute(MavenExecutionContext.java:278)
	at org.eclipse.m2e.core.internal.embedder.MavenImpl.resolve(MavenImpl.java:509)
	at org.eclipse.m2e.core.internal.embedder.MavenImpl.resolve(MavenImpl.java:494)
	at org.eclipse.m2e.jdt.internal.DownloadSourcesJob.download(DownloadSourcesJob.java:308)
	at org.eclipse.m2e.jdt.internal.DownloadSourcesJob.downloadAttachments(DownloadSourcesJob.java:282)
	at org.eclipse.m2e.jdt.internal.DownloadSourcesJob.downloadMaven(DownloadSourcesJob.java:252)
	at org.eclipse.m2e.jdt.internal.DownloadSourcesJob.downloadFilesAndPopulateToUpdate(DownloadSourcesJob.java:220)
	at org.eclipse.m2e.jdt.internal.DownloadSourcesJob.lambda$0(DownloadSourcesJob.java:149)
	at org.eclipse.m2e.core.internal.embedder.MavenExecutionContext.executeBare(MavenExecutionContext.java:458)
	at org.eclipse.m2e.core.internal.embedder.MavenExecutionContext.execute(MavenExecutionContext.java:339)
	at org.eclipse.m2e.core.internal.embedder.MavenExecutionContext.execute(MavenExecutionContext.java:278)
	at org.eclipse.m2e.core.embedder.IMaven.execute(IMaven.java:300)
	at org.eclipse.m2e.jdt.internal.DownloadSourcesJob.run(DownloadSourcesJob.java:149)
	at org.eclipse.core.internal.jobs.Worker.run(Worker.java:63)
2026-09-13 16:52:48,559 [Worker-23: Import Getting Started Content] INFO  o.e.m.c.i.p.ProjectConfigurationManager - Update completed for 1 poms: local refresh takes 0.00 sec, refresh facades takes 7.00 sec, update config takes 1.00 sec 
2026-09-13 16:52:48,588 [Worker-26: Download sources and javadoc] INFO  o.e.m.c.i.e.AbstractTransferListenerAdapter - Downloading https://repo.maven.apache.org/maven2/org/springframework/cloud/spring-cloud-openfeign-core/5.0.3/spring-cloud-openfeign-core-5.0.3-sources.jar
2026-09-13 16:52:48,693 [Worker-26: Download sources and javadoc] INFO  o.e.m.c.i.e.AbstractTransferListenerAdapter - Downloaded https://repo.maven.apache.org/maven2/org/springframework/cloud/spring-cloud-openfeign-core/5.0.3/spring-cloud-openfeign-core-5.0.3-sources.jar
2026-09-13 16:52:48,708 [Worker-26: Download sources and javadoc] INFO  o.e.m.j.internal.DownloadSourcesJob - Downloaded sources for org.springframework.cloud:spring-cloud-openfeign-core:5.0.3
2026-09-13 16:52:48,829 [Worker-26: Download sources and javadoc] INFO  o.e.m.c.i.e.AbstractTransferListenerAdapter - Downloading https://repo.maven.apache.org/maven2/io/github/openfeign/feign-form-spring/13.6.1/feign-form-spring-13.6.1-sources.jar
2026-09-13 16:52:48,866 [Worker-26: Download sources and javadoc] INFO  o.e.m.c.i.e.AbstractTransferListenerAdapter - Downloaded https://repo.maven.apache.org/maven2/io/github/openfeign/feign-form-spring/13.6.1/feign-form-spring-13.6.1-sources.jar
2026-09-13 16:52:48,883 [Worker-26: Download sources and javadoc] INFO  o.e.m.j.internal.DownloadSourcesJob - Downloaded sources for io.github.openfeign:feign-form-spring:13.6.1
2026-09-13 16:52:48,999 [Worker-26: Download sources and javadoc] INFO  o.e.m.c.i.e.AbstractTransferListenerAdapter - Downloading https://repo.maven.apache.org/maven2/org/apache/commons/commons-lang3/3.20.0/commons-lang3-3.20.0-sources.jar
2026-09-13 16:52:49,188 [Worker-26: Download sources and javadoc] INFO  o.e.m.c.i.e.AbstractTransferListenerAdapter - Downloaded https://repo.maven.apache.org/maven2/org/apache/commons/commons-lang3/3.20.0/commons-lang3-3.20.0-sources.jar
2026-09-13 16:52:49,202 [Worker-26: Download sources and javadoc] INFO  o.e.m.j.internal.DownloadSourcesJob - Downloaded sources for org.apache.commons:commons-lang3:3.20.0
2026-09-13 16:52:49,298 [Worker-26: Download sources and javadoc] INFO  o.e.m.c.i.e.AbstractTransferListenerAdapter - Downloading https://repo.maven.apache.org/maven2/io/github/openfeign/feign-form/13.6.1/feign-form-13.6.1-sources.jar
2026-09-13 16:52:49,341 [Worker-26: Download sources and javadoc] INFO  o.e.m.c.i.e.AbstractTransferListenerAdapter - Downloaded https://repo.maven.apache.org/maven2/io/github/openfeign/feign-form/13.6.1/feign-form-13.6.1-sources.jar
2026-09-13 16:52:49,355 [Worker-26: Download sources and javadoc] INFO  o.e.m.j.internal.DownloadSourcesJob - Downloaded sources for io.github.openfeign:feign-form:13.6.1
2026-09-13 16:52:49,465 [Worker-26: Download sources and javadoc] INFO  o.e.m.c.i.e.AbstractTransferListenerAdapter - Downloading https://repo.maven.apache.org/maven2/commons-fileupload/commons-fileupload/1.6.0/commons-fileupload-1.6.0-sources.jar
2026-09-13 16:52:49,557 [Worker-26: Download sources and javadoc] INFO  o.e.m.c.i.e.AbstractTransferListenerAdapter - Downloaded https://repo.maven.apache.org/maven2/commons-fileupload/commons-fileupload/1.6.0/commons-fileupload-1.6.0-sources.jar
2026-09-13 16:52:49,572 [Worker-26: Download sources and javadoc] INFO  o.e.m.j.internal.DownloadSourcesJob - Downloaded sources for commons-fileupload:commons-fileupload:1.6.0
2026-09-13 16:52:49,654 [Worker-25: Building] INFO  o.a.m.s.f.DefaultMavenResourcesFiltering - Copying 1 resource from src\main\resources to target\classes
2026-09-13 16:52:49,686 [Worker-25: Building] INFO  o.a.m.s.f.DefaultMavenResourcesFiltering - Copying 0 resource from src\main\resources to target\classes
2026-09-13 16:52:49,693 [Worker-26: Download sources and javadoc] INFO  o.e.m.c.i.e.AbstractTransferListenerAdapter - Downloading https://repo.maven.apache.org/maven2/io/github/openfeign/feign-core/13.6.1/feign-core-13.6.1-sources.jar
2026-09-13 16:52:49,695 [Worker-25: Building] INFO  o.a.m.s.f.DefaultMavenResourcesFiltering - skip non existing resourceDirectory C:\Users\LMANTHIN\OneDrive - Capgemini\botp\FlightManagementSystem\user-service\src\test\resources
2026-09-13 16:52:49,757 [Worker-25: Building] WARN  Sisu - Error injecting: org.apache.maven.plugins.jar.JarMojo
com.google.inject.ProvisionException: Unable to provision, see the following errors:

1) [Guice/ErrorInCustomProvider]: OutOfScopeException: Cannot access Key[type=MavenProject, annotation=[none]] outside of a scoping block
  at MojoExecutionScopeModule.configure(MojoExecutionScopeModule.java:47)
      \_ installed by: WireModule -> MojoExecutionScopeModule
  at JarMojo.<init>(JarMojo.java:72)
      \_ for 1st parameter
  while locating JarMojo

Learn more:
  https://github.com/google/guice/wiki/ERROR_IN_CUSTOM_PROVIDER

1 error

======================
Full classname legend:
======================
JarMojo:                  "org.apache.maven.plugins.jar.JarMojo"
MavenProject:             "org.apache.maven.project.MavenProject"
MojoExecutionScopeModule: "org.apache.maven.execution.scope.internal.MojoExecutionScopeModule"
OutOfScopeException:      "com.google.inject.OutOfScopeException"
WireModule:               "org.eclipse.sisu.wire.WireModule"
========================
End of classname legend:
========================

	at com.google.inject.internal.InternalProvisionException.toProvisionException(InternalProvisionException.java:251)
	at com.google.inject.internal.InjectorImpl$1.get(InjectorImpl.java:1104)
	at com.google.inject.internal.InjectorImpl.getInstance(InjectorImpl.java:1139)
	at org.eclipse.sisu.space.AbstractDeferredClass.get(AbstractDeferredClass.java:50)
	at com.google.inject.internal.ProviderInternalFactory.provision(ProviderInternalFactory.java:86)
	at com.google.inject.internal.InternalFactoryToInitializableAdapter.provision(InternalFactoryToInitializableAdapter.java:57)
	at com.google.inject.internal.ProviderInternalFactory$1.call(ProviderInternalFactory.java:67)
	at com.google.inject.internal.ProvisionListenerStackCallback$Provision.provision(ProvisionListenerStackCallback.java:109)
	at com.google.inject.internal.ProvisionListenerStackCallback$Provision.provision(ProvisionListenerStackCallback.java:124)
	at com.google.inject.internal.ProvisionListenerStackCallback.provision(ProvisionListenerStackCallback.java:66)
	at com.google.inject.internal.ProviderInternalFactory.circularGet(ProviderInternalFactory.java:62)
	at com.google.inject.internal.InternalFactoryToInitializableAdapter.get(InternalFactoryToInitializableAdapter.java:47)
	at com.google.inject.internal.InjectorImpl$1.get(InjectorImpl.java:1101)
	at org.eclipse.sisu.inject.Guice4$2.get(Guice4.java:235)
	at org.eclipse.sisu.inject.LazyBeanEntry.getValue(LazyBeanEntry.java:83)
	at org.eclipse.sisu.plexus.LazyPlexusBean.getValue(LazyPlexusBean.java:53)
	at org.codehaus.plexus.DefaultPlexusContainer.lookup(DefaultPlexusContainer.java:265)
	at org.codehaus.plexus.DefaultPlexusContainer.lookup(DefaultPlexusContainer.java:257)
	at org.apache.maven.plugin.internal.DefaultMavenPluginManager.getConfiguredMojo(DefaultMavenPluginManager.java:491)
	at org.eclipse.m2e.core.internal.embedder.MavenImpl.getConfiguredMojo(MavenImpl.java:206)
	at org.eclipse.m2e.mavenarchiver.internal.AbstractMavenArchiverConfigurator.reflectManifestGeneration(AbstractMavenArchiverConfigurator.java:439)
	at org.eclipse.m2e.mavenarchiver.internal.AbstractMavenArchiverConfigurator.lambda$3(AbstractMavenArchiverConfigurator.java:398)
	at org.eclipse.m2e.core.internal.embedder.MavenExecutionContext.executeBare(MavenExecutionContext.java:458)
	at org.eclipse.m2e.core.internal.embedder.MavenExecutionContext.execute(MavenExecutionContext.java:339)
	at org.eclipse.m2e.core.internal.embedder.MavenExecutionContext.execute(MavenExecutionContext.java:278)
	at org.eclipse.m2e.mavenarchiver.internal.AbstractMavenArchiverConfigurator.generateManifest(AbstractMavenArchiverConfigurator.java:371)
	at org.eclipse.m2e.mavenarchiver.internal.AbstractMavenArchiverConfigurator.mavenProjectChanged(AbstractMavenArchiverConfigurator.java:228)
	at org.eclipse.m2e.mavenarchiver.internal.AbstractMavenArchiverConfigurator$1.build(AbstractMavenArchiverConfigurator.java:178)
	at org.eclipse.m2e.core.internal.builder.MavenBuilderImpl.lambda$2(MavenBuilderImpl.java:159)
	at java.base/java.util.LinkedHashMap.forEach(LinkedHashMap.java:986)
	at org.eclipse.m2e.core.internal.builder.MavenBuilderImpl.build(MavenBuilderImpl.java:139)
	at org.eclipse.m2e.core.internal.builder.MavenBuilder$1.method(MavenBuilder.java:164)
	at org.eclipse.m2e.core.internal.builder.MavenBuilder$1.method(MavenBuilder.java:1)
	at org.eclipse.m2e.core.internal.builder.MavenBuilder$BuildMethod.lambda$1(MavenBuilder.java:109)
	at org.eclipse.m2e.core.internal.embedder.MavenExecutionContext.executeBare(MavenExecutionContext.java:458)
	at org.eclipse.m2e.core.internal.embedder.MavenExecutionContext.execute(MavenExecutionContext.java:292)
	at org.eclipse.m2e.core.internal.builder.MavenBuilder$BuildMethod.lambda$0(MavenBuilder.java:100)
	at org.eclipse.m2e.core.internal.embedder.MavenExecutionContext.executeBare(MavenExecutionContext.java:458)
	at org.eclipse.m2e.core.internal.embedder.MavenExecutionContext.execute(MavenExecutionContext.java:339)
	at org.eclipse.m2e.core.internal.embedder.MavenExecutionContext.execute(MavenExecutionContext.java:278)
	at org.eclipse.m2e.core.internal.builder.MavenBuilder$BuildMethod.execute(MavenBuilder.java:83)
	at org.eclipse.m2e.core.internal.builder.MavenBuilder.build(MavenBuilder.java:192)
	at org.eclipse.core.internal.events.BuildManager$2.run(BuildManager.java:1077)
	at org.eclipse.core.runtime.SafeRunner.run(SafeRunner.java:47)
	at org.eclipse.core.internal.events.BuildManager.basicBuild(BuildManager.java:296)
	at org.eclipse.core.internal.events.BuildManager.basicBuild(BuildManager.java:352)
	at org.eclipse.core.internal.events.BuildManager$1.run(BuildManager.java:441)
	at org.eclipse.core.runtime.SafeRunner.run(SafeRunner.java:47)
	at org.eclipse.core.internal.events.BuildManager.basicBuild(BuildManager.java:444)
	at org.eclipse.core.internal.events.BuildManager.basicBuildLoop(BuildManager.java:555)
	at org.eclipse.core.internal.events.BuildManager.basicBuildLoop(BuildManager.java:503)
	at org.eclipse.core.internal.events.BuildManager.build(BuildManager.java:585)
	at org.eclipse.core.internal.events.AutoBuildJob.doBuild(AutoBuildJob.java:207)
	at org.eclipse.core.internal.events.AutoBuildJob.run(AutoBuildJob.java:300)
	at org.eclipse.core.internal.jobs.Worker.run(Worker.java:63)
Caused by: com.google.inject.OutOfScopeException: Cannot access Key[type=org.apache.maven.project.MavenProject, annotation=[none]] outside of a scoping block
	at org.apache.maven.execution.scope.internal.MojoExecutionScope$2.get(MojoExecutionScope.java:99)
	at com.google.inject.internal.InternalFactoryToProviderAdapter.get(InternalFactoryToProviderAdapter.java:45)
	at com.google.inject.internal.SingleParameterInjector.inject(SingleParameterInjector.java:40)
	at com.google.inject.internal.SingleParameterInjector.getAll(SingleParameterInjector.java:60)
	at com.google.inject.internal.ConstructorInjector.provision(ConstructorInjector.java:113)
	at com.google.inject.internal.ConstructorInjector.access$000(ConstructorInjector.java:33)
	at com.google.inject.internal.ConstructorInjector$1.call(ConstructorInjector.java:98)
	at com.google.inject.internal.ProvisionListenerStackCallback$Provision.provision(ProvisionListenerStackCallback.java:109)
	at com.google.inject.internal.ProvisionListenerStackCallback$Provision.provision(ProvisionListenerStackCallback.java:124)
	at com.google.inject.internal.ProvisionListenerStackCallback.provision(ProvisionListenerStackCallback.java:66)
	at com.google.inject.internal.ConstructorInjector.construct(ConstructorInjector.java:93)
	at com.google.inject.internal.ConstructorBindingImpl$Factory.get(ConstructorBindingImpl.java:300)
	at com.google.inject.internal.InjectorImpl$1.get(InjectorImpl.java:1101)
	... 53 common frames omitted
2026-09-13 16:52:49,795 [Worker-26: Download sources and javadoc] INFO  o.e.m.c.i.e.AbstractTransferListenerAdapter - Downloaded https://repo.maven.apache.org/maven2/io/github/openfeign/feign-core/13.6.1/feign-core-13.6.1-sources.jar
2026-09-13 16:52:49,812 [Worker-26: Download sources and javadoc] INFO  o.e.m.j.internal.DownloadSourcesJob - Downloaded sources for io.github.openfeign:feign-core:13.6.1
2026-09-13 16:52:49,962 [Worker-26: Download sources and javadoc] INFO  o.e.m.c.i.e.AbstractTransferListenerAdapter - Downloading https://repo.maven.apache.org/maven2/io/github/openfeign/feign-slf4j/13.6.1/feign-slf4j-13.6.1-sources.jar
2026-09-13 16:52:49,979 [Worker-26: Download sources and javadoc] INFO  o.e.m.c.i.e.AbstractTransferListenerAdapter - Downloaded https://repo.maven.apache.org/maven2/io/github/openfeign/feign-slf4j/13.6.1/feign-slf4j-13.6.1-sources.jar
2026-09-13 16:52:49,992 [Worker-26: Download sources and javadoc] INFO  o.e.m.j.internal.DownloadSourcesJob - Downloaded sources for io.github.openfeign:feign-slf4j:13.6.1
2026-09-13 16:52:50,091 [Worker-26: Download sources and javadoc] INFO  o.e.m.c.i.e.AbstractTransferListenerAdapter - Downloading https://repo.maven.apache.org/maven2/org/springframework/boot/spring-boot-devtools/4.1.1/spring-boot-devtools-4.1.1-sources.jar
2026-09-13 16:52:50,170 [Worker-26: Download sources and javadoc] INFO  o.e.m.c.i.e.AbstractTransferListenerAdapter - Downloaded https://repo.maven.apache.org/maven2/org/springframework/boot/spring-boot-devtools/4.1.1/spring-boot-devtools-4.1.1-sources.jar
2026-09-13 16:52:50,185 [Worker-26: Download sources and javadoc] INFO  o.e.m.j.internal.DownloadSourcesJob - Downloaded sources for org.springframework.boot:spring-boot-devtools:4.1.1
2026-09-13 16:52:50,259 [Worker-26: Download sources and javadoc] INFO  o.e.m.c.i.e.AbstractTransferListenerAdapter - Downloading https://repo.maven.apache.org/maven2/com/mysql/mysql-connector-j/9.7.0/mysql-connector-j-9.7.0-sources.jar
2026-09-13 16:52:50,520 [Worker-26: Download sources and javadoc] INFO  o.e.m.c.i.e.AbstractTransferListenerAdapter - Downloaded https://repo.maven.apache.org/maven2/com/mysql/mysql-connector-j/9.7.0/mysql-connector-j-9.7.0-sources.jar
2026-09-13 16:52:50,530 [Worker-26: Download sources and javadoc] INFO  o.e.m.j.internal.DownloadSourcesJob - Downloaded sources for com.mysql:mysql-connector-j:9.7.0
2026-09-13 16:52:50,644 [Worker-26: Download sources and javadoc] INFO  o.e.m.c.i.e.AbstractTransferListenerAdapter - Downloading https://repo.maven.apache.org/maven2/org/projectlombok/lombok/1.18.46/lombok-1.18.46-sources.jar
2026-09-13 16:52:50,800 [Worker-26: Download sources and javadoc] INFO  o.e.m.c.i.e.AbstractTransferListenerAdapter - Downloaded https://repo.maven.apache.org/maven2/org/projectlombok/lombok/1.18.46/lombok-1.18.46-sources.jar
2026-09-13 16:52:50,810 [Worker-26: Download sources and javadoc] INFO  o.e.m.j.internal.DownloadSourcesJob - Downloaded sources for org.projectlombok:lombok:1.18.46
2026-09-13 16:52:50,917 [Worker-26: Download sources and javadoc] INFO  o.e.m.c.i.e.AbstractTransferListenerAdapter - Downloading https://repo.maven.apache.org/maven2/org/springframework/boot/spring-boot-starter-data-jpa-test/4.1.1/spring-boot-starter-data-jpa-test-4.1.1-sources.jar
2026-09-13 16:52:50,958 [Worker-26: Download sources and javadoc] INFO  o.e.m.c.i.e.AbstractTransferListenerAdapter - Downloaded https://repo.maven.apache.org/maven2/org/springframework/boot/spring-boot-starter-data-jpa-test/4.1.1/spring-boot-starter-data-jpa-test-4.1.1-sources.jar
2026-09-13 16:52:50,977 [Worker-26: Download sources and javadoc] INFO  o.e.m.j.internal.DownloadSourcesJob - Downloaded sources for org.springframework.boot:spring-boot-starter-data-jpa-test:4.1.1
2026-09-13 16:52:51,069 [Worker-26: Download sources and javadoc] INFO  o.e.m.c.i.e.AbstractTransferListenerAdapter - Downloading https://repo.maven.apache.org/maven2/org/springframework/boot/spring-boot-starter-jdbc-test/4.1.1/spring-boot-starter-jdbc-test-4.1.1-sources.jar
2026-09-13 16:52:51,088 [Worker-26: Download sources and javadoc] INFO  o.e.m.c.i.e.AbstractTransferListenerAdapter - Downloaded https://repo.maven.apache.org/maven2/org/springframework/boot/spring-boot-starter-jdbc-test/4.1.1/spring-boot-starter-jdbc-test-4.1.1-sources.jar
2026-09-13 16:52:51,104 [Worker-26: Download sources and javadoc] INFO  o.e.m.j.internal.DownloadSourcesJob - Downloaded sources for org.springframework.boot:spring-boot-starter-jdbc-test:4.1.1
2026-09-13 16:52:51,202 [Worker-26: Download sources and javadoc] INFO  o.e.m.c.i.e.AbstractTransferListenerAdapter - Downloading https://repo.maven.apache.org/maven2/org/springframework/boot/spring-boot-jdbc-test/4.1.1/spring-boot-jdbc-test-4.1.1-sources.jar
2026-09-13 16:52:51,248 [Worker-26: Download sources and javadoc] INFO  o.e.m.c.i.e.AbstractTransferListenerAdapter - Downloaded https://repo.maven.apache.org/maven2/org/springframework/boot/spring-boot-jdbc-test/4.1.1/spring-boot-jdbc-test-4.1.1-sources.jar
2026-09-13 16:52:51,259 [Worker-26: Download sources and javadoc] INFO  o.e.m.j.internal.DownloadSourcesJob - Downloaded sources for org.springframework.boot:spring-boot-jdbc-test:4.1.1
2026-09-13 16:52:51,373 [Worker-26: Download sources and javadoc] INFO  o.e.m.c.i.e.AbstractTransferListenerAdapter - Downloading https://repo.maven.apache.org/maven2/org/springframework/boot/spring-boot-data-jpa-test/4.1.1/spring-boot-data-jpa-test-4.1.1-sources.jar
2026-09-13 16:52:51,401 [Worker-26: Download sources and javadoc] INFO  o.e.m.c.i.e.AbstractTransferListenerAdapter - Downloaded https://repo.maven.apache.org/maven2/org/springframework/boot/spring-boot-data-jpa-test/4.1.1/spring-boot-data-jpa-test-4.1.1-sources.jar
2026-09-13 16:52:51,413 [Worker-26: Download sources and javadoc] INFO  o.e.m.j.internal.DownloadSourcesJob - Downloaded sources for org.springframework.boot:spring-boot-data-jpa-test:4.1.1
2026-09-13 16:52:51,528 [Worker-26: Download sources and javadoc] INFO  o.e.m.c.i.e.AbstractTransferListenerAdapter - Downloading https://repo.maven.apache.org/maven2/org/springframework/boot/spring-boot-jpa-test/4.1.1/spring-boot-jpa-test-4.1.1-sources.jar
2026-09-13 16:52:51,564 [Worker-26: Download sources and javadoc] INFO  o.e.m.c.i.e.AbstractTransferListenerAdapter - Downloaded https://repo.maven.apache.org/maven2/org/springframework/boot/spring-boot-jpa-test/4.1.1/spring-boot-jpa-test-4.1.1-sources.jar
2026-09-13 16:52:51,578 [Worker-26: Download sources and javadoc] INFO  o.e.m.j.internal.DownloadSourcesJob - Downloaded sources for org.springframework.boot:spring-boot-jpa-test:4.1.1
2026-09-13 16:52:51,673 [Worker-26: Download sources and javadoc] INFO  o.e.m.c.i.e.AbstractTransferListenerAdapter - Downloading https://repo.maven.apache.org/maven2/org/springframework/boot/spring-boot-starter-security-test/4.1.1/spring-boot-starter-security-test-4.1.1-sources.jar
2026-09-13 16:52:51,692 [Worker-26: Download sources and javadoc] INFO  o.e.m.c.i.e.AbstractTransferListenerAdapter - Downloaded https://repo.maven.apache.org/maven2/org/springframework/boot/spring-boot-starter-security-test/4.1.1/spring-boot-starter-security-test-4.1.1-sources.jar
2026-09-13 16:52:51,707 [Worker-26: Download sources and javadoc] INFO  o.e.m.j.internal.DownloadSourcesJob - Downloaded sources for org.springframework.boot:spring-boot-starter-security-test:4.1.1
2026-09-13 16:52:51,804 [Worker-26: Download sources and javadoc] INFO  o.e.m.c.i.e.AbstractTransferListenerAdapter - Downloading https://repo.maven.apache.org/maven2/org/springframework/boot/spring-boot-security-test/4.1.1/spring-boot-security-test-4.1.1-sources.jar
2026-09-13 16:52:51,839 [Worker-26: Download sources and javadoc] INFO  o.e.m.c.i.e.AbstractTransferListenerAdapter - Downloaded https://repo.maven.apache.org/maven2/org/springframework/boot/spring-boot-security-test/4.1.1/spring-boot-security-test-4.1.1-sources.jar
2026-09-13 16:52:51,854 [Worker-26: Download sources and javadoc] INFO  o.e.m.j.internal.DownloadSourcesJob - Downloaded sources for org.springframework.boot:spring-boot-security-test:4.1.1
2026-09-13 16:52:51,940 [Worker-26: Download sources and javadoc] INFO  o.e.m.c.i.e.AbstractTransferListenerAdapter - Downloading https://repo.maven.apache.org/maven2/org/springframework/security/spring-security-test/7.1.1/spring-security-test-7.1.1-sources.jar
2026-09-13 16:52:52,040 [Worker-26: Download sources and javadoc] INFO  o.e.m.c.i.e.AbstractTransferListenerAdapter - Downloaded https://repo.maven.apache.org/maven2/org/springframework/security/spring-security-test/7.1.1/spring-security-test-7.1.1-sources.jar
2026-09-13 16:52:52,051 [Worker-26: Download sources and javadoc] INFO  o.e.m.j.internal.DownloadSourcesJob - Downloaded sources for org.springframework.security:spring-security-test:7.1.1
2026-09-13 16:52:52,138 [Worker-26: Download sources and javadoc] INFO  o.e.m.c.i.e.AbstractTransferListenerAdapter - Downloading https://repo.maven.apache.org/maven2/org/springframework/boot/spring-boot-starter-validation-test/4.1.1/spring-boot-starter-validation-test-4.1.1-sources.jar
2026-09-13 16:52:52,155 [Worker-26: Download sources and javadoc] INFO  o.e.m.c.i.e.AbstractTransferListenerAdapter - Downloaded https://repo.maven.apache.org/maven2/org/springframework/boot/spring-boot-starter-validation-test/4.1.1/spring-boot-starter-validation-test-4.1.1-sources.jar
2026-09-13 16:52:52,168 [Worker-26: Download sources and javadoc] INFO  o.e.m.j.internal.DownloadSourcesJob - Downloaded sources for org.springframework.boot:spring-boot-starter-validation-test:4.1.1
2026-09-13 16:56:13,793 [Worker-26: Updating Maven Project] INFO  o.e.m.c.i.p.ProjectConfigurationManager - Update started
2026-09-13 16:56:15,581 [Worker-26: Updating Maven Project] INFO  o.e.m.c.i.l.LifecycleMappingFactory - Using org.eclipse.m2e.jdt.JarLifecycleMapping lifecycle mapping for MavenProject: com.flightmanagement:eureka-server:0.0.1-SNAPSHOT @ C:\Users\LMANTHIN\OneDrive - Capgemini\botp\FlightManagementSystem\eureka-server\pom.xml.
2026-09-13 16:56:17,137 [Worker-26: Updating Maven Project] INFO  o.e.m.c.i.l.LifecycleMappingFactory - Using org.eclipse.m2e.jdt.JarLifecycleMapping lifecycle mapping for MavenProject: com.flightmanagement:user-service:0.0.1-SNAPSHOT @ C:\Users\LMANTHIN\OneDrive - Capgemini\botp\FlightManagementSystem\user-service\pom.xml.
2026-09-13 16:56:17,804 [Worker-26: Updating Maven Project] WARN  Sisu - Error injecting: org.apache.maven.plugins.jar.JarMojo
com.google.inject.ProvisionException: Unable to provision, see the following errors:

1) [Guice/ErrorInCustomProvider]: OutOfScopeException: Cannot access Key[type=MavenProject, annotation=[none]] outside of a scoping block
  at MojoExecutionScopeModule.configure(MojoExecutionScopeModule.java:47)
      \_ installed by: WireModule -> MojoExecutionScopeModule
  at JarMojo.<init>(JarMojo.java:72)
      \_ for 1st parameter
  while locating JarMojo

Learn more:
  https://github.com/google/guice/wiki/ERROR_IN_CUSTOM_PROVIDER

1 error

======================
Full classname legend:
======================
JarMojo:                  "org.apache.maven.plugins.jar.JarMojo"
MavenProject:             "org.apache.maven.project.MavenProject"
MojoExecutionScopeModule: "org.apache.maven.execution.scope.internal.MojoExecutionScopeModule"
OutOfScopeException:      "com.google.inject.OutOfScopeException"
WireModule:               "org.eclipse.sisu.wire.WireModule"
========================
End of classname legend:
========================

	at com.google.inject.internal.InternalProvisionException.toProvisionException(InternalProvisionException.java:251)
	at com.google.inject.internal.InjectorImpl$1.get(InjectorImpl.java:1104)
	at com.google.inject.internal.InjectorImpl.getInstance(InjectorImpl.java:1139)
	at org.eclipse.sisu.space.AbstractDeferredClass.get(AbstractDeferredClass.java:50)
	at com.google.inject.internal.ProviderInternalFactory.provision(ProviderInternalFactory.java:86)
	at com.google.inject.internal.InternalFactoryToInitializableAdapter.provision(InternalFactoryToInitializableAdapter.java:57)
	at com.google.inject.internal.ProviderInternalFactory$1.call(ProviderInternalFactory.java:67)
	at com.google.inject.internal.ProvisionListenerStackCallback$Provision.provision(ProvisionListenerStackCallback.java:109)
	at com.google.inject.internal.ProvisionListenerStackCallback$Provision.provision(ProvisionListenerStackCallback.java:124)
	at com.google.inject.internal.ProvisionListenerStackCallback.provision(ProvisionListenerStackCallback.java:66)
	at com.google.inject.internal.ProviderInternalFactory.circularGet(ProviderInternalFactory.java:62)
	at com.google.inject.internal.InternalFactoryToInitializableAdapter.get(InternalFactoryToInitializableAdapter.java:47)
	at com.google.inject.internal.InjectorImpl$1.get(InjectorImpl.java:1101)
	at org.eclipse.sisu.inject.Guice4$2.get(Guice4.java:235)
	at org.eclipse.sisu.inject.LazyBeanEntry.getValue(LazyBeanEntry.java:83)
	at org.eclipse.sisu.plexus.LazyPlexusBean.getValue(LazyPlexusBean.java:53)
	at org.codehaus.plexus.DefaultPlexusContainer.lookup(DefaultPlexusContainer.java:265)
	at org.codehaus.plexus.DefaultPlexusContainer.lookup(DefaultPlexusContainer.java:257)
	at org.apache.maven.plugin.internal.DefaultMavenPluginManager.getConfiguredMojo(DefaultMavenPluginManager.java:491)
	at org.eclipse.m2e.core.internal.embedder.MavenImpl.getConfiguredMojo(MavenImpl.java:206)
	at org.eclipse.m2e.mavenarchiver.internal.AbstractMavenArchiverConfigurator.reflectManifestGeneration(AbstractMavenArchiverConfigurator.java:439)
	at org.eclipse.m2e.mavenarchiver.internal.AbstractMavenArchiverConfigurator.lambda$3(AbstractMavenArchiverConfigurator.java:398)
	at org.eclipse.m2e.core.internal.embedder.MavenExecutionContext.executeBare(MavenExecutionContext.java:458)
	at org.eclipse.m2e.core.internal.embedder.MavenExecutionContext.execute(MavenExecutionContext.java:339)
	at org.eclipse.m2e.core.internal.embedder.MavenExecutionContext.execute(MavenExecutionContext.java:278)
	at org.eclipse.m2e.mavenarchiver.internal.AbstractMavenArchiverConfigurator.generateManifest(AbstractMavenArchiverConfigurator.java:371)
	at org.eclipse.m2e.mavenarchiver.internal.AbstractMavenArchiverConfigurator.mavenProjectChanged(AbstractMavenArchiverConfigurator.java:228)
	at org.eclipse.m2e.mavenarchiver.internal.AbstractMavenArchiverConfigurator.mavenProjectChanged(AbstractMavenArchiverConfigurator.java:220)
	at org.eclipse.m2e.core.internal.project.ProjectConfigurationManager.mavenProjectChanged(ProjectConfigurationManager.java:885)
	at org.eclipse.m2e.core.internal.project.registry.ProjectRegistryManager.notifyProjectChangeListeners(ProjectRegistryManager.java:892)
	at org.eclipse.m2e.core.internal.project.registry.ProjectRegistryManager.applyMutableProjectRegistry(ProjectRegistryManager.java:1042)
	at org.eclipse.m2e.core.internal.project.registry.ProjectRegistryManager.refresh(ProjectRegistryManager.java:324)
	at org.eclipse.m2e.core.internal.project.ProjectConfigurationManager.updateProjectConfiguration0(ProjectConfigurationManager.java:388)
	at org.eclipse.m2e.core.internal.project.ProjectConfigurationManager.lambda$3(ProjectConfigurationManager.java:340)
	at org.eclipse.m2e.core.internal.embedder.MavenExecutionContext.executeBare(MavenExecutionContext.java:458)
	at org.eclipse.m2e.core.internal.embedder.MavenExecutionContext.execute(MavenExecutionContext.java:339)
	at org.eclipse.m2e.core.internal.embedder.MavenExecutionContext.execute(MavenExecutionContext.java:278)
	at org.eclipse.m2e.core.internal.embedder.MavenImpl.execute(MavenImpl.java:1053)
	at org.eclipse.m2e.core.internal.project.ProjectConfigurationManager.updateProjectConfiguration(ProjectConfigurationManager.java:339)
	at org.eclipse.m2e.core.ui.internal.UpdateMavenProjectJob.runInWorkspace(UpdateMavenProjectJob.java:80)
	at org.eclipse.core.internal.resources.InternalWorkspaceJob.run(InternalWorkspaceJob.java:43)
	at org.eclipse.core.internal.jobs.Worker.run(Worker.java:63)
Caused by: com.google.inject.OutOfScopeException: Cannot access Key[type=org.apache.maven.project.MavenProject, annotation=[none]] outside of a scoping block
	at org.apache.maven.execution.scope.internal.MojoExecutionScope$2.get(MojoExecutionScope.java:99)
	at com.google.inject.internal.InternalFactoryToProviderAdapter.get(InternalFactoryToProviderAdapter.java:45)
	at com.google.inject.internal.SingleParameterInjector.inject(SingleParameterInjector.java:40)
	at com.google.inject.internal.SingleParameterInjector.getAll(SingleParameterInjector.java:60)
	at com.google.inject.internal.ConstructorInjector.provision(ConstructorInjector.java:113)
	at com.google.inject.internal.ConstructorInjector.access$000(ConstructorInjector.java:33)
	at com.google.inject.internal.ConstructorInjector$1.call(ConstructorInjector.java:98)
	at com.google.inject.internal.ProvisionListenerStackCallback$Provision.provision(ProvisionListenerStackCallback.java:109)
	at com.google.inject.internal.ProvisionListenerStackCallback$Provision.provision(ProvisionListenerStackCallback.java:124)
	at com.google.inject.internal.ProvisionListenerStackCallback.provision(ProvisionListenerStackCallback.java:66)
	at com.google.inject.internal.ConstructorInjector.construct(ConstructorInjector.java:93)
	at com.google.inject.internal.ConstructorBindingImpl$Factory.get(ConstructorBindingImpl.java:300)
	at com.google.inject.internal.InjectorImpl$1.get(InjectorImpl.java:1101)
	... 40 common frames omitted
2026-09-13 16:56:17,869 [Worker-26: Updating Maven Project] WARN  Sisu - Error injecting: org.apache.maven.plugins.jar.JarMojo
com.google.inject.ProvisionException: Unable to provision, see the following errors:

1) [Guice/ErrorInCustomProvider]: OutOfScopeException: Cannot access Key[type=MavenProject, annotation=[none]] outside of a scoping block
  at MojoExecutionScopeModule.configure(MojoExecutionScopeModule.java:47)
      \_ installed by: WireModule -> MojoExecutionScopeModule
  at JarMojo.<init>(JarMojo.java:72)
      \_ for 1st parameter
  while locating JarMojo

Learn more:
  https://github.com/google/guice/wiki/ERROR_IN_CUSTOM_PROVIDER

1 error

======================
Full classname legend:
======================
JarMojo:                  "org.apache.maven.plugins.jar.JarMojo"
MavenProject:             "org.apache.maven.project.MavenProject"
MojoExecutionScopeModule: "org.apache.maven.execution.scope.internal.MojoExecutionScopeModule"
OutOfScopeException:      "com.google.inject.OutOfScopeException"
WireModule:               "org.eclipse.sisu.wire.WireModule"
========================
End of classname legend:
========================

	at com.google.inject.internal.InternalProvisionException.toProvisionException(InternalProvisionException.java:251)
	at com.google.inject.internal.InjectorImpl$1.get(InjectorImpl.java:1104)
	at com.google.inject.internal.InjectorImpl.getInstance(InjectorImpl.java:1139)
	at org.eclipse.sisu.space.AbstractDeferredClass.get(AbstractDeferredClass.java:50)
	at com.google.inject.internal.ProviderInternalFactory.provision(ProviderInternalFactory.java:86)
	at com.google.inject.internal.InternalFactoryToInitializableAdapter.provision(InternalFactoryToInitializableAdapter.java:57)
	at com.google.inject.internal.ProviderInternalFactory$1.call(ProviderInternalFactory.java:67)
	at com.google.inject.internal.ProvisionListenerStackCallback$Provision.provision(ProvisionListenerStackCallback.java:109)
	at com.google.inject.internal.ProvisionListenerStackCallback$Provision.provision(ProvisionListenerStackCallback.java:124)
	at com.google.inject.internal.ProvisionListenerStackCallback.provision(ProvisionListenerStackCallback.java:66)
	at com.google.inject.internal.ProviderInternalFactory.circularGet(ProviderInternalFactory.java:62)
	at com.google.inject.internal.InternalFactoryToInitializableAdapter.get(InternalFactoryToInitializableAdapter.java:47)
	at com.google.inject.internal.InjectorImpl$1.get(InjectorImpl.java:1101)
	at org.eclipse.sisu.inject.Guice4$2.get(Guice4.java:235)
	at org.eclipse.sisu.inject.LazyBeanEntry.getValue(LazyBeanEntry.java:83)
	at org.eclipse.sisu.plexus.LazyPlexusBean.getValue(LazyPlexusBean.java:53)
	at org.codehaus.plexus.DefaultPlexusContainer.lookup(DefaultPlexusContainer.java:265)
	at org.codehaus.plexus.DefaultPlexusContainer.lookup(DefaultPlexusContainer.java:257)
	at org.apache.maven.plugin.internal.DefaultMavenPluginManager.getConfiguredMojo(DefaultMavenPluginManager.java:491)
	at org.eclipse.m2e.core.internal.embedder.MavenImpl.getConfiguredMojo(MavenImpl.java:206)
	at org.eclipse.m2e.mavenarchiver.internal.AbstractMavenArchiverConfigurator.reflectManifestGeneration(AbstractMavenArchiverConfigurator.java:439)
	at org.eclipse.m2e.mavenarchiver.internal.AbstractMavenArchiverConfigurator.lambda$3(AbstractMavenArchiverConfigurator.java:398)
	at org.eclipse.m2e.core.internal.embedder.MavenExecutionContext.executeBare(MavenExecutionContext.java:458)
	at org.eclipse.m2e.core.internal.embedder.MavenExecutionContext.execute(MavenExecutionContext.java:339)
	at org.eclipse.m2e.core.internal.embedder.MavenExecutionContext.execute(MavenExecutionContext.java:278)
	at org.eclipse.m2e.mavenarchiver.internal.AbstractMavenArchiverConfigurator.generateManifest(AbstractMavenArchiverConfigurator.java:371)
	at org.eclipse.m2e.mavenarchiver.internal.AbstractMavenArchiverConfigurator.mavenProjectChanged(AbstractMavenArchiverConfigurator.java:228)
	at org.eclipse.m2e.mavenarchiver.internal.AbstractMavenArchiverConfigurator.mavenProjectChanged(AbstractMavenArchiverConfigurator.java:220)
	at org.eclipse.m2e.core.internal.project.ProjectConfigurationManager.mavenProjectChanged(ProjectConfigurationManager.java:885)
	at org.eclipse.m2e.core.internal.project.registry.ProjectRegistryManager.notifyProjectChangeListeners(ProjectRegistryManager.java:892)
	at org.eclipse.m2e.core.internal.project.registry.ProjectRegistryManager.applyMutableProjectRegistry(ProjectRegistryManager.java:1042)
	at org.eclipse.m2e.core.internal.project.registry.ProjectRegistryManager.refresh(ProjectRegistryManager.java:324)
	at org.eclipse.m2e.core.internal.project.ProjectConfigurationManager.updateProjectConfiguration0(ProjectConfigurationManager.java:388)
	at org.eclipse.m2e.core.internal.project.ProjectConfigurationManager.lambda$3(ProjectConfigurationManager.java:340)
	at org.eclipse.m2e.core.internal.embedder.MavenExecutionContext.executeBare(MavenExecutionContext.java:458)
	at org.eclipse.m2e.core.internal.embedder.MavenExecutionContext.execute(MavenExecutionContext.java:339)
	at org.eclipse.m2e.core.internal.embedder.MavenExecutionContext.execute(MavenExecutionContext.java:278)
	at org.eclipse.m2e.core.internal.embedder.MavenImpl.execute(MavenImpl.java:1053)
	at org.eclipse.m2e.core.internal.project.ProjectConfigurationManager.updateProjectConfiguration(ProjectConfigurationManager.java:339)
	at org.eclipse.m2e.core.ui.internal.UpdateMavenProjectJob.runInWorkspace(UpdateMavenProjectJob.java:80)
	at org.eclipse.core.internal.resources.InternalWorkspaceJob.run(InternalWorkspaceJob.java:43)
	at org.eclipse.core.internal.jobs.Worker.run(Worker.java:63)
Caused by: com.google.inject.OutOfScopeException: Cannot access Key[type=org.apache.maven.project.MavenProject, annotation=[none]] outside of a scoping block
	at org.apache.maven.execution.scope.internal.MojoExecutionScope$2.get(MojoExecutionScope.java:99)
	at com.google.inject.internal.InternalFactoryToProviderAdapter.get(InternalFactoryToProviderAdapter.java:45)
	at com.google.inject.internal.SingleParameterInjector.inject(SingleParameterInjector.java:40)
	at com.google.inject.internal.SingleParameterInjector.getAll(SingleParameterInjector.java:60)
	at com.google.inject.internal.ConstructorInjector.provision(ConstructorInjector.java:113)
	at com.google.inject.internal.ConstructorInjector.access$000(ConstructorInjector.java:33)
	at com.google.inject.internal.ConstructorInjector$1.call(ConstructorInjector.java:98)
	at com.google.inject.internal.ProvisionListenerStackCallback$Provision.provision(ProvisionListenerStackCallback.java:109)
	at com.google.inject.internal.ProvisionListenerStackCallback$Provision.provision(ProvisionListenerStackCallback.java:124)
	at com.google.inject.internal.ProvisionListenerStackCallback.provision(ProvisionListenerStackCallback.java:66)
	at com.google.inject.internal.ConstructorInjector.construct(ConstructorInjector.java:93)
	at com.google.inject.internal.ConstructorBindingImpl$Factory.get(ConstructorBindingImpl.java:300)
	at com.google.inject.internal.InjectorImpl$1.get(InjectorImpl.java:1101)
	... 40 common frames omitted
2026-09-13 16:56:19,667 [Worker-26: Updating Maven Project] INFO  o.e.m.j.i.AbstractJavaProjectConfigurator - Adding source folder /eureka-server/src/main/java
2026-09-13 16:56:19,669 [Worker-26: Updating Maven Project] INFO  o.e.m.j.i.AbstractJavaProjectConfigurator - Adding resource folder /eureka-server/src/main/resources
2026-09-13 16:56:19,670 [Worker-26: Updating Maven Project] INFO  o.e.m.j.i.AbstractJavaProjectConfigurator - Adding resource folder /eureka-server/src/main/resources
2026-09-13 16:56:19,671 [Worker-26: Updating Maven Project] INFO  o.e.m.j.i.AbstractJavaProjectConfigurator - Adding source folder /eureka-server/src/test/java
2026-09-13 16:56:19,672 [Worker-26: Updating Maven Project] INFO  o.e.m.j.i.AbstractJavaProjectConfigurator - Adding resource folder /eureka-server/src/test/resources
2026-09-13 16:56:19,821 [Worker-33: Download sources and javadoc] INFO  o.e.m.c.i.e.AbstractTransferListenerAdapter - Downloaded https://repo.maven.apache.org/maven2/org/springframework/cloud/spring-cloud-starter-openfeign/5.0.3/spring-cloud-starter-openfeign-5.0.3-javadoc.jar
2026-09-13 16:56:19,829 [Worker-33: Download sources and javadoc] ERROR o.e.m.j.internal.DownloadSourcesJob - Could not download javadoc for org.springframework.cloud:spring-cloud-starter-openfeign:5.0.3
org.eclipse.core.runtime.CoreException: Could not resolve artifact org.springframework.cloud:spring-cloud-starter-openfeign:jar:javadoc:5.0.3
	at org.eclipse.m2e.core.internal.embedder.MavenImpl.lambda$7(MavenImpl.java:540)
	at org.eclipse.m2e.core.internal.embedder.MavenExecutionContext.executeBare(MavenExecutionContext.java:458)
	at org.eclipse.m2e.core.internal.embedder.MavenExecutionContext.execute(MavenExecutionContext.java:292)
	at org.eclipse.m2e.core.internal.embedder.MavenExecutionContext.execute(MavenExecutionContext.java:278)
	at org.eclipse.m2e.core.internal.embedder.MavenImpl.resolve(MavenImpl.java:509)
	at org.eclipse.m2e.core.internal.embedder.MavenImpl.resolve(MavenImpl.java:494)
	at org.eclipse.m2e.jdt.internal.DownloadSourcesJob.download(DownloadSourcesJob.java:308)
	at org.eclipse.m2e.jdt.internal.DownloadSourcesJob.downloadAttachments(DownloadSourcesJob.java:294)
	at org.eclipse.m2e.jdt.internal.DownloadSourcesJob.downloadMaven(DownloadSourcesJob.java:252)
	at org.eclipse.m2e.jdt.internal.DownloadSourcesJob.downloadFilesAndPopulateToUpdate(DownloadSourcesJob.java:220)
	at org.eclipse.m2e.jdt.internal.DownloadSourcesJob.lambda$0(DownloadSourcesJob.java:149)
	at org.eclipse.m2e.core.internal.embedder.MavenExecutionContext.executeBare(MavenExecutionContext.java:458)
	at org.eclipse.m2e.core.internal.embedder.MavenExecutionContext.execute(MavenExecutionContext.java:339)
	at org.eclipse.m2e.core.internal.embedder.MavenExecutionContext.execute(MavenExecutionContext.java:278)
	at org.eclipse.m2e.core.embedder.IMaven.execute(IMaven.java:300)
	at org.eclipse.m2e.jdt.internal.DownloadSourcesJob.run(DownloadSourcesJob.java:149)
	at org.eclipse.core.internal.jobs.Worker.run(Worker.java:63)
2026-09-13 16:56:20,213 [Worker-33: Download sources and javadoc] INFO  o.e.m.c.i.e.AbstractTransferListenerAdapter - Downloaded https://repo.maven.apache.org/maven2/org/springframework/cloud/spring-cloud-starter-netflix-eureka-server/5.0.2/spring-cloud-starter-netflix-eureka-server-5.0.2-javadoc.jar
2026-09-13 16:56:20,220 [Worker-33: Download sources and javadoc] ERROR o.e.m.j.internal.DownloadSourcesJob - Could not download javadoc for org.springframework.cloud:spring-cloud-starter-netflix-eureka-server:5.0.2
org.eclipse.core.runtime.CoreException: Could not resolve artifact org.springframework.cloud:spring-cloud-starter-netflix-eureka-server:jar:javadoc:5.0.2
	at org.eclipse.m2e.core.internal.embedder.MavenImpl.lambda$7(MavenImpl.java:540)
	at org.eclipse.m2e.core.internal.embedder.MavenExecutionContext.executeBare(MavenExecutionContext.java:458)
	at org.eclipse.m2e.core.internal.embedder.MavenExecutionContext.execute(MavenExecutionContext.java:292)
	at org.eclipse.m2e.core.internal.embedder.MavenExecutionContext.execute(MavenExecutionContext.java:278)
	at org.eclipse.m2e.core.internal.embedder.MavenImpl.resolve(MavenImpl.java:509)
	at org.eclipse.m2e.core.internal.embedder.MavenImpl.resolve(MavenImpl.java:494)
	at org.eclipse.m2e.jdt.internal.DownloadSourcesJob.download(DownloadSourcesJob.java:308)
	at org.eclipse.m2e.jdt.internal.DownloadSourcesJob.downloadAttachments(DownloadSourcesJob.java:294)
	at org.eclipse.m2e.jdt.internal.DownloadSourcesJob.downloadMaven(DownloadSourcesJob.java:252)
	at org.eclipse.m2e.jdt.internal.DownloadSourcesJob.downloadFilesAndPopulateToUpdate(DownloadSourcesJob.java:220)
	at org.eclipse.m2e.jdt.internal.DownloadSourcesJob.lambda$0(DownloadSourcesJob.java:149)
	at org.eclipse.m2e.core.internal.embedder.MavenExecutionContext.executeBare(MavenExecutionContext.java:458)
	at org.eclipse.m2e.core.internal.embedder.MavenExecutionContext.execute(MavenExecutionContext.java:339)
	at org.eclipse.m2e.core.internal.embedder.MavenExecutionContext.execute(MavenExecutionContext.java:278)
	at org.eclipse.m2e.core.embedder.IMaven.execute(IMaven.java:300)
	at org.eclipse.m2e.jdt.internal.DownloadSourcesJob.run(DownloadSourcesJob.java:149)
	at org.eclipse.core.internal.jobs.Worker.run(Worker.java:63)
2026-09-13 16:56:20,774 [Worker-26: Updating Maven Project] INFO  o.e.m.j.i.AbstractJavaProjectConfigurator - Adding source folder /user-service/src/main/java
2026-09-13 16:56:20,775 [Worker-26: Updating Maven Project] INFO  o.e.m.j.i.AbstractJavaProjectConfigurator - Adding resource folder /user-service/src/main/resources
2026-09-13 16:56:20,777 [Worker-26: Updating Maven Project] INFO  o.e.m.j.i.AbstractJavaProjectConfigurator - Adding resource folder /user-service/src/main/resources
2026-09-13 16:56:20,777 [Worker-26: Updating Maven Project] INFO  o.e.m.j.i.AbstractJavaProjectConfigurator - Adding source folder /user-service/src/test/java
2026-09-13 16:56:20,778 [Worker-26: Updating Maven Project] INFO  o.e.m.j.i.AbstractJavaProjectConfigurator - Adding resource folder /user-service/src/test/resources
2026-09-13 16:56:22,145 [Worker-26: Updating Maven Project] INFO  o.e.m.c.i.p.ProjectConfigurationManager - Update completed for 2 poms: local refresh takes 0.00 sec, refresh facades takes 5.00 sec, update config takes 2.00 sec 
2026-09-13 16:56:22,672 [Worker-26: Building] INFO  o.a.m.s.f.DefaultMavenResourcesFiltering - Copying 1 resource from src\main\resources to target\classes
2026-09-13 16:56:22,691 [Worker-26: Building] INFO  o.a.m.s.f.DefaultMavenResourcesFiltering - Copying 0 resource from src\main\resources to target\classes
2026-09-13 16:56:22,697 [Worker-26: Building] INFO  o.a.m.s.f.DefaultMavenResourcesFiltering - skip non existing resourceDirectory C:\Users\LMANTHIN\OneDrive - Capgemini\botp\FlightManagementSystem\eureka-server\src\test\resources
2026-09-13 16:56:22,722 [Worker-26: Building] WARN  Sisu - Error injecting: org.apache.maven.plugins.jar.JarMojo
com.google.inject.ProvisionException: Unable to provision, see the following errors:

1) [Guice/ErrorInCustomProvider]: OutOfScopeException: Cannot access Key[type=MavenProject, annotation=[none]] outside of a scoping block
  at MojoExecutionScopeModule.configure(MojoExecutionScopeModule.java:47)
      \_ installed by: WireModule -> MojoExecutionScopeModule
  at JarMojo.<init>(JarMojo.java:72)
      \_ for 1st parameter
  while locating JarMojo

Learn more:
  https://github.com/google/guice/wiki/ERROR_IN_CUSTOM_PROVIDER

1 error

======================
Full classname legend:
======================
JarMojo:                  "org.apache.maven.plugins.jar.JarMojo"
MavenProject:             "org.apache.maven.project.MavenProject"
MojoExecutionScopeModule: "org.apache.maven.execution.scope.internal.MojoExecutionScopeModule"
OutOfScopeException:      "com.google.inject.OutOfScopeException"
WireModule:               "org.eclipse.sisu.wire.WireModule"
========================
End of classname legend:
========================

	at com.google.inject.internal.InternalProvisionException.toProvisionException(InternalProvisionException.java:251)
	at com.google.inject.internal.InjectorImpl$1.get(InjectorImpl.java:1104)
	at com.google.inject.internal.InjectorImpl.getInstance(InjectorImpl.java:1139)
	at org.eclipse.sisu.space.AbstractDeferredClass.get(AbstractDeferredClass.java:50)
	at com.google.inject.internal.ProviderInternalFactory.provision(ProviderInternalFactory.java:86)
	at com.google.inject.internal.InternalFactoryToInitializableAdapter.provision(InternalFactoryToInitializableAdapter.java:57)
	at com.google.inject.internal.ProviderInternalFactory$1.call(ProviderInternalFactory.java:67)
	at com.google.inject.internal.ProvisionListenerStackCallback$Provision.provision(ProvisionListenerStackCallback.java:109)
	at com.google.inject.internal.ProvisionListenerStackCallback$Provision.provision(ProvisionListenerStackCallback.java:124)
	at com.google.inject.internal.ProvisionListenerStackCallback.provision(ProvisionListenerStackCallback.java:66)
	at com.google.inject.internal.ProviderInternalFactory.circularGet(ProviderInternalFactory.java:62)
	at com.google.inject.internal.InternalFactoryToInitializableAdapter.get(InternalFactoryToInitializableAdapter.java:47)
	at com.google.inject.internal.InjectorImpl$1.get(InjectorImpl.java:1101)
	at org.eclipse.sisu.inject.Guice4$2.get(Guice4.java:235)
	at org.eclipse.sisu.inject.LazyBeanEntry.getValue(LazyBeanEntry.java:83)
	at org.eclipse.sisu.plexus.LazyPlexusBean.getValue(LazyPlexusBean.java:53)
	at org.codehaus.plexus.DefaultPlexusContainer.lookup(DefaultPlexusContainer.java:265)
	at org.codehaus.plexus.DefaultPlexusContainer.lookup(DefaultPlexusContainer.java:257)
	at org.apache.maven.plugin.internal.DefaultMavenPluginManager.getConfiguredMojo(DefaultMavenPluginManager.java:491)
	at org.eclipse.m2e.core.internal.embedder.MavenImpl.getConfiguredMojo(MavenImpl.java:206)
	at org.eclipse.m2e.mavenarchiver.internal.AbstractMavenArchiverConfigurator.reflectManifestGeneration(AbstractMavenArchiverConfigurator.java:439)
	at org.eclipse.m2e.mavenarchiver.internal.AbstractMavenArchiverConfigurator.lambda$3(AbstractMavenArchiverConfigurator.java:398)
	at org.eclipse.m2e.core.internal.embedder.MavenExecutionContext.executeBare(MavenExecutionContext.java:458)
	at org.eclipse.m2e.core.internal.embedder.MavenExecutionContext.execute(MavenExecutionContext.java:339)
	at org.eclipse.m2e.core.internal.embedder.MavenExecutionContext.execute(MavenExecutionContext.java:278)
	at org.eclipse.m2e.mavenarchiver.internal.AbstractMavenArchiverConfigurator.generateManifest(AbstractMavenArchiverConfigurator.java:371)
	at org.eclipse.m2e.mavenarchiver.internal.AbstractMavenArchiverConfigurator.mavenProjectChanged(AbstractMavenArchiverConfigurator.java:228)
	at org.eclipse.m2e.mavenarchiver.internal.AbstractMavenArchiverConfigurator$1.build(AbstractMavenArchiverConfigurator.java:178)
	at org.eclipse.m2e.core.internal.builder.MavenBuilderImpl.lambda$2(MavenBuilderImpl.java:159)
	at java.base/java.util.LinkedHashMap.forEach(LinkedHashMap.java:986)
	at org.eclipse.m2e.core.internal.builder.MavenBuilderImpl.build(MavenBuilderImpl.java:139)
	at org.eclipse.m2e.core.internal.builder.MavenBuilder$1.method(MavenBuilder.java:164)
	at org.eclipse.m2e.core.internal.builder.MavenBuilder$1.method(MavenBuilder.java:1)
	at org.eclipse.m2e.core.internal.builder.MavenBuilder$BuildMethod.lambda$1(MavenBuilder.java:109)
	at org.eclipse.m2e.core.internal.embedder.MavenExecutionContext.executeBare(MavenExecutionContext.java:458)
	at org.eclipse.m2e.core.internal.embedder.MavenExecutionContext.execute(MavenExecutionContext.java:292)
	at org.eclipse.m2e.core.internal.builder.MavenBuilder$BuildMethod.lambda$0(MavenBuilder.java:100)
	at org.eclipse.m2e.core.internal.embedder.MavenExecutionContext.executeBare(MavenExecutionContext.java:458)
	at org.eclipse.m2e.core.internal.embedder.MavenExecutionContext.execute(MavenExecutionContext.java:339)
	at org.eclipse.m2e.core.internal.embedder.MavenExecutionContext.execute(MavenExecutionContext.java:278)
	at org.eclipse.m2e.core.internal.builder.MavenBuilder$BuildMethod.execute(MavenBuilder.java:83)
	at org.eclipse.m2e.core.internal.builder.MavenBuilder.build(MavenBuilder.java:192)
	at org.eclipse.core.internal.events.BuildManager$2.run(BuildManager.java:1077)
	at org.eclipse.core.runtime.SafeRunner.run(SafeRunner.java:47)
	at org.eclipse.core.internal.events.BuildManager.basicBuild(BuildManager.java:296)
	at org.eclipse.core.internal.events.BuildManager.basicBuild(BuildManager.java:352)
	at org.eclipse.core.internal.events.BuildManager$1.run(BuildManager.java:441)
	at org.eclipse.core.runtime.SafeRunner.run(SafeRunner.java:47)
	at org.eclipse.core.internal.events.BuildManager.basicBuild(BuildManager.java:444)
	at org.eclipse.core.internal.events.BuildManager.basicBuildLoop(BuildManager.java:555)
	at org.eclipse.core.internal.events.BuildManager.basicBuildLoop(BuildManager.java:503)
	at org.eclipse.core.internal.events.BuildManager.build(BuildManager.java:585)
	at org.eclipse.core.internal.events.AutoBuildJob.doBuild(AutoBuildJob.java:207)
	at org.eclipse.core.internal.events.AutoBuildJob.run(AutoBuildJob.java:300)
	at org.eclipse.core.internal.jobs.Worker.run(Worker.java:63)
Caused by: com.google.inject.OutOfScopeException: Cannot access Key[type=org.apache.maven.project.MavenProject, annotation=[none]] outside of a scoping block
	at org.apache.maven.execution.scope.internal.MojoExecutionScope$2.get(MojoExecutionScope.java:99)
	at com.google.inject.internal.InternalFactoryToProviderAdapter.get(InternalFactoryToProviderAdapter.java:45)
	at com.google.inject.internal.SingleParameterInjector.inject(SingleParameterInjector.java:40)
	at com.google.inject.internal.SingleParameterInjector.getAll(SingleParameterInjector.java:60)
	at com.google.inject.internal.ConstructorInjector.provision(ConstructorInjector.java:113)
	at com.google.inject.internal.ConstructorInjector.access$000(ConstructorInjector.java:33)
	at com.google.inject.internal.ConstructorInjector$1.call(ConstructorInjector.java:98)
	at com.google.inject.internal.ProvisionListenerStackCallback$Provision.provision(ProvisionListenerStackCallback.java:109)
	at com.google.inject.internal.ProvisionListenerStackCallback$Provision.provision(ProvisionListenerStackCallback.java:124)
	at com.google.inject.internal.ProvisionListenerStackCallback.provision(ProvisionListenerStackCallback.java:66)
	at com.google.inject.internal.ConstructorInjector.construct(ConstructorInjector.java:93)
	at com.google.inject.internal.ConstructorBindingImpl$Factory.get(ConstructorBindingImpl.java:300)
	at com.google.inject.internal.InjectorImpl$1.get(InjectorImpl.java:1101)
	... 53 common frames omitted
2026-09-13 16:56:23,231 [Worker-26: Building] INFO  o.a.m.s.f.DefaultMavenResourcesFiltering - Copying 1 resource from src\main\resources to target\classes
2026-09-13 16:56:23,252 [Worker-26: Building] INFO  o.a.m.s.f.DefaultMavenResourcesFiltering - Copying 0 resource from src\main\resources to target\classes
2026-09-13 16:56:23,258 [Worker-26: Building] INFO  o.a.m.s.f.DefaultMavenResourcesFiltering - skip non existing resourceDirectory C:\Users\LMANTHIN\OneDrive - Capgemini\botp\FlightManagementSystem\user-service\src\test\resources
2026-09-13 16:56:23,281 [Worker-26: Building] WARN  Sisu - Error injecting: org.apache.maven.plugins.jar.JarMojo
com.google.inject.ProvisionException: Unable to provision, see the following errors:

1) [Guice/ErrorInCustomProvider]: OutOfScopeException: Cannot access Key[type=MavenProject, annotation=[none]] outside of a scoping block
  at MojoExecutionScopeModule.configure(MojoExecutionScopeModule.java:47)
      \_ installed by: WireModule -> MojoExecutionScopeModule
  at JarMojo.<init>(JarMojo.java:72)
      \_ for 1st parameter
  while locating JarMojo

Learn more:
  https://github.com/google/guice/wiki/ERROR_IN_CUSTOM_PROVIDER

1 error

======================
Full classname legend:
======================
JarMojo:                  "org.apache.maven.plugins.jar.JarMojo"
MavenProject:             "org.apache.maven.project.MavenProject"
MojoExecutionScopeModule: "org.apache.maven.execution.scope.internal.MojoExecutionScopeModule"
OutOfScopeException:      "com.google.inject.OutOfScopeException"
WireModule:               "org.eclipse.sisu.wire.WireModule"
========================
End of classname legend:
========================

	at com.google.inject.internal.InternalProvisionException.toProvisionException(InternalProvisionException.java:251)
	at com.google.inject.internal.InjectorImpl$1.get(InjectorImpl.java:1104)
	at com.google.inject.internal.InjectorImpl.getInstance(InjectorImpl.java:1139)
	at org.eclipse.sisu.space.AbstractDeferredClass.get(AbstractDeferredClass.java:50)
	at com.google.inject.internal.ProviderInternalFactory.provision(ProviderInternalFactory.java:86)
	at com.google.inject.internal.InternalFactoryToInitializableAdapter.provision(InternalFactoryToInitializableAdapter.java:57)
	at com.google.inject.internal.ProviderInternalFactory$1.call(ProviderInternalFactory.java:67)
	at com.google.inject.internal.ProvisionListenerStackCallback$Provision.provision(ProvisionListenerStackCallback.java:109)
	at com.google.inject.internal.ProvisionListenerStackCallback$Provision.provision(ProvisionListenerStackCallback.java:124)
	at com.google.inject.internal.ProvisionListenerStackCallback.provision(ProvisionListenerStackCallback.java:66)
	at com.google.inject.internal.ProviderInternalFactory.circularGet(ProviderInternalFactory.java:62)
	at com.google.inject.internal.InternalFactoryToInitializableAdapter.get(InternalFactoryToInitializableAdapter.java:47)
	at com.google.inject.internal.InjectorImpl$1.get(InjectorImpl.java:1101)
	at org.eclipse.sisu.inject.Guice4$2.get(Guice4.java:235)
	at org.eclipse.sisu.inject.LazyBeanEntry.getValue(LazyBeanEntry.java:83)
	at org.eclipse.sisu.plexus.LazyPlexusBean.getValue(LazyPlexusBean.java:53)
	at org.codehaus.plexus.DefaultPlexusContainer.lookup(DefaultPlexusContainer.java:265)
	at org.codehaus.plexus.DefaultPlexusContainer.lookup(DefaultPlexusContainer.java:257)
	at org.apache.maven.plugin.internal.DefaultMavenPluginManager.getConfiguredMojo(DefaultMavenPluginManager.java:491)
	at org.eclipse.m2e.core.internal.embedder.MavenImpl.getConfiguredMojo(MavenImpl.java:206)
	at org.eclipse.m2e.mavenarchiver.internal.AbstractMavenArchiverConfigurator.reflectManifestGeneration(AbstractMavenArchiverConfigurator.java:439)
	at org.eclipse.m2e.mavenarchiver.internal.AbstractMavenArchiverConfigurator.lambda$3(AbstractMavenArchiverConfigurator.java:398)
	at org.eclipse.m2e.core.internal.embedder.MavenExecutionContext.executeBare(MavenExecutionContext.java:458)
	at org.eclipse.m2e.core.internal.embedder.MavenExecutionContext.execute(MavenExecutionContext.java:339)
	at org.eclipse.m2e.core.internal.embedder.MavenExecutionContext.execute(MavenExecutionContext.java:278)
	at org.eclipse.m2e.mavenarchiver.internal.AbstractMavenArchiverConfigurator.generateManifest(AbstractMavenArchiverConfigurator.java:371)
	at org.eclipse.m2e.mavenarchiver.internal.AbstractMavenArchiverConfigurator.mavenProjectChanged(AbstractMavenArchiverConfigurator.java:228)
	at org.eclipse.m2e.mavenarchiver.internal.AbstractMavenArchiverConfigurator$1.build(AbstractMavenArchiverConfigurator.java:178)
	at org.eclipse.m2e.core.internal.builder.MavenBuilderImpl.lambda$2(MavenBuilderImpl.java:159)
	at java.base/java.util.LinkedHashMap.forEach(LinkedHashMap.java:986)
	at org.eclipse.m2e.core.internal.builder.MavenBuilderImpl.build(MavenBuilderImpl.java:139)
	at org.eclipse.m2e.core.internal.builder.MavenBuilder$1.method(MavenBuilder.java:164)
	at org.eclipse.m2e.core.internal.builder.MavenBuilder$1.method(MavenBuilder.java:1)
	at org.eclipse.m2e.core.internal.builder.MavenBuilder$BuildMethod.lambda$1(MavenBuilder.java:109)
	at org.eclipse.m2e.core.internal.embedder.MavenExecutionContext.executeBare(MavenExecutionContext.java:458)
	at org.eclipse.m2e.core.internal.embedder.MavenExecutionContext.execute(MavenExecutionContext.java:292)
	at org.eclipse.m2e.core.internal.builder.MavenBuilder$BuildMethod.lambda$0(MavenBuilder.java:100)
	at org.eclipse.m2e.core.internal.embedder.MavenExecutionContext.executeBare(MavenExecutionContext.java:458)
	at org.eclipse.m2e.core.internal.embedder.MavenExecutionContext.execute(MavenExecutionContext.java:339)
	at org.eclipse.m2e.core.internal.embedder.MavenExecutionContext.execute(MavenExecutionContext.java:278)
	at org.eclipse.m2e.core.internal.builder.MavenBuilder$BuildMethod.execute(MavenBuilder.java:83)
	at org.eclipse.m2e.core.internal.builder.MavenBuilder.build(MavenBuilder.java:192)
	at org.eclipse.core.internal.events.BuildManager$2.run(BuildManager.java:1077)
	at org.eclipse.core.runtime.SafeRunner.run(SafeRunner.java:47)
	at org.eclipse.core.internal.events.BuildManager.basicBuild(BuildManager.java:296)
	at org.eclipse.core.internal.events.BuildManager.basicBuild(BuildManager.java:352)
	at org.eclipse.core.internal.events.BuildManager$1.run(BuildManager.java:441)
	at org.eclipse.core.runtime.SafeRunner.run(SafeRunner.java:47)
	at org.eclipse.core.internal.events.BuildManager.basicBuild(BuildManager.java:444)
	at org.eclipse.core.internal.events.BuildManager.basicBuildLoop(BuildManager.java:555)
	at org.eclipse.core.internal.events.BuildManager.basicBuildLoop(BuildManager.java:503)
	at org.eclipse.core.internal.events.BuildManager.build(BuildManager.java:585)
	at org.eclipse.core.internal.events.AutoBuildJob.doBuild(AutoBuildJob.java:207)
	at org.eclipse.core.internal.events.AutoBuildJob.run(AutoBuildJob.java:300)
	at org.eclipse.core.internal.jobs.Worker.run(Worker.java:63)
Caused by: com.google.inject.OutOfScopeException: Cannot access Key[type=org.apache.maven.project.MavenProject, annotation=[none]] outside of a scoping block
	at org.apache.maven.execution.scope.internal.MojoExecutionScope$2.get(MojoExecutionScope.java:99)
	at com.google.inject.internal.InternalFactoryToProviderAdapter.get(InternalFactoryToProviderAdapter.java:45)
	at com.google.inject.internal.SingleParameterInjector.inject(SingleParameterInjector.java:40)
	at com.google.inject.internal.SingleParameterInjector.getAll(SingleParameterInjector.java:60)
	at com.google.inject.internal.ConstructorInjector.provision(ConstructorInjector.java:113)
	at com.google.inject.internal.ConstructorInjector.access$000(ConstructorInjector.java:33)
	at com.google.inject.internal.ConstructorInjector$1.call(ConstructorInjector.java:98)
	at com.google.inject.internal.ProvisionListenerStackCallback$Provision.provision(ProvisionListenerStackCallback.java:109)
	at com.google.inject.internal.ProvisionListenerStackCallback$Provision.provision(ProvisionListenerStackCallback.java:124)
	at com.google.inject.internal.ProvisionListenerStackCallback.provision(ProvisionListenerStackCallback.java:66)
	at com.google.inject.internal.ConstructorInjector.construct(ConstructorInjector.java:93)
	at com.google.inject.internal.ConstructorBindingImpl$Factory.get(ConstructorBindingImpl.java:300)
	at com.google.inject.internal.InjectorImpl$1.get(InjectorImpl.java:1101)
	... 53 common frames omitted
2026-09-13 16:56:48,120 [Worker-33: Launching Executing clean in C__Users_LMANTHIN_OneDrive - Capgemini_botp_FlightManagementSystem_eureka-server] INFO  o.eclipse.m2e.core.internal.Bundles - getClasspathEntries(Bundle=org.eclipse.m2e.maven.runtime_3.9.900.20240824-1409 [923])
2026-09-13 16:56:48,123 [Worker-33: Launching Executing clean in C__Users_LMANTHIN_OneDrive - Capgemini_botp_FlightManagementSystem_eureka-server] INFO  o.eclipse.m2e.core.internal.Bundles - 	Entry: C:\Installers\LandD\Spring_Tool_Suite_4.4.16.0_v10-EN\spring-tool-suite-4-4.16.0\plugins\org.eclipse.m2e.maven.runtime_3.9.900.20240824-1409
2026-09-13 16:56:48,123 [Worker-33: Launching Executing clean in C__Users_LMANTHIN_OneDrive - Capgemini_botp_FlightManagementSystem_eureka-server] INFO  o.eclipse.m2e.core.internal.Bundles - 	Entry: C:\Installers\LandD\Spring_Tool_Suite_4.4.16.0_v10-EN\spring-tool-suite-4-4.16.0\plugins\org.eclipse.m2e.maven.runtime_3.9.900.20240824-1409\jars\aopalliance-1.0.jar
2026-09-13 16:56:48,124 [Worker-33: Launching Executing clean in C__Users_LMANTHIN_OneDrive - Capgemini_botp_FlightManagementSystem_eureka-server] INFO  o.eclipse.m2e.core.internal.Bundles - 	Entry: C:\Installers\LandD\Spring_Tool_Suite_4.4.16.0_v10-EN\spring-tool-suite-4-4.16.0\plugins\org.eclipse.m2e.maven.runtime_3.9.900.20240824-1409\jars\guice-5.1.0.jar
2026-09-13 16:56:48,124 [Worker-33: Launching Executing clean in C__Users_LMANTHIN_OneDrive - Capgemini_botp_FlightManagementSystem_eureka-server] INFO  o.eclipse.m2e.core.internal.Bundles - 	Entry: C:\Installers\LandD\Spring_Tool_Suite_4.4.16.0_v10-EN\spring-tool-suite-4-4.16.0\plugins\org.eclipse.m2e.maven.runtime_3.9.900.20240824-1409\jars\httpclient-4.5.14.jar
2026-09-13 16:56:48,124 [Worker-33: Launching Executing clean in C__Users_LMANTHIN_OneDrive - Capgemini_botp_FlightManagementSystem_eureka-server] INFO  o.eclipse.m2e.core.internal.Bundles - 	Entry: C:\Installers\LandD\Spring_Tool_Suite_4.4.16.0_v10-EN\spring-tool-suite-4-4.16.0\plugins\org.eclipse.m2e.maven.runtime_3.9.900.20240824-1409\jars\httpcore-4.4.16.jar
2026-09-13 16:56:48,124 [Worker-33: Launching Executing clean in C__Users_LMANTHIN_OneDrive - Capgemini_botp_FlightManagementSystem_eureka-server] INFO  o.eclipse.m2e.core.internal.Bundles - 	Entry: C:\Installers\LandD\Spring_Tool_Suite_4.4.16.0_v10-EN\spring-tool-suite-4-4.16.0\plugins\org.eclipse.m2e.maven.runtime_3.9.900.20240824-1409\jars\jansi-2.4.1.jar
2026-09-13 16:56:48,125 [Worker-33: Launching Executing clean in C__Users_LMANTHIN_OneDrive - Capgemini_botp_FlightManagementSystem_eureka-server] INFO  o.eclipse.m2e.core.internal.Bundles - 	Entry: C:\Installers\LandD\Spring_Tool_Suite_4.4.16.0_v10-EN\spring-tool-suite-4-4.16.0\plugins\org.eclipse.m2e.maven.runtime_3.9.900.20240824-1409\jars\jcl-over-slf4j-1.7.36.jar
2026-09-13 16:56:48,125 [Worker-33: Launching Executing clean in C__Users_LMANTHIN_OneDrive - Capgemini_botp_FlightManagementSystem_eureka-server] INFO  o.eclipse.m2e.core.internal.Bundles - 	Entry: C:\Installers\LandD\Spring_Tool_Suite_4.4.16.0_v10-EN\spring-tool-suite-4-4.16.0\plugins\org.eclipse.m2e.maven.runtime_3.9.900.20240824-1409\jars\maven-artifact-3.9.9.jar
2026-09-13 16:56:48,125 [Worker-33: Launching Executing clean in C__Users_LMANTHIN_OneDrive - Capgemini_botp_FlightManagementSystem_eureka-server] INFO  o.eclipse.m2e.core.internal.Bundles - 	Entry: C:\Installers\LandD\Spring_Tool_Suite_4.4.16.0_v10-EN\spring-tool-suite-4-4.16.0\plugins\org.eclipse.m2e.maven.runtime_3.9.900.20240824-1409\jars\maven-builder-support-3.9.9.jar
2026-09-13 16:56:48,126 [Worker-33: Launching Executing clean in C__Users_LMANTHIN_OneDrive - Capgemini_botp_FlightManagementSystem_eureka-server] INFO  o.eclipse.m2e.core.internal.Bundles - 	Entry: C:\Installers\LandD\Spring_Tool_Suite_4.4.16.0_v10-EN\spring-tool-suite-4-4.16.0\plugins\org.eclipse.m2e.maven.runtime_3.9.900.20240824-1409\jars\maven-compat-3.9.9.jar
2026-09-13 16:56:48,126 [Worker-33: Launching Executing clean in C__Users_LMANTHIN_OneDrive - Capgemini_botp_FlightManagementSystem_eureka-server] INFO  o.eclipse.m2e.core.internal.Bundles - 	Entry: C:\Installers\LandD\Spring_Tool_Suite_4.4.16.0_v10-EN\spring-tool-suite-4-4.16.0\plugins\org.eclipse.m2e.maven.runtime_3.9.900.20240824-1409\jars\maven-core-3.9.9.jar
2026-09-13 16:56:48,126 [Worker-33: Launching Executing clean in C__Users_LMANTHIN_OneDrive - Capgemini_botp_FlightManagementSystem_eureka-server] INFO  o.eclipse.m2e.core.internal.Bundles - 	Entry: C:\Installers\LandD\Spring_Tool_Suite_4.4.16.0_v10-EN\spring-tool-suite-4-4.16.0\plugins\org.eclipse.m2e.maven.runtime_3.9.900.20240824-1409\jars\maven-embedder-3.9.9.jar
2026-09-13 16:56:48,126 [Worker-33: Launching Executing clean in C__Users_LMANTHIN_OneDrive - Capgemini_botp_FlightManagementSystem_eureka-server] INFO  o.eclipse.m2e.core.internal.Bundles - 	Entry: C:\Installers\LandD\Spring_Tool_Suite_4.4.16.0_v10-EN\spring-tool-suite-4-4.16.0\plugins\org.eclipse.m2e.maven.runtime_3.9.900.20240824-1409\jars\maven-model-3.9.9.jar
2026-09-13 16:56:48,126 [Worker-33: Launching Executing clean in C__Users_LMANTHIN_OneDrive - Capgemini_botp_FlightManagementSystem_eureka-server] INFO  o.eclipse.m2e.core.internal.Bundles - 	Entry: C:\Installers\LandD\Spring_Tool_Suite_4.4.16.0_v10-EN\spring-tool-suite-4-4.16.0\plugins\org.eclipse.m2e.maven.runtime_3.9.900.20240824-1409\jars\maven-model-builder-3.9.9.jar
2026-09-13 16:56:48,127 [Worker-33: Launching Executing clean in C__Users_LMANTHIN_OneDrive - Capgemini_botp_FlightManagementSystem_eureka-server] INFO  o.eclipse.m2e.core.internal.Bundles - 	Entry: C:\Installers\LandD\Spring_Tool_Suite_4.4.16.0_v10-EN\spring-tool-suite-4-4.16.0\plugins\org.eclipse.m2e.maven.runtime_3.9.900.20240824-1409\jars\maven-plugin-api-3.9.9.jar
2026-09-13 16:56:48,128 [Worker-33: Launching Executing clean in C__Users_LMANTHIN_OneDrive - Capgemini_botp_FlightManagementSystem_eureka-server] INFO  o.eclipse.m2e.core.internal.Bundles - 	Entry: C:\Installers\LandD\Spring_Tool_Suite_4.4.16.0_v10-EN\spring-tool-suite-4-4.16.0\plugins\org.eclipse.m2e.maven.runtime_3.9.900.20240824-1409\jars\maven-repository-metadata-3.9.9.jar
2026-09-13 16:56:48,128 [Worker-33: Launching Executing clean in C__Users_LMANTHIN_OneDrive - Capgemini_botp_FlightManagementSystem_eureka-server] INFO  o.eclipse.m2e.core.internal.Bundles - 	Entry: C:\Installers\LandD\Spring_Tool_Suite_4.4.16.0_v10-EN\spring-tool-suite-4-4.16.0\plugins\org.eclipse.m2e.maven.runtime_3.9.900.20240824-1409\jars\maven-resolver-api-1.9.22.jar
2026-09-13 16:56:48,128 [Worker-33: Launching Executing clean in C__Users_LMANTHIN_OneDrive - Capgemini_botp_FlightManagementSystem_eureka-server] INFO  o.eclipse.m2e.core.internal.Bundles - 	Entry: C:\Installers\LandD\Spring_Tool_Suite_4.4.16.0_v10-EN\spring-tool-suite-4-4.16.0\plugins\org.eclipse.m2e.maven.runtime_3.9.900.20240824-1409\jars\maven-resolver-connector-basic-1.9.22.jar
2026-09-13 16:56:48,129 [Worker-33: Launching Executing clean in C__Users_LMANTHIN_OneDrive - Capgemini_botp_FlightManagementSystem_eureka-server] INFO  o.eclipse.m2e.core.internal.Bundles - 	Entry: C:\Installers\LandD\Spring_Tool_Suite_4.4.16.0_v10-EN\spring-tool-suite-4-4.16.0\plugins\org.eclipse.m2e.maven.runtime_3.9.900.20240824-1409\jars\maven-resolver-impl-1.9.22.jar
2026-09-13 16:56:48,130 [Worker-33: Launching Executing clean in C__Users_LMANTHIN_OneDrive - Capgemini_botp_FlightManagementSystem_eureka-server] INFO  o.eclipse.m2e.core.internal.Bundles - 	Entry: C:\Installers\LandD\Spring_Tool_Suite_4.4.16.0_v10-EN\spring-tool-suite-4-4.16.0\plugins\org.eclipse.m2e.maven.runtime_3.9.900.20240824-1409\jars\maven-resolver-named-locks-1.9.22.jar
2026-09-13 16:56:48,130 [Worker-33: Launching Executing clean in C__Users_LMANTHIN_OneDrive - Capgemini_botp_FlightManagementSystem_eureka-server] INFO  o.eclipse.m2e.core.internal.Bundles - 	Entry: C:\Installers\LandD\Spring_Tool_Suite_4.4.16.0_v10-EN\spring-tool-suite-4-4.16.0\plugins\org.eclipse.m2e.maven.runtime_3.9.900.20240824-1409\jars\maven-resolver-provider-3.9.9.jar
2026-09-13 16:56:48,131 [Worker-33: Launching Executing clean in C__Users_LMANTHIN_OneDrive - Capgemini_botp_FlightManagementSystem_eureka-server] INFO  o.eclipse.m2e.core.internal.Bundles - 	Entry: C:\Installers\LandD\Spring_Tool_Suite_4.4.16.0_v10-EN\spring-tool-suite-4-4.16.0\plugins\org.eclipse.m2e.maven.runtime_3.9.900.20240824-1409\jars\maven-resolver-spi-1.9.22.jar
2026-09-13 16:56:48,131 [Worker-33: Launching Executing clean in C__Users_LMANTHIN_OneDrive - Capgemini_botp_FlightManagementSystem_eureka-server] INFO  o.eclipse.m2e.core.internal.Bundles - 	Entry: C:\Installers\LandD\Spring_Tool_Suite_4.4.16.0_v10-EN\spring-tool-suite-4-4.16.0\plugins\org.eclipse.m2e.maven.runtime_3.9.900.20240824-1409\jars\maven-resolver-transport-file-1.9.22.jar
2026-09-13 16:56:48,131 [Worker-33: Launching Executing clean in C__Users_LMANTHIN_OneDrive - Capgemini_botp_FlightManagementSystem_eureka-server] INFO  o.eclipse.m2e.core.internal.Bundles - 	Entry: C:\Installers\LandD\Spring_Tool_Suite_4.4.16.0_v10-EN\spring-tool-suite-4-4.16.0\plugins\org.eclipse.m2e.maven.runtime_3.9.900.20240824-1409\jars\maven-resolver-transport-http-1.9.22.jar
2026-09-13 16:56:48,132 [Worker-33: Launching Executing clean in C__Users_LMANTHIN_OneDrive - Capgemini_botp_FlightManagementSystem_eureka-server] INFO  o.eclipse.m2e.core.internal.Bundles - 	Entry: C:\Installers\LandD\Spring_Tool_Suite_4.4.16.0_v10-EN\spring-tool-suite-4-4.16.0\plugins\org.eclipse.m2e.maven.runtime_3.9.900.20240824-1409\jars\maven-resolver-transport-wagon-1.9.22.jar
2026-09-13 16:56:48,132 [Worker-33: Launching Executing clean in C__Users_LMANTHIN_OneDrive - Capgemini_botp_FlightManagementSystem_eureka-server] INFO  o.eclipse.m2e.core.internal.Bundles - 	Entry: C:\Installers\LandD\Spring_Tool_Suite_4.4.16.0_v10-EN\spring-tool-suite-4-4.16.0\plugins\org.eclipse.m2e.maven.runtime_3.9.900.20240824-1409\jars\maven-resolver-util-1.9.22.jar
2026-09-13 16:56:48,132 [Worker-33: Launching Executing clean in C__Users_LMANTHIN_OneDrive - Capgemini_botp_FlightManagementSystem_eureka-server] INFO  o.eclipse.m2e.core.internal.Bundles - 	Entry: C:\Installers\LandD\Spring_Tool_Suite_4.4.16.0_v10-EN\spring-tool-suite-4-4.16.0\plugins\org.eclipse.m2e.maven.runtime_3.9.900.20240824-1409\jars\maven-settings-3.9.9.jar
2026-09-13 16:56:48,133 [Worker-33: Launching Executing clean in C__Users_LMANTHIN_OneDrive - Capgemini_botp_FlightManagementSystem_eureka-server] INFO  o.eclipse.m2e.core.internal.Bundles - 	Entry: C:\Installers\LandD\Spring_Tool_Suite_4.4.16.0_v10-EN\spring-tool-suite-4-4.16.0\plugins\org.eclipse.m2e.maven.runtime_3.9.900.20240824-1409\jars\maven-settings-builder-3.9.9.jar
2026-09-13 16:56:48,133 [Worker-33: Launching Executing clean in C__Users_LMANTHIN_OneDrive - Capgemini_botp_FlightManagementSystem_eureka-server] INFO  o.eclipse.m2e.core.internal.Bundles - 	Entry: C:\Installers\LandD\Spring_Tool_Suite_4.4.16.0_v10-EN\spring-tool-suite-4-4.16.0\plugins\org.eclipse.m2e.maven.runtime_3.9.900.20240824-1409\jars\maven-shared-utils-3.4.2.jar
2026-09-13 16:56:48,133 [Worker-33: Launching Executing clean in C__Users_LMANTHIN_OneDrive - Capgemini_botp_FlightManagementSystem_eureka-server] INFO  o.eclipse.m2e.core.internal.Bundles - 	Entry: C:\Installers\LandD\Spring_Tool_Suite_4.4.16.0_v10-EN\spring-tool-suite-4-4.16.0\plugins\org.eclipse.m2e.maven.runtime_3.9.900.20240824-1409\jars\org.eclipse.sisu.inject-0.9.0.M3.jar
2026-09-13 16:56:48,134 [Worker-33: Launching Executing clean in C__Users_LMANTHIN_OneDrive - Capgemini_botp_FlightManagementSystem_eureka-server] INFO  o.eclipse.m2e.core.internal.Bundles - 	Entry: C:\Installers\LandD\Spring_Tool_Suite_4.4.16.0_v10-EN\spring-tool-suite-4-4.16.0\plugins\org.eclipse.m2e.maven.runtime_3.9.900.20240824-1409\jars\org.eclipse.sisu.plexus-0.9.0.M3.jar
2026-09-13 16:56:48,134 [Worker-33: Launching Executing clean in C__Users_LMANTHIN_OneDrive - Capgemini_botp_FlightManagementSystem_eureka-server] INFO  o.eclipse.m2e.core.internal.Bundles - 	Entry: C:\Installers\LandD\Spring_Tool_Suite_4.4.16.0_v10-EN\spring-tool-suite-4-4.16.0\plugins\org.eclipse.m2e.maven.runtime_3.9.900.20240824-1409\jars\plexus-build-api-0.0.7.jar
2026-09-13 16:56:48,134 [Worker-33: Launching Executing clean in C__Users_LMANTHIN_OneDrive - Capgemini_botp_FlightManagementSystem_eureka-server] INFO  o.eclipse.m2e.core.internal.Bundles - 	Entry: C:\Installers\LandD\Spring_Tool_Suite_4.4.16.0_v10-EN\spring-tool-suite-4-4.16.0\plugins\org.eclipse.m2e.maven.runtime_3.9.900.20240824-1409\jars\plexus-build-api-1.2.0.jar
2026-09-13 16:56:48,135 [Worker-33: Launching Executing clean in C__Users_LMANTHIN_OneDrive - Capgemini_botp_FlightManagementSystem_eureka-server] INFO  o.eclipse.m2e.core.internal.Bundles - 	Entry: C:\Installers\LandD\Spring_Tool_Suite_4.4.16.0_v10-EN\spring-tool-suite-4-4.16.0\plugins\org.eclipse.m2e.maven.runtime_3.9.900.20240824-1409\jars\plexus-cipher-2.0.jar
2026-09-13 16:56:48,135 [Worker-33: Launching Executing clean in C__Users_LMANTHIN_OneDrive - Capgemini_botp_FlightManagementSystem_eureka-server] INFO  o.eclipse.m2e.core.internal.Bundles - 	Entry: C:\Installers\LandD\Spring_Tool_Suite_4.4.16.0_v10-EN\spring-tool-suite-4-4.16.0\plugins\org.eclipse.m2e.maven.runtime_3.9.900.20240824-1409\jars\plexus-classworlds-2.8.0.jar
2026-09-13 16:56:48,135 [Worker-33: Launching Executing clean in C__Users_LMANTHIN_OneDrive - Capgemini_botp_FlightManagementSystem_eureka-server] INFO  o.eclipse.m2e.core.internal.Bundles - 	Entry: C:\Installers\LandD\Spring_Tool_Suite_4.4.16.0_v10-EN\spring-tool-suite-4-4.16.0\plugins\org.eclipse.m2e.maven.runtime_3.9.900.20240824-1409\jars\plexus-component-annotations-2.1.0.jar
2026-09-13 16:56:48,136 [Worker-33: Launching Executing clean in C__Users_LMANTHIN_OneDrive - Capgemini_botp_FlightManagementSystem_eureka-server] INFO  o.eclipse.m2e.core.internal.Bundles - 	Entry: C:\Installers\LandD\Spring_Tool_Suite_4.4.16.0_v10-EN\spring-tool-suite-4-4.16.0\plugins\org.eclipse.m2e.maven.runtime_3.9.900.20240824-1409\jars\plexus-interpolation-1.27.jar
2026-09-13 16:56:48,136 [Worker-33: Launching Executing clean in C__Users_LMANTHIN_OneDrive - Capgemini_botp_FlightManagementSystem_eureka-server] INFO  o.eclipse.m2e.core.internal.Bundles - 	Entry: C:\Installers\LandD\Spring_Tool_Suite_4.4.16.0_v10-EN\spring-tool-suite-4-4.16.0\plugins\org.eclipse.m2e.maven.runtime_3.9.900.20240824-1409\jars\plexus-sec-dispatcher-2.0.jar
2026-09-13 16:56:48,136 [Worker-33: Launching Executing clean in C__Users_LMANTHIN_OneDrive - Capgemini_botp_FlightManagementSystem_eureka-server] INFO  o.eclipse.m2e.core.internal.Bundles - 	Entry: C:\Installers\LandD\Spring_Tool_Suite_4.4.16.0_v10-EN\spring-tool-suite-4-4.16.0\plugins\org.eclipse.m2e.maven.runtime_3.9.900.20240824-1409\jars\plexus-utils-3.5.1.jar
2026-09-13 16:56:48,137 [Worker-33: Launching Executing clean in C__Users_LMANTHIN_OneDrive - Capgemini_botp_FlightManagementSystem_eureka-server] INFO  o.eclipse.m2e.core.internal.Bundles - 	Entry: C:\Installers\LandD\Spring_Tool_Suite_4.4.16.0_v10-EN\spring-tool-suite-4-4.16.0\plugins\org.eclipse.m2e.maven.runtime_3.9.900.20240824-1409\jars\plexus-xml-3.0.1.jar
2026-09-13 16:56:48,137 [Worker-33: Launching Executing clean in C__Users_LMANTHIN_OneDrive - Capgemini_botp_FlightManagementSystem_eureka-server] INFO  o.eclipse.m2e.core.internal.Bundles - 	Entry: C:\Installers\LandD\Spring_Tool_Suite_4.4.16.0_v10-EN\spring-tool-suite-4-4.16.0\plugins\org.eclipse.m2e.maven.runtime_3.9.900.20240824-1409\jars\wagon-file-3.5.3.jar
2026-09-13 16:56:48,137 [Worker-33: Launching Executing clean in C__Users_LMANTHIN_OneDrive - Capgemini_botp_FlightManagementSystem_eureka-server] INFO  o.eclipse.m2e.core.internal.Bundles - 	Entry: C:\Installers\LandD\Spring_Tool_Suite_4.4.16.0_v10-EN\spring-tool-suite-4-4.16.0\plugins\org.eclipse.m2e.maven.runtime_3.9.900.20240824-1409\jars\wagon-http-3.5.3.jar
2026-09-13 16:56:48,138 [Worker-33: Launching Executing clean in C__Users_LMANTHIN_OneDrive - Capgemini_botp_FlightManagementSystem_eureka-server] INFO  o.eclipse.m2e.core.internal.Bundles - 	Entry: C:\Installers\LandD\Spring_Tool_Suite_4.4.16.0_v10-EN\spring-tool-suite-4-4.16.0\plugins\org.eclipse.m2e.maven.runtime_3.9.900.20240824-1409\jars\wagon-http-shared-3.5.3.jar
2026-09-13 16:56:48,138 [Worker-33: Launching Executing clean in C__Users_LMANTHIN_OneDrive - Capgemini_botp_FlightManagementSystem_eureka-server] INFO  o.eclipse.m2e.core.internal.Bundles - 	Entry: C:\Installers\LandD\Spring_Tool_Suite_4.4.16.0_v10-EN\spring-tool-suite-4-4.16.0\plugins\org.eclipse.m2e.maven.runtime_3.9.900.20240824-1409\jars\wagon-provider-api-3.5.3.jar
2026-09-13 16:56:48,140 [Worker-33: Launching Executing clean in C__Users_LMANTHIN_OneDrive - Capgemini_botp_FlightManagementSystem_eureka-server] INFO  o.eclipse.m2e.core.internal.Bundles - getClasspathEntries(Bundle=com.google.guava_33.4.8.jre [1116])
2026-09-13 16:56:48,141 [Worker-33: Launching Executing clean in C__Users_LMANTHIN_OneDrive - Capgemini_botp_FlightManagementSystem_eureka-server] INFO  o.eclipse.m2e.core.internal.Bundles - 	Entry: C:\Installers\LandD\Spring_Tool_Suite_4.4.16.0_v10-EN\spring-tool-suite-4-4.16.0\plugins\com.google.guava_33.4.8.jre.jar
2026-09-13 16:56:48,141 [Worker-33: Launching Executing clean in C__Users_LMANTHIN_OneDrive - Capgemini_botp_FlightManagementSystem_eureka-server] INFO  o.eclipse.m2e.core.internal.Bundles - getClasspathEntries(Bundle=slf4j.api_2.0.17 [1157])
2026-09-13 16:56:48,142 [Worker-33: Launching Executing clean in C__Users_LMANTHIN_OneDrive - Capgemini_botp_FlightManagementSystem_eureka-server] INFO  o.eclipse.m2e.core.internal.Bundles - 	Entry: C:\Installers\LandD\Spring_Tool_Suite_4.4.16.0_v10-EN\spring-tool-suite-4-4.16.0\plugins\slf4j.api_2.0.17.jar
2026-09-13 16:56:48,142 [Worker-33: Launching Executing clean in C__Users_LMANTHIN_OneDrive - Capgemini_botp_FlightManagementSystem_eureka-server] INFO  o.eclipse.m2e.core.internal.Bundles - getClasspathEntries(Bundle=javax.inject_1.0.0.v20220405-0441 [48])
2026-09-13 16:56:48,143 [Worker-33: Launching Executing clean in C__Users_LMANTHIN_OneDrive - Capgemini_botp_FlightManagementSystem_eureka-server] INFO  o.eclipse.m2e.core.internal.Bundles - 	Entry: C:\Installers\LandD\Spring_Tool_Suite_4.4.16.0_v10-EN\spring-tool-suite-4-4.16.0\plugins\javax.inject_1.0.0.v20220405-0441.jar
2026-09-13 16:56:48,143 [Worker-33: Launching Executing clean in C__Users_LMANTHIN_OneDrive - Capgemini_botp_FlightManagementSystem_eureka-server] INFO  o.eclipse.m2e.core.internal.Bundles - getClasspathEntries(Bundle=javax.annotation_1.3.5.v20200909-1856 [46])
2026-09-13 16:56:48,145 [Worker-33: Launching Executing clean in C__Users_LMANTHIN_OneDrive - Capgemini_botp_FlightManagementSystem_eureka-server] INFO  o.eclipse.m2e.core.internal.Bundles - 	Entry: C:\Installers\LandD\Spring_Tool_Suite_4.4.16.0_v10-EN\spring-tool-suite-4-4.16.0\plugins\javax.annotation_1.3.5.v20200909-1856.jar
2026-09-13 16:56:48,145 [Worker-33: Launching Executing clean in C__Users_LMANTHIN_OneDrive - Capgemini_botp_FlightManagementSystem_eureka-server] INFO  o.eclipse.m2e.core.internal.Bundles - getClasspathEntries(Bundle=org.apache.commons.cli_1.9.0 [650])
2026-09-13 16:56:48,146 [Worker-33: Launching Executing clean in C__Users_LMANTHIN_OneDrive - Capgemini_botp_FlightManagementSystem_eureka-server] INFO  o.eclipse.m2e.core.internal.Bundles - 	Entry: C:\Installers\LandD\Spring_Tool_Suite_4.4.16.0_v10-EN\spring-tool-suite-4-4.16.0\plugins\org.apache.commons.cli_1.9.0.jar
2026-09-13 16:56:48,147 [Worker-33: Launching Executing clean in C__Users_LMANTHIN_OneDrive - Capgemini_botp_FlightManagementSystem_eureka-server] INFO  o.eclipse.m2e.core.internal.Bundles - getClasspathEntries(Bundle=org.apache.commons.commons-codec_1.16.0 [651])
2026-09-13 16:56:48,148 [Worker-33: Launching Executing clean in C__Users_LMANTHIN_OneDrive - Capgemini_botp_FlightManagementSystem_eureka-server] INFO  o.eclipse.m2e.core.internal.Bundles - 	Entry: C:\Installers\LandD\Spring_Tool_Suite_4.4.16.0_v10-EN\spring-tool-suite-4-4.16.0\plugins\org.apache.commons.commons-codec_1.16.0.jar
2026-09-13 16:56:48,148 [Worker-33: Launching Executing clean in C__Users_LMANTHIN_OneDrive - Capgemini_botp_FlightManagementSystem_eureka-server] INFO  o.eclipse.m2e.core.internal.Bundles - getClasspathEntries(Bundle=com.google.guava.failureaccess_1.0.3 [1117])
2026-09-13 16:56:48,149 [Worker-33: Launching Executing clean in C__Users_LMANTHIN_OneDrive - Capgemini_botp_FlightManagementSystem_eureka-server] INFO  o.eclipse.m2e.core.internal.Bundles - 	Entry: C:\Installers\LandD\Spring_Tool_Suite_4.4.16.0_v10-EN\spring-tool-suite-4-4.16.0\plugins\com.google.guava.failureaccess_1.0.3.jar
2026-09-13 16:56:48,165 [Worker-33: Launching Executing clean in C__Users_LMANTHIN_OneDrive - Capgemini_botp_FlightManagementSystem_eureka-server] INFO  o.e.m.i.launch.MavenLaunchDelegate - Run build in "C:\Users\LMANTHIN\OneDrive - Capgemini\botp\FlightManagementSystem\eureka-server":
2026-09-13 16:56:48,171 [Worker-33: Launching Executing clean in C__Users_LMANTHIN_OneDrive - Capgemini_botp_FlightManagementSystem_eureka-server] INFO  o.e.m.i.launch.MavenLaunchDelegate -  mvn  -Ppom.xml -B -Dstyle.color=always clean
2026-09-13 16:56:53,170 [Worker-26: Building] INFO  o.a.m.s.f.DefaultMavenResourcesFiltering - Copying 1 resource from src\main\resources to target\classes
2026-09-13 16:56:53,176 [Worker-26: Building] INFO  o.a.m.s.f.DefaultMavenResourcesFiltering - Copying 0 resource from src\main\resources to target\classes
2026-09-13 16:56:53,181 [Worker-26: Building] INFO  o.a.m.s.f.DefaultMavenResourcesFiltering - skip non existing resourceDirectory C:\Users\LMANTHIN\OneDrive - Capgemini\botp\FlightManagementSystem\eureka-server\src\test\resources
2026-09-13 16:56:53,205 [Worker-26: Building] WARN  Sisu - Error injecting: org.apache.maven.plugins.jar.JarMojo
com.google.inject.ProvisionException: Unable to provision, see the following errors:

1) [Guice/ErrorInCustomProvider]: OutOfScopeException: Cannot access Key[type=MavenProject, annotation=[none]] outside of a scoping block
  at MojoExecutionScopeModule.configure(MojoExecutionScopeModule.java:47)
      \_ installed by: WireModule -> MojoExecutionScopeModule
  at JarMojo.<init>(JarMojo.java:72)
      \_ for 1st parameter
  while locating JarMojo

Learn more:
  https://github.com/google/guice/wiki/ERROR_IN_CUSTOM_PROVIDER

1 error

======================
Full classname legend:
======================
JarMojo:                  "org.apache.maven.plugins.jar.JarMojo"
MavenProject:             "org.apache.maven.project.MavenProject"
MojoExecutionScopeModule: "org.apache.maven.execution.scope.internal.MojoExecutionScopeModule"
OutOfScopeException:      "com.google.inject.OutOfScopeException"
WireModule:               "org.eclipse.sisu.wire.WireModule"
========================
End of classname legend:
========================

	at com.google.inject.internal.InternalProvisionException.toProvisionException(InternalProvisionException.java:251)
	at com.google.inject.internal.InjectorImpl$1.get(InjectorImpl.java:1104)
	at com.google.inject.internal.InjectorImpl.getInstance(InjectorImpl.java:1139)
	at org.eclipse.sisu.space.AbstractDeferredClass.get(AbstractDeferredClass.java:50)
	at com.google.inject.internal.ProviderInternalFactory.provision(ProviderInternalFactory.java:86)
	at com.google.inject.internal.InternalFactoryToInitializableAdapter.provision(InternalFactoryToInitializableAdapter.java:57)
	at com.google.inject.internal.ProviderInternalFactory$1.call(ProviderInternalFactory.java:67)
	at com.google.inject.internal.ProvisionListenerStackCallback$Provision.provision(ProvisionListenerStackCallback.java:109)
	at com.google.inject.internal.ProvisionListenerStackCallback$Provision.provision(ProvisionListenerStackCallback.java:124)
	at com.google.inject.internal.ProvisionListenerStackCallback.provision(ProvisionListenerStackCallback.java:66)
	at com.google.inject.internal.ProviderInternalFactory.circularGet(ProviderInternalFactory.java:62)
	at com.google.inject.internal.InternalFactoryToInitializableAdapter.get(InternalFactoryToInitializableAdapter.java:47)
	at com.google.inject.internal.InjectorImpl$1.get(InjectorImpl.java:1101)
	at org.eclipse.sisu.inject.Guice4$2.get(Guice4.java:235)
	at org.eclipse.sisu.inject.LazyBeanEntry.getValue(LazyBeanEntry.java:83)
	at org.eclipse.sisu.plexus.LazyPlexusBean.getValue(LazyPlexusBean.java:53)
	at org.codehaus.plexus.DefaultPlexusContainer.lookup(DefaultPlexusContainer.java:265)
	at org.codehaus.plexus.DefaultPlexusContainer.lookup(DefaultPlexusContainer.java:257)
	at org.apache.maven.plugin.internal.DefaultMavenPluginManager.getConfiguredMojo(DefaultMavenPluginManager.java:491)
	at org.eclipse.m2e.core.internal.embedder.MavenImpl.getConfiguredMojo(MavenImpl.java:206)
	at org.eclipse.m2e.mavenarchiver.internal.AbstractMavenArchiverConfigurator.reflectManifestGeneration(AbstractMavenArchiverConfigurator.java:439)
	at org.eclipse.m2e.mavenarchiver.internal.AbstractMavenArchiverConfigurator.lambda$3(AbstractMavenArchiverConfigurator.java:398)
	at org.eclipse.m2e.core.internal.embedder.MavenExecutionContext.executeBare(MavenExecutionContext.java:458)
	at org.eclipse.m2e.core.internal.embedder.MavenExecutionContext.execute(MavenExecutionContext.java:339)
	at org.eclipse.m2e.core.internal.embedder.MavenExecutionContext.execute(MavenExecutionContext.java:278)
	at org.eclipse.m2e.mavenarchiver.internal.AbstractMavenArchiverConfigurator.generateManifest(AbstractMavenArchiverConfigurator.java:371)
	at org.eclipse.m2e.mavenarchiver.internal.AbstractMavenArchiverConfigurator.mavenProjectChanged(AbstractMavenArchiverConfigurator.java:228)
	at org.eclipse.m2e.mavenarchiver.internal.AbstractMavenArchiverConfigurator$1.build(AbstractMavenArchiverConfigurator.java:178)
	at org.eclipse.m2e.core.internal.builder.MavenBuilderImpl.lambda$2(MavenBuilderImpl.java:159)
	at java.base/java.util.LinkedHashMap.forEach(LinkedHashMap.java:986)
	at org.eclipse.m2e.core.internal.builder.MavenBuilderImpl.build(MavenBuilderImpl.java:139)
	at org.eclipse.m2e.core.internal.builder.MavenBuilder$1.method(MavenBuilder.java:164)
	at org.eclipse.m2e.core.internal.builder.MavenBuilder$1.method(MavenBuilder.java:1)
	at org.eclipse.m2e.core.internal.builder.MavenBuilder$BuildMethod.lambda$1(MavenBuilder.java:109)
	at org.eclipse.m2e.core.internal.embedder.MavenExecutionContext.executeBare(MavenExecutionContext.java:458)
	at org.eclipse.m2e.core.internal.embedder.MavenExecutionContext.execute(MavenExecutionContext.java:292)
	at org.eclipse.m2e.core.internal.builder.MavenBuilder$BuildMethod.lambda$0(MavenBuilder.java:100)
	at org.eclipse.m2e.core.internal.embedder.MavenExecutionContext.executeBare(MavenExecutionContext.java:458)
	at org.eclipse.m2e.core.internal.embedder.MavenExecutionContext.execute(MavenExecutionContext.java:339)
	at org.eclipse.m2e.core.internal.embedder.MavenExecutionContext.execute(MavenExecutionContext.java:278)
	at org.eclipse.m2e.core.internal.builder.MavenBuilder$BuildMethod.execute(MavenBuilder.java:83)
	at org.eclipse.m2e.core.internal.builder.MavenBuilder.build(MavenBuilder.java:192)
	at org.eclipse.core.internal.events.BuildManager$2.run(BuildManager.java:1077)
	at org.eclipse.core.runtime.SafeRunner.run(SafeRunner.java:47)
	at org.eclipse.core.internal.events.BuildManager.basicBuild(BuildManager.java:296)
	at org.eclipse.core.internal.events.BuildManager.basicBuild(BuildManager.java:352)
	at org.eclipse.core.internal.events.BuildManager$1.run(BuildManager.java:441)
	at org.eclipse.core.runtime.SafeRunner.run(SafeRunner.java:47)
	at org.eclipse.core.internal.events.BuildManager.basicBuild(BuildManager.java:444)
	at org.eclipse.core.internal.events.BuildManager.basicBuildLoop(BuildManager.java:555)
	at org.eclipse.core.internal.events.BuildManager.basicBuildLoop(BuildManager.java:503)
	at org.eclipse.core.internal.events.BuildManager.build(BuildManager.java:585)
	at org.eclipse.core.internal.events.AutoBuildJob.doBuild(AutoBuildJob.java:207)
	at org.eclipse.core.internal.events.AutoBuildJob.run(AutoBuildJob.java:300)
	at org.eclipse.core.internal.jobs.Worker.run(Worker.java:63)
Caused by: com.google.inject.OutOfScopeException: Cannot access Key[type=org.apache.maven.project.MavenProject, annotation=[none]] outside of a scoping block
	at org.apache.maven.execution.scope.internal.MojoExecutionScope$2.get(MojoExecutionScope.java:99)
	at com.google.inject.internal.InternalFactoryToProviderAdapter.get(InternalFactoryToProviderAdapter.java:45)
	at com.google.inject.internal.SingleParameterInjector.inject(SingleParameterInjector.java:40)
	at com.google.inject.internal.SingleParameterInjector.getAll(SingleParameterInjector.java:60)
	at com.google.inject.internal.ConstructorInjector.provision(ConstructorInjector.java:113)
	at com.google.inject.internal.ConstructorInjector.access$000(ConstructorInjector.java:33)
	at com.google.inject.internal.ConstructorInjector$1.call(ConstructorInjector.java:98)
	at com.google.inject.internal.ProvisionListenerStackCallback$Provision.provision(ProvisionListenerStackCallback.java:109)
	at com.google.inject.internal.ProvisionListenerStackCallback$Provision.provision(ProvisionListenerStackCallback.java:124)
	at com.google.inject.internal.ProvisionListenerStackCallback.provision(ProvisionListenerStackCallback.java:66)
	at com.google.inject.internal.ConstructorInjector.construct(ConstructorInjector.java:93)
	at com.google.inject.internal.ConstructorBindingImpl$Factory.get(ConstructorBindingImpl.java:300)
	at com.google.inject.internal.InjectorImpl$1.get(InjectorImpl.java:1101)
	... 53 common frames omitted
2026-09-13 16:58:22,454 [Worker-33: Launching Executing install in C__Users_LMANTHIN_OneDrive - Capgemini_botp_FlightManagementSystem_eureka-server] INFO  o.eclipse.m2e.core.internal.Bundles - getClasspathEntries(Bundle=org.eclipse.m2e.maven.runtime_3.9.900.20240824-1409 [923])
2026-09-13 16:58:22,457 [Worker-33: Launching Executing install in C__Users_LMANTHIN_OneDrive - Capgemini_botp_FlightManagementSystem_eureka-server] INFO  o.eclipse.m2e.core.internal.Bundles - 	Entry: C:\Installers\LandD\Spring_Tool_Suite_4.4.16.0_v10-EN\spring-tool-suite-4-4.16.0\plugins\org.eclipse.m2e.maven.runtime_3.9.900.20240824-1409
2026-09-13 16:58:22,457 [Worker-33: Launching Executing install in C__Users_LMANTHIN_OneDrive - Capgemini_botp_FlightManagementSystem_eureka-server] INFO  o.eclipse.m2e.core.internal.Bundles - 	Entry: C:\Installers\LandD\Spring_Tool_Suite_4.4.16.0_v10-EN\spring-tool-suite-4-4.16.0\plugins\org.eclipse.m2e.maven.runtime_3.9.900.20240824-1409\jars\aopalliance-1.0.jar
2026-09-13 16:58:22,458 [Worker-33: Launching Executing install in C__Users_LMANTHIN_OneDrive - Capgemini_botp_FlightManagementSystem_eureka-server] INFO  o.eclipse.m2e.core.internal.Bundles - 	Entry: C:\Installers\LandD\Spring_Tool_Suite_4.4.16.0_v10-EN\spring-tool-suite-4-4.16.0\plugins\org.eclipse.m2e.maven.runtime_3.9.900.20240824-1409\jars\guice-5.1.0.jar
2026-09-13 16:58:22,458 [Worker-33: Launching Executing install in C__Users_LMANTHIN_OneDrive - Capgemini_botp_FlightManagementSystem_eureka-server] INFO  o.eclipse.m2e.core.internal.Bundles - 	Entry: C:\Installers\LandD\Spring_Tool_Suite_4.4.16.0_v10-EN\spring-tool-suite-4-4.16.0\plugins\org.eclipse.m2e.maven.runtime_3.9.900.20240824-1409\jars\httpclient-4.5.14.jar
2026-09-13 16:58:22,459 [Worker-33: Launching Executing install in C__Users_LMANTHIN_OneDrive - Capgemini_botp_FlightManagementSystem_eureka-server] INFO  o.eclipse.m2e.core.internal.Bundles - 	Entry: C:\Installers\LandD\Spring_Tool_Suite_4.4.16.0_v10-EN\spring-tool-suite-4-4.16.0\plugins\org.eclipse.m2e.maven.runtime_3.9.900.20240824-1409\jars\httpcore-4.4.16.jar
2026-09-13 16:58:22,459 [Worker-33: Launching Executing install in C__Users_LMANTHIN_OneDrive - Capgemini_botp_FlightManagementSystem_eureka-server] INFO  o.eclipse.m2e.core.internal.Bundles - 	Entry: C:\Installers\LandD\Spring_Tool_Suite_4.4.16.0_v10-EN\spring-tool-suite-4-4.16.0\plugins\org.eclipse.m2e.maven.runtime_3.9.900.20240824-1409\jars\jansi-2.4.1.jar
2026-09-13 16:58:22,459 [Worker-33: Launching Executing install in C__Users_LMANTHIN_OneDrive - Capgemini_botp_FlightManagementSystem_eureka-server] INFO  o.eclipse.m2e.core.internal.Bundles - 	Entry: C:\Installers\LandD\Spring_Tool_Suite_4.4.16.0_v10-EN\spring-tool-suite-4-4.16.0\plugins\org.eclipse.m2e.maven.runtime_3.9.900.20240824-1409\jars\jcl-over-slf4j-1.7.36.jar
2026-09-13 16:58:22,460 [Worker-33: Launching Executing install in C__Users_LMANTHIN_OneDrive - Capgemini_botp_FlightManagementSystem_eureka-server] INFO  o.eclipse.m2e.core.internal.Bundles - 	Entry: C:\Installers\LandD\Spring_Tool_Suite_4.4.16.0_v10-EN\spring-tool-suite-4-4.16.0\plugins\org.eclipse.m2e.maven.runtime_3.9.900.20240824-1409\jars\maven-artifact-3.9.9.jar
2026-09-13 16:58:22,460 [Worker-33: Launching Executing install in C__Users_LMANTHIN_OneDrive - Capgemini_botp_FlightManagementSystem_eureka-server] INFO  o.eclipse.m2e.core.internal.Bundles - 	Entry: C:\Installers\LandD\Spring_Tool_Suite_4.4.16.0_v10-EN\spring-tool-suite-4-4.16.0\plugins\org.eclipse.m2e.maven.runtime_3.9.900.20240824-1409\jars\maven-builder-support-3.9.9.jar
2026-09-13 16:58:22,461 [Worker-33: Launching Executing install in C__Users_LMANTHIN_OneDrive - Capgemini_botp_FlightManagementSystem_eureka-server] INFO  o.eclipse.m2e.core.internal.Bundles - 	Entry: C:\Installers\LandD\Spring_Tool_Suite_4.4.16.0_v10-EN\spring-tool-suite-4-4.16.0\plugins\org.eclipse.m2e.maven.runtime_3.9.900.20240824-1409\jars\maven-compat-3.9.9.jar
2026-09-13 16:58:22,461 [Worker-33: Launching Executing install in C__Users_LMANTHIN_OneDrive - Capgemini_botp_FlightManagementSystem_eureka-server] INFO  o.eclipse.m2e.core.internal.Bundles - 	Entry: C:\Installers\LandD\Spring_Tool_Suite_4.4.16.0_v10-EN\spring-tool-suite-4-4.16.0\plugins\org.eclipse.m2e.maven.runtime_3.9.900.20240824-1409\jars\maven-core-3.9.9.jar
2026-09-13 16:58:22,462 [Worker-33: Launching Executing install in C__Users_LMANTHIN_OneDrive - Capgemini_botp_FlightManagementSystem_eureka-server] INFO  o.eclipse.m2e.core.internal.Bundles - 	Entry: C:\Installers\LandD\Spring_Tool_Suite_4.4.16.0_v10-EN\spring-tool-suite-4-4.16.0\plugins\org.eclipse.m2e.maven.runtime_3.9.900.20240824-1409\jars\maven-embedder-3.9.9.jar
2026-09-13 16:58:22,462 [Worker-33: Launching Executing install in C__Users_LMANTHIN_OneDrive - Capgemini_botp_FlightManagementSystem_eureka-server] INFO  o.eclipse.m2e.core.internal.Bundles - 	Entry: C:\Installers\LandD\Spring_Tool_Suite_4.4.16.0_v10-EN\spring-tool-suite-4-4.16.0\plugins\org.eclipse.m2e.maven.runtime_3.9.900.20240824-1409\jars\maven-model-3.9.9.jar
2026-09-13 16:58:22,463 [Worker-33: Launching Executing install in C__Users_LMANTHIN_OneDrive - Capgemini_botp_FlightManagementSystem_eureka-server] INFO  o.eclipse.m2e.core.internal.Bundles - 	Entry: C:\Installers\LandD\Spring_Tool_Suite_4.4.16.0_v10-EN\spring-tool-suite-4-4.16.0\plugins\org.eclipse.m2e.maven.runtime_3.9.900.20240824-1409\jars\maven-model-builder-3.9.9.jar
2026-09-13 16:58:22,463 [Worker-33: Launching Executing install in C__Users_LMANTHIN_OneDrive - Capgemini_botp_FlightManagementSystem_eureka-server] INFO  o.eclipse.m2e.core.internal.Bundles - 	Entry: C:\Installers\LandD\Spring_Tool_Suite_4.4.16.0_v10-EN\spring-tool-suite-4-4.16.0\plugins\org.eclipse.m2e.maven.runtime_3.9.900.20240824-1409\jars\maven-plugin-api-3.9.9.jar
2026-09-13 16:58:22,464 [Worker-33: Launching Executing install in C__Users_LMANTHIN_OneDrive - Capgemini_botp_FlightManagementSystem_eureka-server] INFO  o.eclipse.m2e.core.internal.Bundles - 	Entry: C:\Installers\LandD\Spring_Tool_Suite_4.4.16.0_v10-EN\spring-tool-suite-4-4.16.0\plugins\org.eclipse.m2e.maven.runtime_3.9.900.20240824-1409\jars\maven-repository-metadata-3.9.9.jar
2026-09-13 16:58:22,464 [Worker-33: Launching Executing install in C__Users_LMANTHIN_OneDrive - Capgemini_botp_FlightManagementSystem_eureka-server] INFO  o.eclipse.m2e.core.internal.Bundles - 	Entry: C:\Installers\LandD\Spring_Tool_Suite_4.4.16.0_v10-EN\spring-tool-suite-4-4.16.0\plugins\org.eclipse.m2e.maven.runtime_3.9.900.20240824-1409\jars\maven-resolver-api-1.9.22.jar
2026-09-13 16:58:22,465 [Worker-33: Launching Executing install in C__Users_LMANTHIN_OneDrive - Capgemini_botp_FlightManagementSystem_eureka-server] INFO  o.eclipse.m2e.core.internal.Bundles - 	Entry: C:\Installers\LandD\Spring_Tool_Suite_4.4.16.0_v10-EN\spring-tool-suite-4-4.16.0\plugins\org.eclipse.m2e.maven.runtime_3.9.900.20240824-1409\jars\maven-resolver-connector-basic-1.9.22.jar
2026-09-13 16:58:22,465 [Worker-33: Launching Executing install in C__Users_LMANTHIN_OneDrive - Capgemini_botp_FlightManagementSystem_eureka-server] INFO  o.eclipse.m2e.core.internal.Bundles - 	Entry: C:\Installers\LandD\Spring_Tool_Suite_4.4.16.0_v10-EN\spring-tool-suite-4-4.16.0\plugins\org.eclipse.m2e.maven.runtime_3.9.900.20240824-1409\jars\maven-resolver-impl-1.9.22.jar
2026-09-13 16:58:22,466 [Worker-33: Launching Executing install in C__Users_LMANTHIN_OneDrive - Capgemini_botp_FlightManagementSystem_eureka-server] INFO  o.eclipse.m2e.core.internal.Bundles - 	Entry: C:\Installers\LandD\Spring_Tool_Suite_4.4.16.0_v10-EN\spring-tool-suite-4-4.16.0\plugins\org.eclipse.m2e.maven.runtime_3.9.900.20240824-1409\jars\maven-resolver-named-locks-1.9.22.jar
2026-09-13 16:58:22,466 [Worker-33: Launching Executing install in C__Users_LMANTHIN_OneDrive - Capgemini_botp_FlightManagementSystem_eureka-server] INFO  o.eclipse.m2e.core.internal.Bundles - 	Entry: C:\Installers\LandD\Spring_Tool_Suite_4.4.16.0_v10-EN\spring-tool-suite-4-4.16.0\plugins\org.eclipse.m2e.maven.runtime_3.9.900.20240824-1409\jars\maven-resolver-provider-3.9.9.jar
2026-09-13 16:58:22,467 [Worker-33: Launching Executing install in C__Users_LMANTHIN_OneDrive - Capgemini_botp_FlightManagementSystem_eureka-server] INFO  o.eclipse.m2e.core.internal.Bundles - 	Entry: C:\Installers\LandD\Spring_Tool_Suite_4.4.16.0_v10-EN\spring-tool-suite-4-4.16.0\plugins\org.eclipse.m2e.maven.runtime_3.9.900.20240824-1409\jars\maven-resolver-spi-1.9.22.jar
2026-09-13 16:58:22,467 [Worker-33: Launching Executing install in C__Users_LMANTHIN_OneDrive - Capgemini_botp_FlightManagementSystem_eureka-server] INFO  o.eclipse.m2e.core.internal.Bundles - 	Entry: C:\Installers\LandD\Spring_Tool_Suite_4.4.16.0_v10-EN\spring-tool-suite-4-4.16.0\plugins\org.eclipse.m2e.maven.runtime_3.9.900.20240824-1409\jars\maven-resolver-transport-file-1.9.22.jar
2026-09-13 16:58:22,468 [Worker-33: Launching Executing install in C__Users_LMANTHIN_OneDrive - Capgemini_botp_FlightManagementSystem_eureka-server] INFO  o.eclipse.m2e.core.internal.Bundles - 	Entry: C:\Installers\LandD\Spring_Tool_Suite_4.4.16.0_v10-EN\spring-tool-suite-4-4.16.0\plugins\org.eclipse.m2e.maven.runtime_3.9.900.20240824-1409\jars\maven-resolver-transport-http-1.9.22.jar
2026-09-13 16:58:22,468 [Worker-33: Launching Executing install in C__Users_LMANTHIN_OneDrive - Capgemini_botp_FlightManagementSystem_eureka-server] INFO  o.eclipse.m2e.core.internal.Bundles - 	Entry: C:\Installers\LandD\Spring_Tool_Suite_4.4.16.0_v10-EN\spring-tool-suite-4-4.16.0\plugins\org.eclipse.m2e.maven.runtime_3.9.900.20240824-1409\jars\maven-resolver-transport-wagon-1.9.22.jar
2026-09-13 16:58:22,469 [Worker-33: Launching Executing install in C__Users_LMANTHIN_OneDrive - Capgemini_botp_FlightManagementSystem_eureka-server] INFO  o.eclipse.m2e.core.internal.Bundles - 	Entry: C:\Installers\LandD\Spring_Tool_Suite_4.4.16.0_v10-EN\spring-tool-suite-4-4.16.0\plugins\org.eclipse.m2e.maven.runtime_3.9.900.20240824-1409\jars\maven-resolver-util-1.9.22.jar
2026-09-13 16:58:22,469 [Worker-33: Launching Executing install in C__Users_LMANTHIN_OneDrive - Capgemini_botp_FlightManagementSystem_eureka-server] INFO  o.eclipse.m2e.core.internal.Bundles - 	Entry: C:\Installers\LandD\Spring_Tool_Suite_4.4.16.0_v10-EN\spring-tool-suite-4-4.16.0\plugins\org.eclipse.m2e.maven.runtime_3.9.900.20240824-1409\jars\maven-settings-3.9.9.jar
2026-09-13 16:58:22,470 [Worker-33: Launching Executing install in C__Users_LMANTHIN_OneDrive - Capgemini_botp_FlightManagementSystem_eureka-server] INFO  o.eclipse.m2e.core.internal.Bundles - 	Entry: C:\Installers\LandD\Spring_Tool_Suite_4.4.16.0_v10-EN\spring-tool-suite-4-4.16.0\plugins\org.eclipse.m2e.maven.runtime_3.9.900.20240824-1409\jars\maven-settings-builder-3.9.9.jar
2026-09-13 16:58:22,470 [Worker-33: Launching Executing install in C__Users_LMANTHIN_OneDrive - Capgemini_botp_FlightManagementSystem_eureka-server] INFO  o.eclipse.m2e.core.internal.Bundles - 	Entry: C:\Installers\LandD\Spring_Tool_Suite_4.4.16.0_v10-EN\spring-tool-suite-4-4.16.0\plugins\org.eclipse.m2e.maven.runtime_3.9.900.20240824-1409\jars\maven-shared-utils-3.4.2.jar
2026-09-13 16:58:22,470 [Worker-33: Launching Executing install in C__Users_LMANTHIN_OneDrive - Capgemini_botp_FlightManagementSystem_eureka-server] INFO  o.eclipse.m2e.core.internal.Bundles - 	Entry: C:\Installers\LandD\Spring_Tool_Suite_4.4.16.0_v10-EN\spring-tool-suite-4-4.16.0\plugins\org.eclipse.m2e.maven.runtime_3.9.900.20240824-1409\jars\org.eclipse.sisu.inject-0.9.0.M3.jar
2026-09-13 16:58:22,471 [Worker-33: Launching Executing install in C__Users_LMANTHIN_OneDrive - Capgemini_botp_FlightManagementSystem_eureka-server] INFO  o.eclipse.m2e.core.internal.Bundles - 	Entry: C:\Installers\LandD\Spring_Tool_Suite_4.4.16.0_v10-EN\spring-tool-suite-4-4.16.0\plugins\org.eclipse.m2e.maven.runtime_3.9.900.20240824-1409\jars\org.eclipse.sisu.plexus-0.9.0.M3.jar
2026-09-13 16:58:22,471 [Worker-33: Launching Executing install in C__Users_LMANTHIN_OneDrive - Capgemini_botp_FlightManagementSystem_eureka-server] INFO  o.eclipse.m2e.core.internal.Bundles - 	Entry: C:\Installers\LandD\Spring_Tool_Suite_4.4.16.0_v10-EN\spring-tool-suite-4-4.16.0\plugins\org.eclipse.m2e.maven.runtime_3.9.900.20240824-1409\jars\plexus-build-api-0.0.7.jar
2026-09-13 16:58:22,471 [Worker-33: Launching Executing install in C__Users_LMANTHIN_OneDrive - Capgemini_botp_FlightManagementSystem_eureka-server] INFO  o.eclipse.m2e.core.internal.Bundles - 	Entry: C:\Installers\LandD\Spring_Tool_Suite_4.4.16.0_v10-EN\spring-tool-suite-4-4.16.0\plugins\org.eclipse.m2e.maven.runtime_3.9.900.20240824-1409\jars\plexus-build-api-1.2.0.jar
2026-09-13 16:58:22,472 [Worker-33: Launching Executing install in C__Users_LMANTHIN_OneDrive - Capgemini_botp_FlightManagementSystem_eureka-server] INFO  o.eclipse.m2e.core.internal.Bundles - 	Entry: C:\Installers\LandD\Spring_Tool_Suite_4.4.16.0_v10-EN\spring-tool-suite-4-4.16.0\plugins\org.eclipse.m2e.maven.runtime_3.9.900.20240824-1409\jars\plexus-cipher-2.0.jar
2026-09-13 16:58:22,472 [Worker-33: Launching Executing install in C__Users_LMANTHIN_OneDrive - Capgemini_botp_FlightManagementSystem_eureka-server] INFO  o.eclipse.m2e.core.internal.Bundles - 	Entry: C:\Installers\LandD\Spring_Tool_Suite_4.4.16.0_v10-EN\spring-tool-suite-4-4.16.0\plugins\org.eclipse.m2e.maven.runtime_3.9.900.20240824-1409\jars\plexus-classworlds-2.8.0.jar
2026-09-13 16:58:22,473 [Worker-33: Launching Executing install in C__Users_LMANTHIN_OneDrive - Capgemini_botp_FlightManagementSystem_eureka-server] INFO  o.eclipse.m2e.core.internal.Bundles - 	Entry: C:\Installers\LandD\Spring_Tool_Suite_4.4.16.0_v10-EN\spring-tool-suite-4-4.16.0\plugins\org.eclipse.m2e.maven.runtime_3.9.900.20240824-1409\jars\plexus-component-annotations-2.1.0.jar
2026-09-13 16:58:22,473 [Worker-33: Launching Executing install in C__Users_LMANTHIN_OneDrive - Capgemini_botp_FlightManagementSystem_eureka-server] INFO  o.eclipse.m2e.core.internal.Bundles - 	Entry: C:\Installers\LandD\Spring_Tool_Suite_4.4.16.0_v10-EN\spring-tool-suite-4-4.16.0\plugins\org.eclipse.m2e.maven.runtime_3.9.900.20240824-1409\jars\plexus-interpolation-1.27.jar
2026-09-13 16:58:22,473 [Worker-33: Launching Executing install in C__Users_LMANTHIN_OneDrive - Capgemini_botp_FlightManagementSystem_eureka-server] INFO  o.eclipse.m2e.core.internal.Bundles - 	Entry: C:\Installers\LandD\Spring_Tool_Suite_4.4.16.0_v10-EN\spring-tool-suite-4-4.16.0\plugins\org.eclipse.m2e.maven.runtime_3.9.900.20240824-1409\jars\plexus-sec-dispatcher-2.0.jar
2026-09-13 16:58:22,474 [Worker-33: Launching Executing install in C__Users_LMANTHIN_OneDrive - Capgemini_botp_FlightManagementSystem_eureka-server] INFO  o.eclipse.m2e.core.internal.Bundles - 	Entry: C:\Installers\LandD\Spring_Tool_Suite_4.4.16.0_v10-EN\spring-tool-suite-4-4.16.0\plugins\org.eclipse.m2e.maven.runtime_3.9.900.20240824-1409\jars\plexus-utils-3.5.1.jar
2026-09-13 16:58:22,474 [Worker-33: Launching Executing install in C__Users_LMANTHIN_OneDrive - Capgemini_botp_FlightManagementSystem_eureka-server] INFO  o.eclipse.m2e.core.internal.Bundles - 	Entry: C:\Installers\LandD\Spring_Tool_Suite_4.4.16.0_v10-EN\spring-tool-suite-4-4.16.0\plugins\org.eclipse.m2e.maven.runtime_3.9.900.20240824-1409\jars\plexus-xml-3.0.1.jar
2026-09-13 16:58:22,474 [Worker-33: Launching Executing install in C__Users_LMANTHIN_OneDrive - Capgemini_botp_FlightManagementSystem_eureka-server] INFO  o.eclipse.m2e.core.internal.Bundles - 	Entry: C:\Installers\LandD\Spring_Tool_Suite_4.4.16.0_v10-EN\spring-tool-suite-4-4.16.0\plugins\org.eclipse.m2e.maven.runtime_3.9.900.20240824-1409\jars\wagon-file-3.5.3.jar
2026-09-13 16:58:22,475 [Worker-33: Launching Executing install in C__Users_LMANTHIN_OneDrive - Capgemini_botp_FlightManagementSystem_eureka-server] INFO  o.eclipse.m2e.core.internal.Bundles - 	Entry: C:\Installers\LandD\Spring_Tool_Suite_4.4.16.0_v10-EN\spring-tool-suite-4-4.16.0\plugins\org.eclipse.m2e.maven.runtime_3.9.900.20240824-1409\jars\wagon-http-3.5.3.jar
2026-09-13 16:58:22,475 [Worker-33: Launching Executing install in C__Users_LMANTHIN_OneDrive - Capgemini_botp_FlightManagementSystem_eureka-server] INFO  o.eclipse.m2e.core.internal.Bundles - 	Entry: C:\Installers\LandD\Spring_Tool_Suite_4.4.16.0_v10-EN\spring-tool-suite-4-4.16.0\plugins\org.eclipse.m2e.maven.runtime_3.9.900.20240824-1409\jars\wagon-http-shared-3.5.3.jar
2026-09-13 16:58:22,476 [Worker-33: Launching Executing install in C__Users_LMANTHIN_OneDrive - Capgemini_botp_FlightManagementSystem_eureka-server] INFO  o.eclipse.m2e.core.internal.Bundles - 	Entry: C:\Installers\LandD\Spring_Tool_Suite_4.4.16.0_v10-EN\spring-tool-suite-4-4.16.0\plugins\org.eclipse.m2e.maven.runtime_3.9.900.20240824-1409\jars\wagon-provider-api-3.5.3.jar
2026-09-13 16:58:22,476 [Worker-33: Launching Executing install in C__Users_LMANTHIN_OneDrive - Capgemini_botp_FlightManagementSystem_eureka-server] INFO  o.eclipse.m2e.core.internal.Bundles - getClasspathEntries(Bundle=com.google.guava_33.4.8.jre [1116])
2026-09-13 16:58:22,477 [Worker-33: Launching Executing install in C__Users_LMANTHIN_OneDrive - Capgemini_botp_FlightManagementSystem_eureka-server] INFO  o.eclipse.m2e.core.internal.Bundles - 	Entry: C:\Installers\LandD\Spring_Tool_Suite_4.4.16.0_v10-EN\spring-tool-suite-4-4.16.0\plugins\com.google.guava_33.4.8.jre.jar
2026-09-13 16:58:22,478 [Worker-33: Launching Executing install in C__Users_LMANTHIN_OneDrive - Capgemini_botp_FlightManagementSystem_eureka-server] INFO  o.eclipse.m2e.core.internal.Bundles - getClasspathEntries(Bundle=slf4j.api_2.0.17 [1157])
2026-09-13 16:58:22,479 [Worker-33: Launching Executing install in C__Users_LMANTHIN_OneDrive - Capgemini_botp_FlightManagementSystem_eureka-server] INFO  o.eclipse.m2e.core.internal.Bundles - 	Entry: C:\Installers\LandD\Spring_Tool_Suite_4.4.16.0_v10-EN\spring-tool-suite-4-4.16.0\plugins\slf4j.api_2.0.17.jar
2026-09-13 16:58:22,479 [Worker-33: Launching Executing install in C__Users_LMANTHIN_OneDrive - Capgemini_botp_FlightManagementSystem_eureka-server] INFO  o.eclipse.m2e.core.internal.Bundles - getClasspathEntries(Bundle=javax.inject_1.0.0.v20220405-0441 [48])
2026-09-13 16:58:22,480 [Worker-33: Launching Executing install in C__Users_LMANTHIN_OneDrive - Capgemini_botp_FlightManagementSystem_eureka-server] INFO  o.eclipse.m2e.core.internal.Bundles - 	Entry: C:\Installers\LandD\Spring_Tool_Suite_4.4.16.0_v10-EN\spring-tool-suite-4-4.16.0\plugins\javax.inject_1.0.0.v20220405-0441.jar
2026-09-13 16:58:22,480 [Worker-33: Launching Executing install in C__Users_LMANTHIN_OneDrive - Capgemini_botp_FlightManagementSystem_eureka-server] INFO  o.eclipse.m2e.core.internal.Bundles - getClasspathEntries(Bundle=javax.annotation_1.3.5.v20200909-1856 [46])
2026-09-13 16:58:22,481 [Worker-33: Launching Executing install in C__Users_LMANTHIN_OneDrive - Capgemini_botp_FlightManagementSystem_eureka-server] INFO  o.eclipse.m2e.core.internal.Bundles - 	Entry: C:\Installers\LandD\Spring_Tool_Suite_4.4.16.0_v10-EN\spring-tool-suite-4-4.16.0\plugins\javax.annotation_1.3.5.v20200909-1856.jar
2026-09-13 16:58:22,481 [Worker-33: Launching Executing install in C__Users_LMANTHIN_OneDrive - Capgemini_botp_FlightManagementSystem_eureka-server] INFO  o.eclipse.m2e.core.internal.Bundles - getClasspathEntries(Bundle=org.apache.commons.cli_1.9.0 [650])
2026-09-13 16:58:22,482 [Worker-33: Launching Executing install in C__Users_LMANTHIN_OneDrive - Capgemini_botp_FlightManagementSystem_eureka-server] INFO  o.eclipse.m2e.core.internal.Bundles - 	Entry: C:\Installers\LandD\Spring_Tool_Suite_4.4.16.0_v10-EN\spring-tool-suite-4-4.16.0\plugins\org.apache.commons.cli_1.9.0.jar
2026-09-13 16:58:22,482 [Worker-33: Launching Executing install in C__Users_LMANTHIN_OneDrive - Capgemini_botp_FlightManagementSystem_eureka-server] INFO  o.eclipse.m2e.core.internal.Bundles - getClasspathEntries(Bundle=org.apache.commons.commons-codec_1.16.0 [651])
2026-09-13 16:58:22,483 [Worker-33: Launching Executing install in C__Users_LMANTHIN_OneDrive - Capgemini_botp_FlightManagementSystem_eureka-server] INFO  o.eclipse.m2e.core.internal.Bundles - 	Entry: C:\Installers\LandD\Spring_Tool_Suite_4.4.16.0_v10-EN\spring-tool-suite-4-4.16.0\plugins\org.apache.commons.commons-codec_1.16.0.jar
2026-09-13 16:58:22,483 [Worker-33: Launching Executing install in C__Users_LMANTHIN_OneDrive - Capgemini_botp_FlightManagementSystem_eureka-server] INFO  o.eclipse.m2e.core.internal.Bundles - getClasspathEntries(Bundle=com.google.guava.failureaccess_1.0.3 [1117])
2026-09-13 16:58:22,485 [Worker-33: Launching Executing install in C__Users_LMANTHIN_OneDrive - Capgemini_botp_FlightManagementSystem_eureka-server] INFO  o.eclipse.m2e.core.internal.Bundles - 	Entry: C:\Installers\LandD\Spring_Tool_Suite_4.4.16.0_v10-EN\spring-tool-suite-4-4.16.0\plugins\com.google.guava.failureaccess_1.0.3.jar
2026-09-13 16:58:22,489 [Worker-33: Launching Executing install in C__Users_LMANTHIN_OneDrive - Capgemini_botp_FlightManagementSystem_eureka-server] INFO  o.e.m.i.launch.MavenLaunchDelegate - Run build in "C:\Users\LMANTHIN\OneDrive - Capgemini\botp\FlightManagementSystem\eureka-server":
2026-09-13 16:58:22,489 [Worker-33: Launching Executing install in C__Users_LMANTHIN_OneDrive - Capgemini_botp_FlightManagementSystem_eureka-server] INFO  o.e.m.i.launch.MavenLaunchDelegate -  mvn  -Ppom.xml -B -Dstyle.color=always install
2026-09-13 16:58:43,611 [Worker-37: Building] INFO  o.a.m.s.f.DefaultMavenResourcesFiltering - Copying 1 resource from src\main\resources to target\classes
2026-09-13 16:58:43,617 [Worker-37: Building] INFO  o.a.m.s.f.DefaultMavenResourcesFiltering - Copying 0 resource from src\main\resources to target\classes
2026-09-13 16:58:43,620 [Worker-37: Building] INFO  o.a.m.s.f.DefaultMavenResourcesFiltering - skip non existing resourceDirectory C:\Users\LMANTHIN\OneDrive - Capgemini\botp\FlightManagementSystem\eureka-server\src\test\resources
2026-09-13 16:58:43,638 [Worker-37: Building] WARN  Sisu - Error injecting: org.apache.maven.plugins.jar.JarMojo
com.google.inject.ProvisionException: Unable to provision, see the following errors:

1) [Guice/ErrorInCustomProvider]: OutOfScopeException: Cannot access Key[type=MavenProject, annotation=[none]] outside of a scoping block
  at MojoExecutionScopeModule.configure(MojoExecutionScopeModule.java:47)
      \_ installed by: WireModule -> MojoExecutionScopeModule
  at JarMojo.<init>(JarMojo.java:72)
      \_ for 1st parameter
  while locating JarMojo

Learn more:
  https://github.com/google/guice/wiki/ERROR_IN_CUSTOM_PROVIDER

1 error

======================
Full classname legend:
======================
JarMojo:                  "org.apache.maven.plugins.jar.JarMojo"
MavenProject:             "org.apache.maven.project.MavenProject"
MojoExecutionScopeModule: "org.apache.maven.execution.scope.internal.MojoExecutionScopeModule"
OutOfScopeException:      "com.google.inject.OutOfScopeException"
WireModule:               "org.eclipse.sisu.wire.WireModule"
========================
End of classname legend:
========================

	at com.google.inject.internal.InternalProvisionException.toProvisionException(InternalProvisionException.java:251)
	at com.google.inject.internal.InjectorImpl$1.get(InjectorImpl.java:1104)
	at com.google.inject.internal.InjectorImpl.getInstance(InjectorImpl.java:1139)
	at org.eclipse.sisu.space.AbstractDeferredClass.get(AbstractDeferredClass.java:50)
	at com.google.inject.internal.ProviderInternalFactory.provision(ProviderInternalFactory.java:86)
	at com.google.inject.internal.InternalFactoryToInitializableAdapter.provision(InternalFactoryToInitializableAdapter.java:57)
	at com.google.inject.internal.ProviderInternalFactory$1.call(ProviderInternalFactory.java:67)
	at com.google.inject.internal.ProvisionListenerStackCallback$Provision.provision(ProvisionListenerStackCallback.java:109)
	at com.google.inject.internal.ProvisionListenerStackCallback$Provision.provision(ProvisionListenerStackCallback.java:124)
	at com.google.inject.internal.ProvisionListenerStackCallback.provision(ProvisionListenerStackCallback.java:66)
	at com.google.inject.internal.ProviderInternalFactory.circularGet(ProviderInternalFactory.java:62)
	at com.google.inject.internal.InternalFactoryToInitializableAdapter.get(InternalFactoryToInitializableAdapter.java:47)
	at com.google.inject.internal.InjectorImpl$1.get(InjectorImpl.java:1101)
	at org.eclipse.sisu.inject.Guice4$2.get(Guice4.java:235)
	at org.eclipse.sisu.inject.LazyBeanEntry.getValue(LazyBeanEntry.java:83)
	at org.eclipse.sisu.plexus.LazyPlexusBean.getValue(LazyPlexusBean.java:53)
	at org.codehaus.plexus.DefaultPlexusContainer.lookup(DefaultPlexusContainer.java:265)
	at org.codehaus.plexus.DefaultPlexusContainer.lookup(DefaultPlexusContainer.java:257)
	at org.apache.maven.plugin.internal.DefaultMavenPluginManager.getConfiguredMojo(DefaultMavenPluginManager.java:491)
	at org.eclipse.m2e.core.internal.embedder.MavenImpl.getConfiguredMojo(MavenImpl.java:206)
	at org.eclipse.m2e.mavenarchiver.internal.AbstractMavenArchiverConfigurator.reflectManifestGeneration(AbstractMavenArchiverConfigurator.java:439)
	at org.eclipse.m2e.mavenarchiver.internal.AbstractMavenArchiverConfigurator.lambda$3(AbstractMavenArchiverConfigurator.java:398)
	at org.eclipse.m2e.core.internal.embedder.MavenExecutionContext.executeBare(MavenExecutionContext.java:458)
	at org.eclipse.m2e.core.internal.embedder.MavenExecutionContext.execute(MavenExecutionContext.java:339)
	at org.eclipse.m2e.core.internal.embedder.MavenExecutionContext.execute(MavenExecutionContext.java:278)
	at org.eclipse.m2e.mavenarchiver.internal.AbstractMavenArchiverConfigurator.generateManifest(AbstractMavenArchiverConfigurator.java:371)
	at org.eclipse.m2e.mavenarchiver.internal.AbstractMavenArchiverConfigurator.mavenProjectChanged(AbstractMavenArchiverConfigurator.java:228)
	at org.eclipse.m2e.mavenarchiver.internal.AbstractMavenArchiverConfigurator$1.build(AbstractMavenArchiverConfigurator.java:178)
	at org.eclipse.m2e.core.internal.builder.MavenBuilderImpl.lambda$2(MavenBuilderImpl.java:159)
	at java.base/java.util.LinkedHashMap.forEach(LinkedHashMap.java:986)
	at org.eclipse.m2e.core.internal.builder.MavenBuilderImpl.build(MavenBuilderImpl.java:139)
	at org.eclipse.m2e.core.internal.builder.MavenBuilder$1.method(MavenBuilder.java:164)
	at org.eclipse.m2e.core.internal.builder.MavenBuilder$1.method(MavenBuilder.java:1)
	at org.eclipse.m2e.core.internal.builder.MavenBuilder$BuildMethod.lambda$1(MavenBuilder.java:109)
	at org.eclipse.m2e.core.internal.embedder.MavenExecutionContext.executeBare(MavenExecutionContext.java:458)
	at org.eclipse.m2e.core.internal.embedder.MavenExecutionContext.execute(MavenExecutionContext.java:292)
	at org.eclipse.m2e.core.internal.builder.MavenBuilder$BuildMethod.lambda$0(MavenBuilder.java:100)
	at org.eclipse.m2e.core.internal.embedder.MavenExecutionContext.executeBare(MavenExecutionContext.java:458)
	at org.eclipse.m2e.core.internal.embedder.MavenExecutionContext.execute(MavenExecutionContext.java:339)
	at org.eclipse.m2e.core.internal.embedder.MavenExecutionContext.execute(MavenExecutionContext.java:278)
	at org.eclipse.m2e.core.internal.builder.MavenBuilder$BuildMethod.execute(MavenBuilder.java:83)
	at org.eclipse.m2e.core.internal.builder.MavenBuilder.build(MavenBuilder.java:192)
	at org.eclipse.core.internal.events.BuildManager$2.run(BuildManager.java:1077)
	at org.eclipse.core.runtime.SafeRunner.run(SafeRunner.java:47)
	at org.eclipse.core.internal.events.BuildManager.basicBuild(BuildManager.java:296)
	at org.eclipse.core.internal.events.BuildManager.basicBuild(BuildManager.java:352)
	at org.eclipse.core.internal.events.BuildManager$1.run(BuildManager.java:441)
	at org.eclipse.core.runtime.SafeRunner.run(SafeRunner.java:47)
	at org.eclipse.core.internal.events.BuildManager.basicBuild(BuildManager.java:444)
	at org.eclipse.core.internal.events.BuildManager.basicBuildLoop(BuildManager.java:555)
	at org.eclipse.core.internal.events.BuildManager.basicBuildLoop(BuildManager.java:503)
	at org.eclipse.core.internal.events.BuildManager.build(BuildManager.java:585)
	at org.eclipse.core.internal.events.AutoBuildJob.doBuild(AutoBuildJob.java:207)
	at org.eclipse.core.internal.events.AutoBuildJob.run(AutoBuildJob.java:300)
	at org.eclipse.core.internal.jobs.Worker.run(Worker.java:63)
Caused by: com.google.inject.OutOfScopeException: Cannot access Key[type=org.apache.maven.project.MavenProject, annotation=[none]] outside of a scoping block
	at org.apache.maven.execution.scope.internal.MojoExecutionScope$2.get(MojoExecutionScope.java:99)
	at com.google.inject.internal.InternalFactoryToProviderAdapter.get(InternalFactoryToProviderAdapter.java:45)
	at com.google.inject.internal.SingleParameterInjector.inject(SingleParameterInjector.java:40)
	at com.google.inject.internal.SingleParameterInjector.getAll(SingleParameterInjector.java:60)
	at com.google.inject.internal.ConstructorInjector.provision(ConstructorInjector.java:113)
	at com.google.inject.internal.ConstructorInjector.access$000(ConstructorInjector.java:33)
	at com.google.inject.internal.ConstructorInjector$1.call(ConstructorInjector.java:98)
	at com.google.inject.internal.ProvisionListenerStackCallback$Provision.provision(ProvisionListenerStackCallback.java:109)
	at com.google.inject.internal.ProvisionListenerStackCallback$Provision.provision(ProvisionListenerStackCallback.java:124)
	at com.google.inject.internal.ProvisionListenerStackCallback.provision(ProvisionListenerStackCallback.java:66)
	at com.google.inject.internal.ConstructorInjector.construct(ConstructorInjector.java:93)
	at com.google.inject.internal.ConstructorBindingImpl$Factory.get(ConstructorBindingImpl.java:300)
	at com.google.inject.internal.InjectorImpl$1.get(InjectorImpl.java:1101)
	... 53 common frames omitted
2026-09-13 17:02:12,249 [Worker-34: Building] INFO  o.e.m.c.i.e.AbstractTransferListenerAdapter - Downloading https://repo.maven.apache.org/maven2/org/springframework/boot/spring-boot-starter-parent/3.5.5/spring-boot-starter-parent-3.5.5.pom
2026-09-13 17:02:12,278 [Worker-34: Building] INFO  o.e.m.c.i.e.AbstractTransferListenerAdapter - Downloaded https://repo.maven.apache.org/maven2/org/springframework/boot/spring-boot-starter-parent/3.5.5/spring-boot-starter-parent-3.5.5.pom
2026-09-13 17:02:12,349 [Worker-34: Building] INFO  o.e.m.c.i.e.AbstractTransferListenerAdapter - Downloading https://repo.maven.apache.org/maven2/org/springframework/boot/spring-boot-dependencies/3.5.5/spring-boot-dependencies-3.5.5.pom
2026-09-13 17:02:12,385 [Worker-34: Building] INFO  o.e.m.c.i.e.AbstractTransferListenerAdapter - Downloaded https://repo.maven.apache.org/maven2/org/springframework/boot/spring-boot-dependencies/3.5.5/spring-boot-dependencies-3.5.5.pom
2026-09-13 17:02:12,538 [Worker-34: Building] INFO  o.e.m.c.i.e.AbstractTransferListenerAdapter - Downloading https://repo.maven.apache.org/maven2/org/assertj/assertj-bom/3.27.4/assertj-bom-3.27.4.pom
2026-09-13 17:02:12,553 [Worker-34: Building] INFO  o.e.m.c.i.e.AbstractTransferListenerAdapter - Downloaded https://repo.maven.apache.org/maven2/org/assertj/assertj-bom/3.27.4/assertj-bom-3.27.4.pom
2026-09-13 17:02:12,650 [Worker-34: Building] INFO  o.e.m.c.i.e.AbstractTransferListenerAdapter - Downloading https://repo.maven.apache.org/maven2/org/eclipse/jetty/ee10/jetty-ee10-bom/12.0.25/jetty-ee10-bom-12.0.25.pom
2026-09-13 17:02:12,670 [Worker-34: Building] INFO  o.e.m.c.i.e.AbstractTransferListenerAdapter - Downloaded https://repo.maven.apache.org/maven2/org/eclipse/jetty/ee10/jetty-ee10-bom/12.0.25/jetty-ee10-bom-12.0.25.pom
2026-09-13 17:02:12,738 [Worker-34: Building] INFO  o.e.m.c.i.e.AbstractTransferListenerAdapter - Downloading https://repo.maven.apache.org/maven2/org/eclipse/jetty/jetty-bom/12.0.25/jetty-bom-12.0.25.pom
2026-09-13 17:02:12,755 [Worker-34: Building] INFO  o.e.m.c.i.e.AbstractTransferListenerAdapter - Downloaded https://repo.maven.apache.org/maven2/org/eclipse/jetty/jetty-bom/12.0.25/jetty-bom-12.0.25.pom
2026-09-13 17:02:12,859 [Worker-34: Building] INFO  o.e.m.c.i.e.AbstractTransferListenerAdapter - Downloading https://repo.maven.apache.org/maven2/io/micrometer/micrometer-bom/1.15.3/micrometer-bom-1.15.3.pom
2026-09-13 17:02:12,873 [Worker-34: Building] INFO  o.e.m.c.i.e.AbstractTransferListenerAdapter - Downloaded https://repo.maven.apache.org/maven2/io/micrometer/micrometer-bom/1.15.3/micrometer-bom-1.15.3.pom
2026-09-13 17:02:12,915 [Worker-34: Building] INFO  o.e.m.c.i.e.AbstractTransferListenerAdapter - Downloading https://repo.maven.apache.org/maven2/io/micrometer/micrometer-tracing-bom/1.5.3/micrometer-tracing-bom-1.5.3.pom
2026-09-13 17:02:12,928 [Worker-34: Building] INFO  o.e.m.c.i.e.AbstractTransferListenerAdapter - Downloaded https://repo.maven.apache.org/maven2/io/micrometer/micrometer-tracing-bom/1.5.3/micrometer-tracing-bom-1.5.3.pom
2026-09-13 17:02:13,018 [Worker-34: Building] INFO  o.e.m.c.i.e.AbstractTransferListenerAdapter - Downloading https://repo.maven.apache.org/maven2/io/netty/netty-bom/4.1.124.Final/netty-bom-4.1.124.Final.pom
2026-09-13 17:02:13,035 [Worker-34: Building] INFO  o.e.m.c.i.e.AbstractTransferListenerAdapter - Downloaded https://repo.maven.apache.org/maven2/io/netty/netty-bom/4.1.124.Final/netty-bom-4.1.124.Final.pom
2026-09-13 17:02:13,096 [Worker-34: Building] INFO  o.e.m.c.i.e.AbstractTransferListenerAdapter - Downloading https://repo.maven.apache.org/maven2/org/apache/pulsar/pulsar-bom/4.0.6/pulsar-bom-4.0.6.pom
2026-09-13 17:02:13,127 [Worker-34: Building] INFO  o.e.m.c.i.e.AbstractTransferListenerAdapter - Downloaded https://repo.maven.apache.org/maven2/org/apache/pulsar/pulsar-bom/4.0.6/pulsar-bom-4.0.6.pom
2026-09-13 17:02:13,189 [Worker-34: Building] INFO  o.e.m.c.i.e.AbstractTransferListenerAdapter - Downloading https://repo.maven.apache.org/maven2/io/projectreactor/reactor-bom/2024.0.9/reactor-bom-2024.0.9.pom
2026-09-13 17:02:13,208 [Worker-34: Building] INFO  o.e.m.c.i.e.AbstractTransferListenerAdapter - Downloaded https://repo.maven.apache.org/maven2/io/projectreactor/reactor-bom/2024.0.9/reactor-bom-2024.0.9.pom
2026-09-13 17:02:13,284 [Worker-34: Building] INFO  o.e.m.c.i.e.AbstractTransferListenerAdapter - Downloading https://repo.maven.apache.org/maven2/org/springframework/data/spring-data-bom/2025.0.3/spring-data-bom-2025.0.3.pom
2026-09-13 17:02:13,303 [Worker-34: Building] INFO  o.e.m.c.i.e.AbstractTransferListenerAdapter - Downloaded https://repo.maven.apache.org/maven2/org/springframework/data/spring-data-bom/2025.0.3/spring-data-bom-2025.0.3.pom
2026-09-13 17:02:13,360 [Worker-34: Building] INFO  o.e.m.c.i.e.AbstractTransferListenerAdapter - Downloading https://repo.maven.apache.org/maven2/org/springframework/spring-framework-bom/6.2.10/spring-framework-bom-6.2.10.pom
2026-09-13 17:02:13,387 [Worker-34: Building] INFO  o.e.m.c.i.e.AbstractTransferListenerAdapter - Downloaded https://repo.maven.apache.org/maven2/org/springframework/spring-framework-bom/6.2.10/spring-framework-bom-6.2.10.pom
2026-09-13 17:02:13,450 [Worker-34: Building] INFO  o.e.m.c.i.e.AbstractTransferListenerAdapter - Downloading https://repo.maven.apache.org/maven2/org/springframework/pulsar/spring-pulsar-bom/1.2.9/spring-pulsar-bom-1.2.9.pom
2026-09-13 17:02:13,466 [Worker-34: Building] INFO  o.e.m.c.i.e.AbstractTransferListenerAdapter - Downloaded https://repo.maven.apache.org/maven2/org/springframework/pulsar/spring-pulsar-bom/1.2.9/spring-pulsar-bom-1.2.9.pom
2026-09-13 17:02:13,531 [Worker-34: Building] INFO  o.e.m.c.i.e.AbstractTransferListenerAdapter - Downloading https://repo.maven.apache.org/maven2/org/springframework/security/spring-security-bom/6.5.3/spring-security-bom-6.5.3.pom
2026-09-13 17:02:13,558 [Worker-34: Building] INFO  o.e.m.c.i.e.AbstractTransferListenerAdapter - Downloaded https://repo.maven.apache.org/maven2/org/springframework/security/spring-security-bom/6.5.3/spring-security-bom-6.5.3.pom
2026-09-13 17:02:13,605 [Worker-34: Building] INFO  o.e.m.c.i.e.AbstractTransferListenerAdapter - Downloading https://repo.maven.apache.org/maven2/org/springframework/session/spring-session-bom/3.5.2/spring-session-bom-3.5.2.pom
2026-09-13 17:02:13,623 [Worker-34: Building] INFO  o.e.m.c.i.e.AbstractTransferListenerAdapter - Downloaded https://repo.maven.apache.org/maven2/org/springframework/session/spring-session-bom/3.5.2/spring-session-bom-3.5.2.pom
2026-09-13 17:02:14,923 [Worker-34: Building] INFO  o.e.m.c.i.e.AbstractTransferListenerAdapter - Downloading https://repo.maven.apache.org/maven2/org/springframework/boot/spring-boot-maven-plugin/3.5.5/spring-boot-maven-plugin-3.5.5.pom
2026-09-13 17:02:14,948 [Worker-34: Building] INFO  o.e.m.c.i.e.AbstractTransferListenerAdapter - Downloaded https://repo.maven.apache.org/maven2/org/springframework/boot/spring-boot-maven-plugin/3.5.5/spring-boot-maven-plugin-3.5.5.pom
2026-09-13 17:02:14,996 [Worker-34: Building] INFO  o.e.m.c.i.e.AbstractTransferListenerAdapter - Downloading https://repo.maven.apache.org/maven2/org/springframework/boot/spring-boot-maven-plugin/3.5.5/spring-boot-maven-plugin-3.5.5.jar
2026-09-13 17:02:15,068 [Worker-34: Building] INFO  o.e.m.c.i.e.AbstractTransferListenerAdapter - Downloaded https://repo.maven.apache.org/maven2/org/springframework/boot/spring-boot-maven-plugin/3.5.5/spring-boot-maven-plugin-3.5.5.jar
2026-09-13 17:02:15,447 [Worker-34: Building] INFO  o.e.m.c.i.l.LifecycleMappingFactory - Using org.eclipse.m2e.jdt.JarLifecycleMapping lifecycle mapping for MavenProject: com.flightmanagement:user-service:0.0.1-SNAPSHOT @ C:\Users\LMANTHIN\OneDrive - Capgemini\botp\FlightManagementSystem\user-service\pom.xml.
2026-09-13 17:02:15,481 [Worker-34: Building] INFO  o.e.m.c.i.e.AbstractTransferListenerAdapter - Downloading https://repo.maven.apache.org/maven2/org/springframework/boot/spring-boot-starter-web/3.5.5/spring-boot-starter-web-3.5.5.pom
2026-09-13 17:02:15,495 [Worker-34: Building] INFO  o.e.m.c.i.e.AbstractTransferListenerAdapter - Downloaded https://repo.maven.apache.org/maven2/org/springframework/boot/spring-boot-starter-web/3.5.5/spring-boot-starter-web-3.5.5.pom
2026-09-13 17:02:15,552 [Worker-34: Building] INFO  o.e.m.c.i.e.AbstractTransferListenerAdapter - Downloading https://repo.maven.apache.org/maven2/org/springframework/boot/spring-boot-starter/3.5.5/spring-boot-starter-3.5.5.pom
2026-09-13 17:02:15,567 [Worker-34: Building] INFO  o.e.m.c.i.e.AbstractTransferListenerAdapter - Downloaded https://repo.maven.apache.org/maven2/org/springframework/boot/spring-boot-starter/3.5.5/spring-boot-starter-3.5.5.pom
2026-09-13 17:02:15,610 [Worker-34: Building] INFO  o.e.m.c.i.e.AbstractTransferListenerAdapter - Downloading https://repo.maven.apache.org/maven2/org/springframework/boot/spring-boot/3.5.5/spring-boot-3.5.5.pom
2026-09-13 17:02:15,623 [Worker-34: Building] INFO  o.e.m.c.i.e.AbstractTransferListenerAdapter - Downloaded https://repo.maven.apache.org/maven2/org/springframework/boot/spring-boot/3.5.5/spring-boot-3.5.5.pom
2026-09-13 17:02:15,663 [Worker-34: Building] INFO  o.e.m.c.i.e.AbstractTransferListenerAdapter - Downloading https://repo.maven.apache.org/maven2/org/springframework/spring-core/6.2.10/spring-core-6.2.10.pom
2026-09-13 17:02:15,677 [Worker-34: Building] INFO  o.e.m.c.i.e.AbstractTransferListenerAdapter - Downloaded https://repo.maven.apache.org/maven2/org/springframework/spring-core/6.2.10/spring-core-6.2.10.pom
2026-09-13 17:02:15,726 [Worker-34: Building] INFO  o.e.m.c.i.e.AbstractTransferListenerAdapter - Downloading https://repo.maven.apache.org/maven2/org/springframework/spring-jcl/6.2.10/spring-jcl-6.2.10.pom
2026-09-13 17:02:15,740 [Worker-34: Building] INFO  o.e.m.c.i.e.AbstractTransferListenerAdapter - Downloaded https://repo.maven.apache.org/maven2/org/springframework/spring-jcl/6.2.10/spring-jcl-6.2.10.pom
2026-09-13 17:02:15,796 [Worker-34: Building] INFO  o.e.m.c.i.e.AbstractTransferListenerAdapter - Downloading https://repo.maven.apache.org/maven2/org/springframework/spring-context/6.2.10/spring-context-6.2.10.pom
2026-09-13 17:02:15,820 [Worker-34: Building] INFO  o.e.m.c.i.e.AbstractTransferListenerAdapter - Downloaded https://repo.maven.apache.org/maven2/org/springframework/spring-context/6.2.10/spring-context-6.2.10.pom
2026-09-13 17:02:15,861 [Worker-34: Building] INFO  o.e.m.c.i.e.AbstractTransferListenerAdapter - Downloading https://repo.maven.apache.org/maven2/org/springframework/spring-aop/6.2.10/spring-aop-6.2.10.pom
2026-09-13 17:02:15,873 [Worker-34: Building] INFO  o.e.m.c.i.e.AbstractTransferListenerAdapter - Downloaded https://repo.maven.apache.org/maven2/org/springframework/spring-aop/6.2.10/spring-aop-6.2.10.pom
2026-09-13 17:02:15,918 [Worker-34: Building] INFO  o.e.m.c.i.e.AbstractTransferListenerAdapter - Downloading https://repo.maven.apache.org/maven2/org/springframework/spring-beans/6.2.10/spring-beans-6.2.10.pom
2026-09-13 17:02:15,929 [Worker-34: Building] INFO  o.e.m.c.i.e.AbstractTransferListenerAdapter - Downloaded https://repo.maven.apache.org/maven2/org/springframework/spring-beans/6.2.10/spring-beans-6.2.10.pom
2026-09-13 17:02:15,971 [Worker-34: Building] INFO  o.e.m.c.i.e.AbstractTransferListenerAdapter - Downloading https://repo.maven.apache.org/maven2/org/springframework/spring-expression/6.2.10/spring-expression-6.2.10.pom
2026-09-13 17:02:15,992 [Worker-34: Building] INFO  o.e.m.c.i.e.AbstractTransferListenerAdapter - Downloaded https://repo.maven.apache.org/maven2/org/springframework/spring-expression/6.2.10/spring-expression-6.2.10.pom
2026-09-13 17:02:16,037 [Worker-34: Building] INFO  o.e.m.c.i.e.AbstractTransferListenerAdapter - Downloading https://repo.maven.apache.org/maven2/io/micrometer/micrometer-observation/1.15.3/micrometer-observation-1.15.3.pom
2026-09-13 17:02:16,059 [Worker-34: Building] INFO  o.e.m.c.i.e.AbstractTransferListenerAdapter - Downloaded https://repo.maven.apache.org/maven2/io/micrometer/micrometer-observation/1.15.3/micrometer-observation-1.15.3.pom
2026-09-13 17:02:16,111 [Worker-34: Building] INFO  o.e.m.c.i.e.AbstractTransferListenerAdapter - Downloading https://repo.maven.apache.org/maven2/io/micrometer/micrometer-commons/1.15.3/micrometer-commons-1.15.3.pom
2026-09-13 17:02:16,125 [Worker-34: Building] INFO  o.e.m.c.i.e.AbstractTransferListenerAdapter - Downloaded https://repo.maven.apache.org/maven2/io/micrometer/micrometer-commons/1.15.3/micrometer-commons-1.15.3.pom
2026-09-13 17:02:16,187 [Worker-34: Building] INFO  o.e.m.c.i.e.AbstractTransferListenerAdapter - Downloading https://repo.maven.apache.org/maven2/org/springframework/boot/spring-boot-autoconfigure/3.5.5/spring-boot-autoconfigure-3.5.5.pom
2026-09-13 17:02:16,209 [Worker-34: Building] INFO  o.e.m.c.i.e.AbstractTransferListenerAdapter - Downloaded https://repo.maven.apache.org/maven2/org/springframework/boot/spring-boot-autoconfigure/3.5.5/spring-boot-autoconfigure-3.5.5.pom
2026-09-13 17:02:16,280 [Worker-34: Building] INFO  o.e.m.c.i.e.AbstractTransferListenerAdapter - Downloading https://repo.maven.apache.org/maven2/org/springframework/boot/spring-boot-starter-logging/3.5.5/spring-boot-starter-logging-3.5.5.pom
2026-09-13 17:02:16,302 [Worker-34: Building] INFO  o.e.m.c.i.e.AbstractTransferListenerAdapter - Downloaded https://repo.maven.apache.org/maven2/org/springframework/boot/spring-boot-starter-logging/3.5.5/spring-boot-starter-logging-3.5.5.pom
2026-09-13 17:02:16,451 [Worker-34: Building] INFO  o.e.m.c.i.e.AbstractTransferListenerAdapter - Downloading https://repo.maven.apache.org/maven2/org/springframework/boot/spring-boot-starter-json/3.5.5/spring-boot-starter-json-3.5.5.pom
2026-09-13 17:02:16,465 [Worker-34: Building] INFO  o.e.m.c.i.e.AbstractTransferListenerAdapter - Downloaded https://repo.maven.apache.org/maven2/org/springframework/boot/spring-boot-starter-json/3.5.5/spring-boot-starter-json-3.5.5.pom
2026-09-13 17:02:16,510 [Worker-34: Building] INFO  o.e.m.c.i.e.AbstractTransferListenerAdapter - Downloading https://repo.maven.apache.org/maven2/org/springframework/spring-web/6.2.10/spring-web-6.2.10.pom
2026-09-13 17:02:16,544 [Worker-34: Building] INFO  o.e.m.c.i.e.AbstractTransferListenerAdapter - Downloaded https://repo.maven.apache.org/maven2/org/springframework/spring-web/6.2.10/spring-web-6.2.10.pom
2026-09-13 17:02:16,678 [Worker-34: Building] INFO  o.e.m.c.i.e.AbstractTransferListenerAdapter - Downloading https://repo.maven.apache.org/maven2/org/springframework/boot/spring-boot-starter-tomcat/3.5.5/spring-boot-starter-tomcat-3.5.5.pom
2026-09-13 17:02:16,697 [Worker-34: Building] INFO  o.e.m.c.i.e.AbstractTransferListenerAdapter - Downloaded https://repo.maven.apache.org/maven2/org/springframework/boot/spring-boot-starter-tomcat/3.5.5/spring-boot-starter-tomcat-3.5.5.pom
2026-09-13 17:02:16,765 [Worker-34: Building] INFO  o.e.m.c.i.e.AbstractTransferListenerAdapter - Downloading https://repo.maven.apache.org/maven2/org/apache/tomcat/embed/tomcat-embed-core/10.1.44/tomcat-embed-core-10.1.44.pom
2026-09-13 17:02:16,784 [Worker-34: Building] INFO  o.e.m.c.i.e.AbstractTransferListenerAdapter - Downloaded https://repo.maven.apache.org/maven2/org/apache/tomcat/embed/tomcat-embed-core/10.1.44/tomcat-embed-core-10.1.44.pom
2026-09-13 17:02:16,854 [Worker-34: Building] INFO  o.e.m.c.i.e.AbstractTransferListenerAdapter - Downloading https://repo.maven.apache.org/maven2/org/apache/tomcat/embed/tomcat-embed-el/10.1.44/tomcat-embed-el-10.1.44.pom
2026-09-13 17:02:16,871 [Worker-34: Building] INFO  o.e.m.c.i.e.AbstractTransferListenerAdapter - Downloaded https://repo.maven.apache.org/maven2/org/apache/tomcat/embed/tomcat-embed-el/10.1.44/tomcat-embed-el-10.1.44.pom
2026-09-13 17:02:16,914 [Worker-34: Building] INFO  o.e.m.c.i.e.AbstractTransferListenerAdapter - Downloading https://repo.maven.apache.org/maven2/org/apache/tomcat/embed/tomcat-embed-websocket/10.1.44/tomcat-embed-websocket-10.1.44.pom
2026-09-13 17:02:16,961 [Worker-34: Building] INFO  o.e.m.c.i.e.AbstractTransferListenerAdapter - Downloaded https://repo.maven.apache.org/maven2/org/apache/tomcat/embed/tomcat-embed-websocket/10.1.44/tomcat-embed-websocket-10.1.44.pom
2026-09-13 17:02:17,017 [Worker-34: Building] INFO  o.e.m.c.i.e.AbstractTransferListenerAdapter - Downloading https://repo.maven.apache.org/maven2/org/springframework/spring-webmvc/6.2.10/spring-webmvc-6.2.10.pom
2026-09-13 17:02:17,030 [Worker-34: Building] INFO  o.e.m.c.i.e.AbstractTransferListenerAdapter - Downloaded https://repo.maven.apache.org/maven2/org/springframework/spring-webmvc/6.2.10/spring-webmvc-6.2.10.pom
2026-09-13 17:02:17,075 [Worker-34: Building] INFO  o.e.m.c.i.e.AbstractTransferListenerAdapter - Downloading https://repo.maven.apache.org/maven2/org/springframework/boot/spring-boot-starter-security/3.5.5/spring-boot-starter-security-3.5.5.pom
2026-09-13 17:02:17,092 [Worker-34: Building] INFO  o.e.m.c.i.e.AbstractTransferListenerAdapter - Downloaded https://repo.maven.apache.org/maven2/org/springframework/boot/spring-boot-starter-security/3.5.5/spring-boot-starter-security-3.5.5.pom
2026-09-13 17:02:17,140 [Worker-34: Building] INFO  o.e.m.c.i.e.AbstractTransferListenerAdapter - Downloading https://repo.maven.apache.org/maven2/org/springframework/security/spring-security-config/6.5.3/spring-security-config-6.5.3.pom
2026-09-13 17:02:17,156 [Worker-34: Building] INFO  o.e.m.c.i.e.AbstractTransferListenerAdapter - Downloaded https://repo.maven.apache.org/maven2/org/springframework/security/spring-security-config/6.5.3/spring-security-config-6.5.3.pom
2026-09-13 17:02:17,198 [Worker-34: Building] INFO  o.e.m.c.i.e.AbstractTransferListenerAdapter - Downloading https://repo.maven.apache.org/maven2/org/springframework/security/spring-security-core/6.5.3/spring-security-core-6.5.3.pom
2026-09-13 17:02:17,214 [Worker-34: Building] INFO  o.e.m.c.i.e.AbstractTransferListenerAdapter - Downloaded https://repo.maven.apache.org/maven2/org/springframework/security/spring-security-core/6.5.3/spring-security-core-6.5.3.pom
2026-09-13 17:02:17,256 [Worker-34: Building] INFO  o.e.m.c.i.e.AbstractTransferListenerAdapter - Downloading https://repo.maven.apache.org/maven2/org/springframework/security/spring-security-crypto/6.5.3/spring-security-crypto-6.5.3.pom
2026-09-13 17:02:17,270 [Worker-34: Building] INFO  o.e.m.c.i.e.AbstractTransferListenerAdapter - Downloaded https://repo.maven.apache.org/maven2/org/springframework/security/spring-security-crypto/6.5.3/spring-security-crypto-6.5.3.pom
2026-09-13 17:02:17,332 [Worker-34: Building] INFO  o.e.m.c.i.e.AbstractTransferListenerAdapter - Downloading https://repo.maven.apache.org/maven2/org/springframework/security/spring-security-web/6.5.3/spring-security-web-6.5.3.pom
2026-09-13 17:02:17,354 [Worker-34: Building] INFO  o.e.m.c.i.e.AbstractTransferListenerAdapter - Downloaded https://repo.maven.apache.org/maven2/org/springframework/security/spring-security-web/6.5.3/spring-security-web-6.5.3.pom
2026-09-13 17:02:17,396 [Worker-34: Building] INFO  o.e.m.c.i.e.AbstractTransferListenerAdapter - Downloading https://repo.maven.apache.org/maven2/org/springframework/boot/spring-boot-starter-validation/3.5.5/spring-boot-starter-validation-3.5.5.pom
2026-09-13 17:02:17,416 [Worker-34: Building] INFO  o.e.m.c.i.e.AbstractTransferListenerAdapter - Downloaded https://repo.maven.apache.org/maven2/org/springframework/boot/spring-boot-starter-validation/3.5.5/spring-boot-starter-validation-3.5.5.pom
2026-09-13 17:02:17,492 [Worker-34: Building] INFO  o.e.m.c.i.e.AbstractTransferListenerAdapter - Downloading https://repo.maven.apache.org/maven2/org/springframework/boot/spring-boot-starter-data-jpa/3.5.5/spring-boot-starter-data-jpa-3.5.5.pom
2026-09-13 17:02:17,511 [Worker-34: Building] INFO  o.e.m.c.i.e.AbstractTransferListenerAdapter - Downloaded https://repo.maven.apache.org/maven2/org/springframework/boot/spring-boot-starter-data-jpa/3.5.5/spring-boot-starter-data-jpa-3.5.5.pom
2026-09-13 17:02:17,579 [Worker-34: Building] INFO  o.e.m.c.i.e.AbstractTransferListenerAdapter - Downloading https://repo.maven.apache.org/maven2/org/springframework/boot/spring-boot-starter-jdbc/3.5.5/spring-boot-starter-jdbc-3.5.5.pom
2026-09-13 17:02:17,594 [Worker-34: Building] INFO  o.e.m.c.i.e.AbstractTransferListenerAdapter - Downloaded https://repo.maven.apache.org/maven2/org/springframework/boot/spring-boot-starter-jdbc/3.5.5/spring-boot-starter-jdbc-3.5.5.pom
2026-09-13 17:02:17,658 [Worker-34: Building] INFO  o.e.m.c.i.e.AbstractTransferListenerAdapter - Downloading https://repo.maven.apache.org/maven2/com/zaxxer/HikariCP/6.3.2/HikariCP-6.3.2.pom
2026-09-13 17:02:17,677 [Worker-34: Building] INFO  o.e.m.c.i.e.AbstractTransferListenerAdapter - Downloaded https://repo.maven.apache.org/maven2/com/zaxxer/HikariCP/6.3.2/HikariCP-6.3.2.pom
2026-09-13 17:02:17,723 [Worker-34: Building] INFO  o.e.m.c.i.e.AbstractTransferListenerAdapter - Downloading https://repo.maven.apache.org/maven2/org/springframework/spring-jdbc/6.2.10/spring-jdbc-6.2.10.pom
2026-09-13 17:02:17,736 [Worker-34: Building] INFO  o.e.m.c.i.e.AbstractTransferListenerAdapter - Downloaded https://repo.maven.apache.org/maven2/org/springframework/spring-jdbc/6.2.10/spring-jdbc-6.2.10.pom
2026-09-13 17:02:17,781 [Worker-34: Building] INFO  o.e.m.c.i.e.AbstractTransferListenerAdapter - Downloading https://repo.maven.apache.org/maven2/org/springframework/spring-tx/6.2.10/spring-tx-6.2.10.pom
2026-09-13 17:02:17,795 [Worker-34: Building] INFO  o.e.m.c.i.e.AbstractTransferListenerAdapter - Downloaded https://repo.maven.apache.org/maven2/org/springframework/spring-tx/6.2.10/spring-tx-6.2.10.pom
2026-09-13 17:02:17,836 [Worker-34: Building] INFO  o.e.m.c.i.e.AbstractTransferListenerAdapter - Downloading https://repo.maven.apache.org/maven2/org/hibernate/orm/hibernate-core/6.6.26.Final/hibernate-core-6.6.26.Final.pom
2026-09-13 17:02:17,853 [Worker-34: Building] INFO  o.e.m.c.i.e.AbstractTransferListenerAdapter - Downloaded https://repo.maven.apache.org/maven2/org/hibernate/orm/hibernate-core/6.6.26.Final/hibernate-core-6.6.26.Final.pom
2026-09-13 17:02:17,953 [Worker-34: Building] INFO  o.e.m.c.i.e.AbstractTransferListenerAdapter - Downloading https://repo.maven.apache.org/maven2/net/bytebuddy/byte-buddy/1.17.7/byte-buddy-1.17.7.pom
2026-09-13 17:02:17,979 [Worker-34: Building] INFO  o.e.m.c.i.e.AbstractTransferListenerAdapter - Downloaded https://repo.maven.apache.org/maven2/net/bytebuddy/byte-buddy/1.17.7/byte-buddy-1.17.7.pom
2026-09-13 17:02:18,042 [Worker-34: Building] INFO  o.e.m.c.i.e.AbstractTransferListenerAdapter - Downloading https://repo.maven.apache.org/maven2/net/bytebuddy/byte-buddy-parent/1.17.7/byte-buddy-parent-1.17.7.pom
2026-09-13 17:02:18,075 [Worker-34: Building] INFO  o.e.m.c.i.e.AbstractTransferListenerAdapter - Downloaded https://repo.maven.apache.org/maven2/net/bytebuddy/byte-buddy-parent/1.17.7/byte-buddy-parent-1.17.7.pom
2026-09-13 17:02:18,230 [Worker-34: Building] INFO  o.e.m.c.i.e.AbstractTransferListenerAdapter - Downloading https://repo.maven.apache.org/maven2/org/springframework/data/spring-data-jpa/3.5.3/spring-data-jpa-3.5.3.pom
2026-09-13 17:02:18,251 [Worker-34: Building] INFO  o.e.m.c.i.e.AbstractTransferListenerAdapter - Downloaded https://repo.maven.apache.org/maven2/org/springframework/data/spring-data-jpa/3.5.3/spring-data-jpa-3.5.3.pom
2026-09-13 17:02:18,295 [Worker-34: Building] INFO  o.e.m.c.i.e.AbstractTransferListenerAdapter - Downloading https://repo.maven.apache.org/maven2/org/springframework/data/spring-data-jpa-parent/3.5.3/spring-data-jpa-parent-3.5.3.pom
2026-09-13 17:02:18,318 [Worker-34: Building] INFO  o.e.m.c.i.e.AbstractTransferListenerAdapter - Downloaded https://repo.maven.apache.org/maven2/org/springframework/data/spring-data-jpa-parent/3.5.3/spring-data-jpa-parent-3.5.3.pom
2026-09-13 17:02:18,394 [Worker-34: Building] INFO  o.e.m.c.i.e.AbstractTransferListenerAdapter - Downloading https://repo.maven.apache.org/maven2/org/springframework/data/build/spring-data-parent/3.5.3/spring-data-parent-3.5.3.pom
2026-09-13 17:02:18,424 [Worker-34: Building] INFO  o.e.m.c.i.e.AbstractTransferListenerAdapter - Downloaded https://repo.maven.apache.org/maven2/org/springframework/data/build/spring-data-parent/3.5.3/spring-data-parent-3.5.3.pom
2026-09-13 17:02:18,477 [Worker-34: Building] INFO  o.e.m.c.i.e.AbstractTransferListenerAdapter - Downloading https://repo.maven.apache.org/maven2/org/springframework/data/build/spring-data-build/3.5.3/spring-data-build-3.5.3.pom
2026-09-13 17:02:18,513 [Worker-34: Building] INFO  o.e.m.c.i.e.AbstractTransferListenerAdapter - Downloaded https://repo.maven.apache.org/maven2/org/springframework/data/build/spring-data-build/3.5.3/spring-data-build-3.5.3.pom
2026-09-13 17:02:18,591 [Worker-34: Building] INFO  o.e.m.c.i.e.AbstractTransferListenerAdapter - Downloading https://repo.maven.apache.org/maven2/org/springframework/data/spring-data-commons/3.5.3/spring-data-commons-3.5.3.pom
2026-09-13 17:02:18,631 [Worker-34: Building] INFO  o.e.m.c.i.e.AbstractTransferListenerAdapter - Downloaded https://repo.maven.apache.org/maven2/org/springframework/data/spring-data-commons/3.5.3/spring-data-commons-3.5.3.pom
2026-09-13 17:02:18,951 [Worker-34: Building] INFO  o.e.m.c.i.e.AbstractTransferListenerAdapter - Downloading https://repo.maven.apache.org/maven2/org/springframework/spring-orm/6.2.10/spring-orm-6.2.10.pom
2026-09-13 17:02:18,968 [Worker-34: Building] INFO  o.e.m.c.i.e.AbstractTransferListenerAdapter - Downloaded https://repo.maven.apache.org/maven2/org/springframework/spring-orm/6.2.10/spring-orm-6.2.10.pom
2026-09-13 17:02:19,034 [Worker-34: Building] INFO  o.e.m.c.i.e.AbstractTransferListenerAdapter - Downloading https://repo.maven.apache.org/maven2/org/springframework/spring-aspects/6.2.10/spring-aspects-6.2.10.pom
2026-09-13 17:02:19,050 [Worker-34: Building] INFO  o.e.m.c.i.e.AbstractTransferListenerAdapter - Downloaded https://repo.maven.apache.org/maven2/org/springframework/spring-aspects/6.2.10/spring-aspects-6.2.10.pom
2026-09-13 17:02:19,777 [Worker-34: Building] INFO  o.e.m.c.i.e.AbstractTransferListenerAdapter - Downloading https://repo.maven.apache.org/maven2/io/projectreactor/reactor-core/3.7.9/reactor-core-3.7.9.pom
2026-09-13 17:02:19,802 [Worker-34: Building] INFO  o.e.m.c.i.e.AbstractTransferListenerAdapter - Downloaded https://repo.maven.apache.org/maven2/io/projectreactor/reactor-core/3.7.9/reactor-core-3.7.9.pom
2026-09-13 17:02:20,412 [Worker-34: Building] INFO  o.e.m.c.i.e.AbstractTransferListenerAdapter - Downloading https://repo.maven.apache.org/maven2/org/springframework/boot/spring-boot-starter-cache/3.5.5/spring-boot-starter-cache-3.5.5.pom
2026-09-13 17:02:20,436 [Worker-34: Building] INFO  o.e.m.c.i.e.AbstractTransferListenerAdapter - Downloaded https://repo.maven.apache.org/maven2/org/springframework/boot/spring-boot-starter-cache/3.5.5/spring-boot-starter-cache-3.5.5.pom
2026-09-13 17:02:20,745 [Worker-34: Building] INFO  o.e.m.c.i.e.AbstractTransferListenerAdapter - Downloading https://repo.maven.apache.org/maven2/org/springframework/spring-context-support/6.2.10/spring-context-support-6.2.10.pom
2026-09-13 17:02:20,767 [Worker-34: Building] INFO  o.e.m.c.i.e.AbstractTransferListenerAdapter - Downloaded https://repo.maven.apache.org/maven2/org/springframework/spring-context-support/6.2.10/spring-context-support-6.2.10.pom
2026-09-13 17:02:21,737 [Worker-34: Building] INFO  o.e.m.c.i.e.AbstractTransferListenerAdapter - Downloading https://repo.maven.apache.org/maven2/org/springframework/boot/spring-boot-devtools/3.5.5/spring-boot-devtools-3.5.5.pom
2026-09-13 17:02:21,766 [Worker-34: Building] INFO  o.e.m.c.i.e.AbstractTransferListenerAdapter - Downloaded https://repo.maven.apache.org/maven2/org/springframework/boot/spring-boot-devtools/3.5.5/spring-boot-devtools-3.5.5.pom
2026-09-13 17:02:22,231 [Worker-34: Building] INFO  o.e.m.c.i.e.AbstractTransferListenerAdapter - Downloading https://repo.maven.apache.org/maven2/org/springframework/boot/spring-boot-starter-test/3.5.5/spring-boot-starter-test-3.5.5.pom
2026-09-13 17:02:22,244 [Worker-34: Building] INFO  o.e.m.c.i.e.AbstractTransferListenerAdapter - Downloaded https://repo.maven.apache.org/maven2/org/springframework/boot/spring-boot-starter-test/3.5.5/spring-boot-starter-test-3.5.5.pom
2026-09-13 17:02:22,842 [Worker-34: Building] INFO  o.e.m.c.i.e.AbstractTransferListenerAdapter - Downloading https://repo.maven.apache.org/maven2/org/springframework/boot/spring-boot-test/3.5.5/spring-boot-test-3.5.5.pom
2026-09-13 17:02:22,868 [Worker-34: Building] INFO  o.e.m.c.i.e.AbstractTransferListenerAdapter - Downloaded https://repo.maven.apache.org/maven2/org/springframework/boot/spring-boot-test/3.5.5/spring-boot-test-3.5.5.pom
2026-09-13 17:02:23,227 [Worker-34: Building] INFO  o.e.m.c.i.e.AbstractTransferListenerAdapter - Downloading https://repo.maven.apache.org/maven2/org/springframework/spring-test/6.2.10/spring-test-6.2.10.pom
2026-09-13 17:02:23,247 [Worker-34: Building] INFO  o.e.m.c.i.e.AbstractTransferListenerAdapter - Downloaded https://repo.maven.apache.org/maven2/org/springframework/spring-test/6.2.10/spring-test-6.2.10.pom
2026-09-13 17:02:23,447 [Worker-34: Building] INFO  o.e.m.c.i.e.AbstractTransferListenerAdapter - Downloading https://repo.maven.apache.org/maven2/org/springframework/boot/spring-boot-test-autoconfigure/3.5.5/spring-boot-test-autoconfigure-3.5.5.pom
2026-09-13 17:02:23,472 [Worker-34: Building] INFO  o.e.m.c.i.e.AbstractTransferListenerAdapter - Downloaded https://repo.maven.apache.org/maven2/org/springframework/boot/spring-boot-test-autoconfigure/3.5.5/spring-boot-test-autoconfigure-3.5.5.pom
2026-09-13 17:02:23,871 [Worker-34: Building] INFO  o.e.m.c.i.e.AbstractTransferListenerAdapter - Downloading https://repo.maven.apache.org/maven2/org/assertj/assertj-core/3.27.4/assertj-core-3.27.4.pom
2026-09-13 17:02:23,897 [Worker-34: Building] INFO  o.e.m.c.i.e.AbstractTransferListenerAdapter - Downloaded https://repo.maven.apache.org/maven2/org/assertj/assertj-core/3.27.4/assertj-core-3.27.4.pom
2026-09-13 17:02:24,066 [Worker-34: Building] INFO  o.e.m.c.i.e.AbstractTransferListenerAdapter - Downloading https://repo.maven.apache.org/maven2/net/bytebuddy/byte-buddy-agent/1.17.7/byte-buddy-agent-1.17.7.pom
2026-09-13 17:02:24,093 [Worker-34: Building] INFO  o.e.m.c.i.e.AbstractTransferListenerAdapter - Downloaded https://repo.maven.apache.org/maven2/net/bytebuddy/byte-buddy-agent/1.17.7/byte-buddy-agent-1.17.7.pom
2026-09-13 17:02:24,654 [Worker-34: Building] INFO  o.e.m.c.i.e.AbstractTransferListenerAdapter - Downloading https://repo.maven.apache.org/maven2/org/springframework/boot/spring-boot-starter-web/3.5.5/spring-boot-starter-web-3.5.5.jar
2026-09-13 17:02:24,665 [Worker-34: Building] INFO  o.e.m.c.i.e.AbstractTransferListenerAdapter - Downloaded https://repo.maven.apache.org/maven2/org/springframework/boot/spring-boot-starter-web/3.5.5/spring-boot-starter-web-3.5.5.jar
2026-09-13 17:02:24,698 [BasicRepositoryConnector-repo.maven.apache.org-5-1] INFO  o.e.m.c.i.e.AbstractTransferListenerAdapter - Downloading https://repo.maven.apache.org/maven2/org/springframework/boot/spring-boot-starter-logging/3.5.5/spring-boot-starter-logging-3.5.5.jar
2026-09-13 17:02:24,716 [BasicRepositoryConnector-repo.maven.apache.org-5-1] INFO  o.e.m.c.i.e.AbstractTransferListenerAdapter - Downloaded https://repo.maven.apache.org/maven2/org/springframework/boot/spring-boot-starter-logging/3.5.5/spring-boot-starter-logging-3.5.5.jar
2026-09-13 17:02:24,747 [BasicRepositoryConnector-repo.maven.apache.org-5-1] INFO  o.e.m.c.i.e.AbstractTransferListenerAdapter - Downloading https://repo.maven.apache.org/maven2/org/apache/tomcat/embed/tomcat-embed-websocket/10.1.44/tomcat-embed-websocket-10.1.44.jar
2026-09-13 17:02:24,777 [BasicRepositoryConnector-repo.maven.apache.org-5-2] INFO  o.e.m.c.i.e.AbstractTransferListenerAdapter - Downloading https://repo.maven.apache.org/maven2/org/springframework/boot/spring-boot-starter-json/3.5.5/spring-boot-starter-json-3.5.5.jar
2026-09-13 17:02:24,777 [BasicRepositoryConnector-repo.maven.apache.org-5-0] INFO  o.e.m.c.i.e.AbstractTransferListenerAdapter - Downloading https://repo.maven.apache.org/maven2/org/springframework/boot/spring-boot-starter/3.5.5/spring-boot-starter-3.5.5.jar
2026-09-13 17:02:24,783 [BasicRepositoryConnector-repo.maven.apache.org-5-4] INFO  o.e.m.c.i.e.AbstractTransferListenerAdapter - Downloading https://repo.maven.apache.org/maven2/org/apache/tomcat/embed/tomcat-embed-core/10.1.44/tomcat-embed-core-10.1.44.jar
2026-09-13 17:02:24,792 [BasicRepositoryConnector-repo.maven.apache.org-5-2] INFO  o.e.m.c.i.e.AbstractTransferListenerAdapter - Downloaded https://repo.maven.apache.org/maven2/org/springframework/boot/spring-boot-starter-json/3.5.5/spring-boot-starter-json-3.5.5.jar
2026-09-13 17:02:24,793 [BasicRepositoryConnector-repo.maven.apache.org-5-1] INFO  o.e.m.c.i.e.AbstractTransferListenerAdapter - Downloaded https://repo.maven.apache.org/maven2/org/apache/tomcat/embed/tomcat-embed-websocket/10.1.44/tomcat-embed-websocket-10.1.44.jar
2026-09-13 17:02:24,793 [BasicRepositoryConnector-repo.maven.apache.org-5-0] INFO  o.e.m.c.i.e.AbstractTransferListenerAdapter - Downloaded https://repo.maven.apache.org/maven2/org/springframework/boot/spring-boot-starter/3.5.5/spring-boot-starter-3.5.5.jar
2026-09-13 17:02:24,820 [BasicRepositoryConnector-repo.maven.apache.org-5-3] INFO  o.e.m.c.i.e.AbstractTransferListenerAdapter - Downloading https://repo.maven.apache.org/maven2/org/springframework/boot/spring-boot-starter-tomcat/3.5.5/spring-boot-starter-tomcat-3.5.5.jar
2026-09-13 17:02:24,821 [BasicRepositoryConnector-repo.maven.apache.org-5-0] INFO  o.e.m.c.i.e.AbstractTransferListenerAdapter - Downloading https://repo.maven.apache.org/maven2/io/micrometer/micrometer-observation/1.15.3/micrometer-observation-1.15.3.jar
2026-09-13 17:02:24,823 [BasicRepositoryConnector-repo.maven.apache.org-5-1] INFO  o.e.m.c.i.e.AbstractTransferListenerAdapter - Downloading https://repo.maven.apache.org/maven2/org/springframework/spring-beans/6.2.10/spring-beans-6.2.10.jar
2026-09-13 17:02:24,828 [BasicRepositoryConnector-repo.maven.apache.org-5-2] INFO  o.e.m.c.i.e.AbstractTransferListenerAdapter - Downloading https://repo.maven.apache.org/maven2/org/springframework/spring-web/6.2.10/spring-web-6.2.10.jar
2026-09-13 17:02:24,839 [BasicRepositoryConnector-repo.maven.apache.org-5-3] INFO  o.e.m.c.i.e.AbstractTransferListenerAdapter - Downloaded https://repo.maven.apache.org/maven2/org/springframework/boot/spring-boot-starter-tomcat/3.5.5/spring-boot-starter-tomcat-3.5.5.jar
2026-09-13 17:02:24,919 [BasicRepositoryConnector-repo.maven.apache.org-5-1] INFO  o.e.m.c.i.e.AbstractTransferListenerAdapter - Downloaded https://repo.maven.apache.org/maven2/org/springframework/spring-beans/6.2.10/spring-beans-6.2.10.jar
2026-09-13 17:02:24,945 [BasicRepositoryConnector-repo.maven.apache.org-5-0] INFO  o.e.m.c.i.e.AbstractTransferListenerAdapter - Downloaded https://repo.maven.apache.org/maven2/io/micrometer/micrometer-observation/1.15.3/micrometer-observation-1.15.3.jar
2026-09-13 17:02:24,949 [BasicRepositoryConnector-repo.maven.apache.org-5-3] INFO  o.e.m.c.i.e.AbstractTransferListenerAdapter - Downloading https://repo.maven.apache.org/maven2/io/micrometer/micrometer-commons/1.15.3/micrometer-commons-1.15.3.jar
2026-09-13 17:02:24,985 [BasicRepositoryConnector-repo.maven.apache.org-5-1] INFO  o.e.m.c.i.e.AbstractTransferListenerAdapter - Downloading https://repo.maven.apache.org/maven2/org/springframework/spring-webmvc/6.2.10/spring-webmvc-6.2.10.jar
2026-09-13 17:02:25,108 [BasicRepositoryConnector-repo.maven.apache.org-5-1] INFO  o.e.m.c.i.e.AbstractTransferListenerAdapter - Downloaded https://repo.maven.apache.org/maven2/org/springframework/spring-webmvc/6.2.10/spring-webmvc-6.2.10.jar
2026-09-13 17:02:25,146 [BasicRepositoryConnector-repo.maven.apache.org-5-3] INFO  o.e.m.c.i.e.AbstractTransferListenerAdapter - Downloaded https://repo.maven.apache.org/maven2/io/micrometer/micrometer-commons/1.15.3/micrometer-commons-1.15.3.jar
2026-09-13 17:02:25,156 [BasicRepositoryConnector-repo.maven.apache.org-5-0] INFO  o.e.m.c.i.e.AbstractTransferListenerAdapter - Downloading https://repo.maven.apache.org/maven2/org/springframework/spring-context/6.2.10/spring-context-6.2.10.jar
2026-09-13 17:02:25,175 [BasicRepositoryConnector-repo.maven.apache.org-5-1] INFO  o.e.m.c.i.e.AbstractTransferListenerAdapter - Downloading https://repo.maven.apache.org/maven2/org/springframework/spring-expression/6.2.10/spring-expression-6.2.10.jar
2026-09-13 17:02:25,207 [BasicRepositoryConnector-repo.maven.apache.org-5-1] INFO  o.e.m.c.i.e.AbstractTransferListenerAdapter - Downloaded https://repo.maven.apache.org/maven2/org/springframework/spring-expression/6.2.10/spring-expression-6.2.10.jar
2026-09-13 17:02:25,226 [BasicRepositoryConnector-repo.maven.apache.org-5-3] INFO  o.e.m.c.i.e.AbstractTransferListenerAdapter - Downloading https://repo.maven.apache.org/maven2/org/springframework/boot/spring-boot-starter-security/3.5.5/spring-boot-starter-security-3.5.5.jar
2026-09-13 17:02:25,242 [BasicRepositoryConnector-repo.maven.apache.org-5-3] INFO  o.e.m.c.i.e.AbstractTransferListenerAdapter - Downloaded https://repo.maven.apache.org/maven2/org/springframework/boot/spring-boot-starter-security/3.5.5/spring-boot-starter-security-3.5.5.jar
2026-09-13 17:02:25,257 [BasicRepositoryConnector-repo.maven.apache.org-5-1] INFO  o.e.m.c.i.e.AbstractTransferListenerAdapter - Downloading https://repo.maven.apache.org/maven2/org/springframework/spring-aop/6.2.10/spring-aop-6.2.10.jar
2026-09-13 17:02:25,315 [BasicRepositoryConnector-repo.maven.apache.org-5-1] INFO  o.e.m.c.i.e.AbstractTransferListenerAdapter - Downloaded https://repo.maven.apache.org/maven2/org/springframework/spring-aop/6.2.10/spring-aop-6.2.10.jar
2026-09-13 17:02:25,375 [BasicRepositoryConnector-repo.maven.apache.org-5-3] INFO  o.e.m.c.i.e.AbstractTransferListenerAdapter - Downloading https://repo.maven.apache.org/maven2/org/springframework/security/spring-security-config/6.5.3/spring-security-config-6.5.3.jar
2026-09-13 17:02:25,405 [BasicRepositoryConnector-repo.maven.apache.org-5-1] INFO  o.e.m.c.i.e.AbstractTransferListenerAdapter - Downloading https://repo.maven.apache.org/maven2/org/springframework/security/spring-security-core/6.5.3/spring-security-core-6.5.3.jar
2026-09-13 17:02:25,463 [BasicRepositoryConnector-repo.maven.apache.org-5-1] INFO  o.e.m.c.i.e.AbstractTransferListenerAdapter - Downloaded https://repo.maven.apache.org/maven2/org/springframework/security/spring-security-core/6.5.3/spring-security-core-6.5.3.jar
2026-09-13 17:02:25,602 [BasicRepositoryConnector-repo.maven.apache.org-5-1] INFO  o.e.m.c.i.e.AbstractTransferListenerAdapter - Downloading https://repo.maven.apache.org/maven2/org/springframework/security/spring-security-web/6.5.3/spring-security-web-6.5.3.jar
2026-09-13 17:02:25,613 [BasicRepositoryConnector-repo.maven.apache.org-5-0] INFO  o.e.m.c.i.e.AbstractTransferListenerAdapter - Downloaded https://repo.maven.apache.org/maven2/org/springframework/spring-context/6.2.10/spring-context-6.2.10.jar
2026-09-13 17:02:25,727 [BasicRepositoryConnector-repo.maven.apache.org-5-1] INFO  o.e.m.c.i.e.AbstractTransferListenerAdapter - Downloaded https://repo.maven.apache.org/maven2/org/springframework/security/spring-security-web/6.5.3/spring-security-web-6.5.3.jar
2026-09-13 17:02:25,767 [BasicRepositoryConnector-repo.maven.apache.org-5-0] INFO  o.e.m.c.i.e.AbstractTransferListenerAdapter - Downloading https://repo.maven.apache.org/maven2/org/springframework/boot/spring-boot-starter-validation/3.5.5/spring-boot-starter-validation-3.5.5.jar
2026-09-13 17:02:25,780 [BasicRepositoryConnector-repo.maven.apache.org-5-0] INFO  o.e.m.c.i.e.AbstractTransferListenerAdapter - Downloaded https://repo.maven.apache.org/maven2/org/springframework/boot/spring-boot-starter-validation/3.5.5/spring-boot-starter-validation-3.5.5.jar
2026-09-13 17:02:25,843 [BasicRepositoryConnector-repo.maven.apache.org-5-1] INFO  o.e.m.c.i.e.AbstractTransferListenerAdapter - Downloading https://repo.maven.apache.org/maven2/org/apache/tomcat/embed/tomcat-embed-el/10.1.44/tomcat-embed-el-10.1.44.jar
2026-09-13 17:02:25,869 [BasicRepositoryConnector-repo.maven.apache.org-5-1] INFO  o.e.m.c.i.e.AbstractTransferListenerAdapter - Downloaded https://repo.maven.apache.org/maven2/org/apache/tomcat/embed/tomcat-embed-el/10.1.44/tomcat-embed-el-10.1.44.jar
2026-09-13 17:02:25,904 [BasicRepositoryConnector-repo.maven.apache.org-5-2] INFO  o.e.m.c.i.e.AbstractTransferListenerAdapter - Downloaded https://repo.maven.apache.org/maven2/org/springframework/spring-web/6.2.10/spring-web-6.2.10.jar
2026-09-13 17:02:25,918 [BasicRepositoryConnector-repo.maven.apache.org-5-0] INFO  o.e.m.c.i.e.AbstractTransferListenerAdapter - Downloading https://repo.maven.apache.org/maven2/org/springframework/boot/spring-boot-starter-data-jpa/3.5.5/spring-boot-starter-data-jpa-3.5.5.jar
2026-09-13 17:02:25,932 [BasicRepositoryConnector-repo.maven.apache.org-5-0] INFO  o.e.m.c.i.e.AbstractTransferListenerAdapter - Downloaded https://repo.maven.apache.org/maven2/org/springframework/boot/spring-boot-starter-data-jpa/3.5.5/spring-boot-starter-data-jpa-3.5.5.jar
2026-09-13 17:02:25,995 [BasicRepositoryConnector-repo.maven.apache.org-5-1] INFO  o.e.m.c.i.e.AbstractTransferListenerAdapter - Downloading https://repo.maven.apache.org/maven2/org/springframework/boot/spring-boot-starter-jdbc/3.5.5/spring-boot-starter-jdbc-3.5.5.jar
2026-09-13 17:02:26,014 [BasicRepositoryConnector-repo.maven.apache.org-5-1] INFO  o.e.m.c.i.e.AbstractTransferListenerAdapter - Downloaded https://repo.maven.apache.org/maven2/org/springframework/boot/spring-boot-starter-jdbc/3.5.5/spring-boot-starter-jdbc-3.5.5.jar
2026-09-13 17:02:26,017 [BasicRepositoryConnector-repo.maven.apache.org-5-2] INFO  o.e.m.c.i.e.AbstractTransferListenerAdapter - Downloading https://repo.maven.apache.org/maven2/com/zaxxer/HikariCP/6.3.2/HikariCP-6.3.2.jar
2026-09-13 17:02:26,033 [BasicRepositoryConnector-repo.maven.apache.org-5-0] INFO  o.e.m.c.i.e.AbstractTransferListenerAdapter - Downloading https://repo.maven.apache.org/maven2/org/springframework/spring-jdbc/6.2.10/spring-jdbc-6.2.10.jar
2026-09-13 17:02:26,042 [BasicRepositoryConnector-repo.maven.apache.org-5-4] INFO  o.e.m.c.i.e.AbstractTransferListenerAdapter - Downloaded https://repo.maven.apache.org/maven2/org/apache/tomcat/embed/tomcat-embed-core/10.1.44/tomcat-embed-core-10.1.44.jar
2026-09-13 17:02:26,050 [BasicRepositoryConnector-repo.maven.apache.org-5-2] INFO  o.e.m.c.i.e.AbstractTransferListenerAdapter - Downloaded https://repo.maven.apache.org/maven2/com/zaxxer/HikariCP/6.3.2/HikariCP-6.3.2.jar
2026-09-13 17:02:26,089 [BasicRepositoryConnector-repo.maven.apache.org-5-0] INFO  o.e.m.c.i.e.AbstractTransferListenerAdapter - Downloaded https://repo.maven.apache.org/maven2/org/springframework/spring-jdbc/6.2.10/spring-jdbc-6.2.10.jar
2026-09-13 17:02:26,129 [BasicRepositoryConnector-repo.maven.apache.org-5-1] INFO  o.e.m.c.i.e.AbstractTransferListenerAdapter - Downloading https://repo.maven.apache.org/maven2/org/hibernate/orm/hibernate-core/6.6.26.Final/hibernate-core-6.6.26.Final.jar
2026-09-13 17:02:26,158 [BasicRepositoryConnector-repo.maven.apache.org-5-3] INFO  o.e.m.c.i.e.AbstractTransferListenerAdapter - Downloaded https://repo.maven.apache.org/maven2/org/springframework/security/spring-security-config/6.5.3/spring-security-config-6.5.3.jar
2026-09-13 17:02:26,303 [BasicRepositoryConnector-repo.maven.apache.org-5-2] INFO  o.e.m.c.i.e.AbstractTransferListenerAdapter - Downloading https://repo.maven.apache.org/maven2/org/springframework/data/spring-data-jpa/3.5.3/spring-data-jpa-3.5.3.jar
2026-09-13 17:02:26,368 [BasicRepositoryConnector-repo.maven.apache.org-5-4] INFO  o.e.m.c.i.e.AbstractTransferListenerAdapter - Downloading https://repo.maven.apache.org/maven2/net/bytebuddy/byte-buddy/1.17.7/byte-buddy-1.17.7.jar
2026-09-13 17:02:26,421 [BasicRepositoryConnector-repo.maven.apache.org-5-0] INFO  o.e.m.c.i.e.AbstractTransferListenerAdapter - Downloading https://repo.maven.apache.org/maven2/org/springframework/data/spring-data-commons/3.5.3/spring-data-commons-3.5.3.jar
2026-09-13 17:02:26,565 [BasicRepositoryConnector-repo.maven.apache.org-5-3] INFO  o.e.m.c.i.e.AbstractTransferListenerAdapter - Downloading https://repo.maven.apache.org/maven2/org/springframework/spring-orm/6.2.10/spring-orm-6.2.10.jar
2026-09-13 17:02:26,606 [BasicRepositoryConnector-repo.maven.apache.org-5-3] INFO  o.e.m.c.i.e.AbstractTransferListenerAdapter - Downloaded https://repo.maven.apache.org/maven2/org/springframework/spring-orm/6.2.10/spring-orm-6.2.10.jar
2026-09-13 17:02:26,901 [BasicRepositoryConnector-repo.maven.apache.org-5-0] INFO  o.e.m.c.i.e.AbstractTransferListenerAdapter - Downloaded https://repo.maven.apache.org/maven2/org/springframework/data/spring-data-commons/3.5.3/spring-data-commons-3.5.3.jar
2026-09-13 17:02:27,067 [BasicRepositoryConnector-repo.maven.apache.org-5-3] INFO  o.e.m.c.i.e.AbstractTransferListenerAdapter - Downloading https://repo.maven.apache.org/maven2/org/springframework/spring-tx/6.2.10/spring-tx-6.2.10.jar
2026-09-13 17:02:27,527 [BasicRepositoryConnector-repo.maven.apache.org-5-3] INFO  o.e.m.c.i.e.AbstractTransferListenerAdapter - Downloaded https://repo.maven.apache.org/maven2/org/springframework/spring-tx/6.2.10/spring-tx-6.2.10.jar
2026-09-13 17:02:27,566 [BasicRepositoryConnector-repo.maven.apache.org-5-2] INFO  o.e.m.c.i.e.AbstractTransferListenerAdapter - Downloaded https://repo.maven.apache.org/maven2/org/springframework/data/spring-data-jpa/3.5.3/spring-data-jpa-3.5.3.jar
2026-09-13 17:02:27,793 [BasicRepositoryConnector-repo.maven.apache.org-5-0] INFO  o.e.m.c.i.e.AbstractTransferListenerAdapter - Downloading https://repo.maven.apache.org/maven2/org/springframework/spring-aspects/6.2.10/spring-aspects-6.2.10.jar
2026-09-13 17:02:27,935 [BasicRepositoryConnector-repo.maven.apache.org-5-3] INFO  o.e.m.c.i.e.AbstractTransferListenerAdapter - Downloading https://repo.maven.apache.org/maven2/io/projectreactor/reactor-core/3.7.9/reactor-core-3.7.9.jar
2026-09-13 17:02:28,102 [BasicRepositoryConnector-repo.maven.apache.org-5-2] INFO  o.e.m.c.i.e.AbstractTransferListenerAdapter - Downloading https://repo.maven.apache.org/maven2/org/springframework/boot/spring-boot-starter-cache/3.5.5/spring-boot-starter-cache-3.5.5.jar
2026-09-13 17:02:28,120 [BasicRepositoryConnector-repo.maven.apache.org-5-2] INFO  o.e.m.c.i.e.AbstractTransferListenerAdapter - Downloaded https://repo.maven.apache.org/maven2/org/springframework/boot/spring-boot-starter-cache/3.5.5/spring-boot-starter-cache-3.5.5.jar
2026-09-13 17:02:28,255 [BasicRepositoryConnector-repo.maven.apache.org-5-0] INFO  o.e.m.c.i.e.AbstractTransferListenerAdapter - Downloaded https://repo.maven.apache.org/maven2/org/springframework/spring-aspects/6.2.10/spring-aspects-6.2.10.jar
2026-09-13 17:02:28,350 [BasicRepositoryConnector-repo.maven.apache.org-5-2] INFO  o.e.m.c.i.e.AbstractTransferListenerAdapter - Downloading https://repo.maven.apache.org/maven2/org/springframework/spring-context-support/6.2.10/spring-context-support-6.2.10.jar
2026-09-13 17:02:28,387 [BasicRepositoryConnector-repo.maven.apache.org-5-2] INFO  o.e.m.c.i.e.AbstractTransferListenerAdapter - Downloaded https://repo.maven.apache.org/maven2/org/springframework/spring-context-support/6.2.10/spring-context-support-6.2.10.jar
2026-09-13 17:02:28,471 [BasicRepositoryConnector-repo.maven.apache.org-5-1] INFO  o.e.m.c.i.e.AbstractTransferListenerAdapter - Downloaded https://repo.maven.apache.org/maven2/org/hibernate/orm/hibernate-core/6.6.26.Final/hibernate-core-6.6.26.Final.jar
2026-09-13 17:02:28,517 [BasicRepositoryConnector-repo.maven.apache.org-5-2] INFO  o.e.m.c.i.e.AbstractTransferListenerAdapter - Downloading https://repo.maven.apache.org/maven2/org/springframework/boot/spring-boot-devtools/3.5.5/spring-boot-devtools-3.5.5.jar
2026-09-13 17:02:28,547 [BasicRepositoryConnector-repo.maven.apache.org-5-3] INFO  o.e.m.c.i.e.AbstractTransferListenerAdapter - Downloaded https://repo.maven.apache.org/maven2/io/projectreactor/reactor-core/3.7.9/reactor-core-3.7.9.jar
2026-09-13 17:02:28,563 [BasicRepositoryConnector-repo.maven.apache.org-5-2] INFO  o.e.m.c.i.e.AbstractTransferListenerAdapter - Downloaded https://repo.maven.apache.org/maven2/org/springframework/boot/spring-boot-devtools/3.5.5/spring-boot-devtools-3.5.5.jar
2026-09-13 17:02:28,586 [BasicRepositoryConnector-repo.maven.apache.org-5-1] INFO  o.e.m.c.i.e.AbstractTransferListenerAdapter - Downloading https://repo.maven.apache.org/maven2/org/springframework/boot/spring-boot/3.5.5/spring-boot-3.5.5.jar
2026-09-13 17:02:28,744 [BasicRepositoryConnector-repo.maven.apache.org-5-3] INFO  o.e.m.c.i.e.AbstractTransferListenerAdapter - Downloading https://repo.maven.apache.org/maven2/org/springframework/boot/spring-boot-autoconfigure/3.5.5/spring-boot-autoconfigure-3.5.5.jar
2026-09-13 17:02:28,965 [BasicRepositoryConnector-repo.maven.apache.org-5-2] INFO  o.e.m.c.i.e.AbstractTransferListenerAdapter - Downloading https://repo.maven.apache.org/maven2/org/springframework/boot/spring-boot-starter-test/3.5.5/spring-boot-starter-test-3.5.5.jar
2026-09-13 17:02:28,965 [BasicRepositoryConnector-repo.maven.apache.org-5-0] INFO  o.e.m.c.i.e.AbstractTransferListenerAdapter - Downloading https://repo.maven.apache.org/maven2/org/springframework/security/spring-security-crypto/6.5.3/spring-security-crypto-6.5.3.jar
2026-09-13 17:02:28,984 [BasicRepositoryConnector-repo.maven.apache.org-5-2] INFO  o.e.m.c.i.e.AbstractTransferListenerAdapter - Downloaded https://repo.maven.apache.org/maven2/org/springframework/boot/spring-boot-starter-test/3.5.5/spring-boot-starter-test-3.5.5.jar
2026-09-13 17:02:28,994 [BasicRepositoryConnector-repo.maven.apache.org-5-1] INFO  o.e.m.c.i.e.AbstractTransferListenerAdapter - Downloaded https://repo.maven.apache.org/maven2/org/springframework/boot/spring-boot/3.5.5/spring-boot-3.5.5.jar
2026-09-13 17:02:29,114 [BasicRepositoryConnector-repo.maven.apache.org-5-0] INFO  o.e.m.c.i.e.AbstractTransferListenerAdapter - Downloaded https://repo.maven.apache.org/maven2/org/springframework/security/spring-security-crypto/6.5.3/spring-security-crypto-6.5.3.jar
2026-09-13 17:02:29,246 [BasicRepositoryConnector-repo.maven.apache.org-5-2] INFO  o.e.m.c.i.e.AbstractTransferListenerAdapter - Downloading https://repo.maven.apache.org/maven2/org/springframework/boot/spring-boot-test/3.5.5/spring-boot-test-3.5.5.jar
2026-09-13 17:02:29,260 [BasicRepositoryConnector-repo.maven.apache.org-5-3] INFO  o.e.m.c.i.e.AbstractTransferListenerAdapter - Downloaded https://repo.maven.apache.org/maven2/org/springframework/boot/spring-boot-autoconfigure/3.5.5/spring-boot-autoconfigure-3.5.5.jar
2026-09-13 17:02:29,289 [BasicRepositoryConnector-repo.maven.apache.org-5-1] INFO  o.e.m.c.i.e.AbstractTransferListenerAdapter - Downloading https://repo.maven.apache.org/maven2/org/springframework/boot/spring-boot-test-autoconfigure/3.5.5/spring-boot-test-autoconfigure-3.5.5.jar
2026-09-13 17:02:29,305 [BasicRepositoryConnector-repo.maven.apache.org-5-2] INFO  o.e.m.c.i.e.AbstractTransferListenerAdapter - Downloaded https://repo.maven.apache.org/maven2/org/springframework/boot/spring-boot-test/3.5.5/spring-boot-test-3.5.5.jar
2026-09-13 17:02:29,320 [BasicRepositoryConnector-repo.maven.apache.org-5-1] INFO  o.e.m.c.i.e.AbstractTransferListenerAdapter - Downloaded https://repo.maven.apache.org/maven2/org/springframework/boot/spring-boot-test-autoconfigure/3.5.5/spring-boot-test-autoconfigure-3.5.5.jar
2026-09-13 17:02:29,344 [BasicRepositoryConnector-repo.maven.apache.org-5-0] INFO  o.e.m.c.i.e.AbstractTransferListenerAdapter - Downloading https://repo.maven.apache.org/maven2/org/assertj/assertj-core/3.27.4/assertj-core-3.27.4.jar
2026-09-13 17:02:29,511 [BasicRepositoryConnector-repo.maven.apache.org-5-3] INFO  o.e.m.c.i.e.AbstractTransferListenerAdapter - Downloading https://repo.maven.apache.org/maven2/net/bytebuddy/byte-buddy-agent/1.17.7/byte-buddy-agent-1.17.7.jar
2026-09-13 17:02:29,553 [BasicRepositoryConnector-repo.maven.apache.org-5-1] INFO  o.e.m.c.i.e.AbstractTransferListenerAdapter - Downloading https://repo.maven.apache.org/maven2/org/springframework/spring-jcl/6.2.10/spring-jcl-6.2.10.jar
2026-09-13 17:02:29,568 [BasicRepositoryConnector-repo.maven.apache.org-5-2] INFO  o.e.m.c.i.e.AbstractTransferListenerAdapter - Downloading https://repo.maven.apache.org/maven2/org/springframework/spring-core/6.2.10/spring-core-6.2.10.jar
2026-09-13 17:02:29,573 [BasicRepositoryConnector-repo.maven.apache.org-5-3] INFO  o.e.m.c.i.e.AbstractTransferListenerAdapter - Downloaded https://repo.maven.apache.org/maven2/net/bytebuddy/byte-buddy-agent/1.17.7/byte-buddy-agent-1.17.7.jar
2026-09-13 17:02:29,573 [BasicRepositoryConnector-repo.maven.apache.org-5-1] INFO  o.e.m.c.i.e.AbstractTransferListenerAdapter - Downloaded https://repo.maven.apache.org/maven2/org/springframework/spring-jcl/6.2.10/spring-jcl-6.2.10.jar
2026-09-13 17:02:29,916 [BasicRepositoryConnector-repo.maven.apache.org-5-3] INFO  o.e.m.c.i.e.AbstractTransferListenerAdapter - Downloading https://repo.maven.apache.org/maven2/org/springframework/spring-test/6.2.10/spring-test-6.2.10.jar
2026-09-13 17:02:29,927 [BasicRepositoryConnector-repo.maven.apache.org-5-2] INFO  o.e.m.c.i.e.AbstractTransferListenerAdapter - Downloaded https://repo.maven.apache.org/maven2/org/springframework/spring-core/6.2.10/spring-core-6.2.10.jar
2026-09-13 17:02:30,052 [BasicRepositoryConnector-repo.maven.apache.org-5-0] INFO  o.e.m.c.i.e.AbstractTransferListenerAdapter - Downloaded https://repo.maven.apache.org/maven2/org/assertj/assertj-core/3.27.4/assertj-core-3.27.4.jar
2026-09-13 17:02:30,096 [BasicRepositoryConnector-repo.maven.apache.org-5-3] INFO  o.e.m.c.i.e.AbstractTransferListenerAdapter - Downloaded https://repo.maven.apache.org/maven2/org/springframework/spring-test/6.2.10/spring-test-6.2.10.jar
2026-09-13 17:02:30,125 [BasicRepositoryConnector-repo.maven.apache.org-5-4] INFO  o.e.m.c.i.e.AbstractTransferListenerAdapter - Downloaded https://repo.maven.apache.org/maven2/net/bytebuddy/byte-buddy/1.17.7/byte-buddy-1.17.7.jar
2026-09-13 17:02:30,657 [Worker-34: Building] INFO  o.e.m.c.i.l.LifecycleMappingFactory - Using org.eclipse.m2e.jdt.JarLifecycleMapping lifecycle mapping for MavenProject: com.flightmanagement:eureka-server:0.0.1-SNAPSHOT @ C:\Users\LMANTHIN\OneDrive - Capgemini\botp\FlightManagementSystem\eureka-server\pom.xml.
2026-09-13 17:02:32,669 [Worker-34: Building] WARN  Sisu - Error injecting: org.apache.maven.plugins.jar.JarMojo
com.google.inject.ProvisionException: Unable to provision, see the following errors:

1) [Guice/ErrorInCustomProvider]: OutOfScopeException: Cannot access Key[type=MavenProject, annotation=[none]] outside of a scoping block
  at MojoExecutionScopeModule.configure(MojoExecutionScopeModule.java:47)
      \_ installed by: WireModule -> MojoExecutionScopeModule
  at JarMojo.<init>(JarMojo.java:72)
      \_ for 1st parameter
  while locating JarMojo

Learn more:
  https://github.com/google/guice/wiki/ERROR_IN_CUSTOM_PROVIDER

1 error

======================
Full classname legend:
======================
JarMojo:                  "org.apache.maven.plugins.jar.JarMojo"
MavenProject:             "org.apache.maven.project.MavenProject"
MojoExecutionScopeModule: "org.apache.maven.execution.scope.internal.MojoExecutionScopeModule"
OutOfScopeException:      "com.google.inject.OutOfScopeException"
WireModule:               "org.eclipse.sisu.wire.WireModule"
========================
End of classname legend:
========================

	at com.google.inject.internal.InternalProvisionException.toProvisionException(InternalProvisionException.java:251)
	at com.google.inject.internal.InjectorImpl$1.get(InjectorImpl.java:1104)
	at com.google.inject.internal.InjectorImpl.getInstance(InjectorImpl.java:1139)
	at org.eclipse.sisu.space.AbstractDeferredClass.get(AbstractDeferredClass.java:50)
	at com.google.inject.internal.ProviderInternalFactory.provision(ProviderInternalFactory.java:86)
	at com.google.inject.internal.InternalFactoryToInitializableAdapter.provision(InternalFactoryToInitializableAdapter.java:57)
	at com.google.inject.internal.ProviderInternalFactory$1.call(ProviderInternalFactory.java:67)
	at com.google.inject.internal.ProvisionListenerStackCallback$Provision.provision(ProvisionListenerStackCallback.java:109)
	at com.google.inject.internal.ProvisionListenerStackCallback$Provision.provision(ProvisionListenerStackCallback.java:124)
	at com.google.inject.internal.ProvisionListenerStackCallback.provision(ProvisionListenerStackCallback.java:66)
	at com.google.inject.internal.ProviderInternalFactory.circularGet(ProviderInternalFactory.java:62)
	at com.google.inject.internal.InternalFactoryToInitializableAdapter.get(InternalFactoryToInitializableAdapter.java:47)
	at com.google.inject.internal.InjectorImpl$1.get(InjectorImpl.java:1101)
	at org.eclipse.sisu.inject.Guice4$2.get(Guice4.java:235)
	at org.eclipse.sisu.inject.LazyBeanEntry.getValue(LazyBeanEntry.java:83)
	at org.eclipse.sisu.plexus.LazyPlexusBean.getValue(LazyPlexusBean.java:53)
	at org.codehaus.plexus.DefaultPlexusContainer.lookup(DefaultPlexusContainer.java:265)
	at org.codehaus.plexus.DefaultPlexusContainer.lookup(DefaultPlexusContainer.java:257)
	at org.apache.maven.plugin.internal.DefaultMavenPluginManager.getConfiguredMojo(DefaultMavenPluginManager.java:491)
	at org.eclipse.m2e.core.internal.embedder.MavenImpl.getConfiguredMojo(MavenImpl.java:206)
	at org.eclipse.m2e.mavenarchiver.internal.AbstractMavenArchiverConfigurator.reflectManifestGeneration(AbstractMavenArchiverConfigurator.java:439)
	at org.eclipse.m2e.mavenarchiver.internal.AbstractMavenArchiverConfigurator.lambda$3(AbstractMavenArchiverConfigurator.java:398)
	at org.eclipse.m2e.core.internal.embedder.MavenExecutionContext.executeBare(MavenExecutionContext.java:458)
	at org.eclipse.m2e.core.internal.embedder.MavenExecutionContext.execute(MavenExecutionContext.java:339)
	at org.eclipse.m2e.core.internal.embedder.MavenExecutionContext.execute(MavenExecutionContext.java:278)
	at org.eclipse.m2e.mavenarchiver.internal.AbstractMavenArchiverConfigurator.generateManifest(AbstractMavenArchiverConfigurator.java:371)
	at org.eclipse.m2e.mavenarchiver.internal.AbstractMavenArchiverConfigurator.mavenProjectChanged(AbstractMavenArchiverConfigurator.java:228)
	at org.eclipse.m2e.mavenarchiver.internal.AbstractMavenArchiverConfigurator.mavenProjectChanged(AbstractMavenArchiverConfigurator.java:220)
	at org.eclipse.m2e.core.internal.project.ProjectConfigurationManager.mavenProjectChanged(ProjectConfigurationManager.java:885)
	at org.eclipse.m2e.core.internal.project.registry.ProjectRegistryManager.notifyProjectChangeListeners(ProjectRegistryManager.java:892)
	at org.eclipse.m2e.core.internal.project.registry.ProjectRegistryManager.applyMutableProjectRegistry(ProjectRegistryManager.java:1042)
	at org.eclipse.m2e.core.internal.project.registry.ProjectRegistryManager.refresh(ProjectRegistryManager.java:324)
	at org.eclipse.m2e.core.internal.builder.MavenBuilder$BuildMethod.getProjectFacade(MavenBuilder.java:146)
	at org.eclipse.m2e.core.internal.builder.MavenBuilder$BuildMethod.lambda$0(MavenBuilder.java:84)
	at org.eclipse.m2e.core.internal.embedder.MavenExecutionContext.executeBare(MavenExecutionContext.java:458)
	at org.eclipse.m2e.core.internal.embedder.MavenExecutionContext.execute(MavenExecutionContext.java:339)
	at org.eclipse.m2e.core.internal.embedder.MavenExecutionContext.execute(MavenExecutionContext.java:278)
	at org.eclipse.m2e.core.internal.builder.MavenBuilder$BuildMethod.execute(MavenBuilder.java:83)
	at org.eclipse.m2e.core.internal.builder.MavenBuilder.build(MavenBuilder.java:192)
	at org.eclipse.core.internal.events.BuildManager$2.run(BuildManager.java:1077)
	at org.eclipse.core.runtime.SafeRunner.run(SafeRunner.java:47)
	at org.eclipse.core.internal.events.BuildManager.basicBuild(BuildManager.java:296)
	at org.eclipse.core.internal.events.BuildManager.basicBuild(BuildManager.java:352)
	at org.eclipse.core.internal.events.BuildManager$1.run(BuildManager.java:441)
	at org.eclipse.core.runtime.SafeRunner.run(SafeRunner.java:47)
	at org.eclipse.core.internal.events.BuildManager.basicBuild(BuildManager.java:444)
	at org.eclipse.core.internal.events.BuildManager.basicBuildLoop(BuildManager.java:555)
	at org.eclipse.core.internal.events.BuildManager.basicBuildLoop(BuildManager.java:503)
	at org.eclipse.core.internal.events.BuildManager.build(BuildManager.java:585)
	at org.eclipse.core.internal.events.AutoBuildJob.doBuild(AutoBuildJob.java:207)
	at org.eclipse.core.internal.events.AutoBuildJob.run(AutoBuildJob.java:300)
	at org.eclipse.core.internal.jobs.Worker.run(Worker.java:63)
Caused by: com.google.inject.OutOfScopeException: Cannot access Key[type=org.apache.maven.project.MavenProject, annotation=[none]] outside of a scoping block
	at org.apache.maven.execution.scope.internal.MojoExecutionScope$2.get(MojoExecutionScope.java:99)
	at com.google.inject.internal.InternalFactoryToProviderAdapter.get(InternalFactoryToProviderAdapter.java:45)
	at com.google.inject.internal.SingleParameterInjector.inject(SingleParameterInjector.java:40)
	at com.google.inject.internal.SingleParameterInjector.getAll(SingleParameterInjector.java:60)
	at com.google.inject.internal.ConstructorInjector.provision(ConstructorInjector.java:113)
	at com.google.inject.internal.ConstructorInjector.access$000(ConstructorInjector.java:33)
	at com.google.inject.internal.ConstructorInjector$1.call(ConstructorInjector.java:98)
	at com.google.inject.internal.ProvisionListenerStackCallback$Provision.provision(ProvisionListenerStackCallback.java:109)
	at com.google.inject.internal.ProvisionListenerStackCallback$Provision.provision(ProvisionListenerStackCallback.java:124)
	at com.google.inject.internal.ProvisionListenerStackCallback.provision(ProvisionListenerStackCallback.java:66)
	at com.google.inject.internal.ConstructorInjector.construct(ConstructorInjector.java:93)
	at com.google.inject.internal.ConstructorBindingImpl$Factory.get(ConstructorBindingImpl.java:300)
	at com.google.inject.internal.InjectorImpl$1.get(InjectorImpl.java:1101)
	... 50 common frames omitted
2026-09-13 17:02:34,042 [Worker-39: Download sources and javadoc] INFO  o.e.m.c.i.e.AbstractTransferListenerAdapter - Downloading https://repo.maven.apache.org/maven2/org/springframework/boot/spring-boot-starter-web/3.5.5/spring-boot-starter-web-3.5.5-sources.jar
2026-09-13 17:02:34,059 [Worker-39: Download sources and javadoc] INFO  o.e.m.c.i.e.AbstractTransferListenerAdapter - Downloaded https://repo.maven.apache.org/maven2/org/springframework/boot/spring-boot-starter-web/3.5.5/spring-boot-starter-web-3.5.5-sources.jar
2026-09-13 17:02:34,073 [Worker-39: Download sources and javadoc] INFO  o.e.m.j.internal.DownloadSourcesJob - Downloaded sources for org.springframework.boot:spring-boot-starter-web:3.5.5
2026-09-13 17:02:34,182 [Worker-39: Download sources and javadoc] INFO  o.e.m.c.i.e.AbstractTransferListenerAdapter - Downloading https://repo.maven.apache.org/maven2/org/springframework/boot/spring-boot-starter/3.5.5/spring-boot-starter-3.5.5-sources.jar
2026-09-13 17:02:34,215 [Worker-39: Download sources and javadoc] INFO  o.e.m.c.i.e.AbstractTransferListenerAdapter - Downloaded https://repo.maven.apache.org/maven2/org/springframework/boot/spring-boot-starter/3.5.5/spring-boot-starter-3.5.5-sources.jar
2026-09-13 17:02:34,249 [Worker-39: Download sources and javadoc] INFO  o.e.m.j.internal.DownloadSourcesJob - Downloaded sources for org.springframework.boot:spring-boot-starter:3.5.5
2026-09-13 17:02:34,324 [Worker-39: Download sources and javadoc] INFO  o.e.m.c.i.e.AbstractTransferListenerAdapter - Downloading https://repo.maven.apache.org/maven2/org/springframework/boot/spring-boot-starter-logging/3.5.5/spring-boot-starter-logging-3.5.5-sources.jar
2026-09-13 17:02:34,349 [Worker-39: Download sources and javadoc] INFO  o.e.m.c.i.e.AbstractTransferListenerAdapter - Downloaded https://repo.maven.apache.org/maven2/org/springframework/boot/spring-boot-starter-logging/3.5.5/spring-boot-starter-logging-3.5.5-sources.jar
2026-09-13 17:02:34,362 [Worker-39: Download sources and javadoc] INFO  o.e.m.j.internal.DownloadSourcesJob - Downloaded sources for org.springframework.boot:spring-boot-starter-logging:3.5.5
2026-09-13 17:02:34,433 [Worker-39: Download sources and javadoc] INFO  o.e.m.c.i.e.AbstractTransferListenerAdapter - Downloading https://repo.maven.apache.org/maven2/org/springframework/boot/spring-boot-starter-json/3.5.5/spring-boot-starter-json-3.5.5-sources.jar
2026-09-13 17:02:34,452 [Worker-39: Download sources and javadoc] INFO  o.e.m.c.i.e.AbstractTransferListenerAdapter - Downloaded https://repo.maven.apache.org/maven2/org/springframework/boot/spring-boot-starter-json/3.5.5/spring-boot-starter-json-3.5.5-sources.jar
2026-09-13 17:02:34,461 [Worker-39: Download sources and javadoc] INFO  o.e.m.j.internal.DownloadSourcesJob - Downloaded sources for org.springframework.boot:spring-boot-starter-json:3.5.5
2026-09-13 17:02:34,550 [Worker-39: Download sources and javadoc] INFO  o.e.m.c.i.e.AbstractTransferListenerAdapter - Downloading https://repo.maven.apache.org/maven2/org/springframework/boot/spring-boot-starter-tomcat/3.5.5/spring-boot-starter-tomcat-3.5.5-sources.jar
2026-09-13 17:02:34,566 [Worker-39: Download sources and javadoc] INFO  o.e.m.c.i.e.AbstractTransferListenerAdapter - Downloaded https://repo.maven.apache.org/maven2/org/springframework/boot/spring-boot-starter-tomcat/3.5.5/spring-boot-starter-tomcat-3.5.5-sources.jar
2026-09-13 17:02:34,580 [Worker-39: Download sources and javadoc] INFO  o.e.m.j.internal.DownloadSourcesJob - Downloaded sources for org.springframework.boot:spring-boot-starter-tomcat:3.5.5
2026-09-13 17:02:35,514 [Worker-34: Building] INFO  o.a.m.s.f.DefaultMavenResourcesFiltering - Copying 0 resource from src\main\resources to target\classes
2026-09-13 17:02:35,518 [Worker-34: Building] INFO  o.a.m.s.f.DefaultMavenResourcesFiltering - Copying 0 resource from src\main\resources to target\classes
2026-09-13 17:02:35,528 [Worker-34: Building] INFO  o.a.m.s.f.DefaultMavenResourcesFiltering - skip non existing resourceDirectory C:\Users\LMANTHIN\OneDrive - Capgemini\botp\FlightManagementSystem\user-service\src\test\resources
2026-09-13 17:02:35,729 [Worker-41: Updating Maven Project] INFO  o.e.m.c.i.p.ProjectConfigurationManager - Update started
2026-09-13 17:02:35,731 [Worker-39: Download sources and javadoc] INFO  o.e.m.c.i.e.AbstractTransferListenerAdapter - Downloading https://repo.maven.apache.org/maven2/org/apache/tomcat/embed/tomcat-embed-core/10.1.44/tomcat-embed-core-10.1.44-sources.jar
2026-09-13 17:02:36,170 [Worker-39: Download sources and javadoc] INFO  o.e.m.c.i.e.AbstractTransferListenerAdapter - Downloaded https://repo.maven.apache.org/maven2/org/apache/tomcat/embed/tomcat-embed-core/10.1.44/tomcat-embed-core-10.1.44-sources.jar
2026-09-13 17:02:36,182 [Worker-39: Download sources and javadoc] INFO  o.e.m.j.internal.DownloadSourcesJob - Downloaded sources for org.apache.tomcat.embed:tomcat-embed-core:10.1.44
2026-09-13 17:02:38,142 [Worker-41: Updating Maven Project] INFO  o.e.m.c.i.l.LifecycleMappingFactory - Using org.eclipse.m2e.jdt.JarLifecycleMapping lifecycle mapping for MavenProject: com.flightmanagement:user-service:0.0.1-SNAPSHOT @ C:\Users\LMANTHIN\OneDrive - Capgemini\botp\FlightManagementSystem\user-service\pom.xml.
2026-09-13 17:02:38,151 [Worker-39: Download sources and javadoc] INFO  o.e.m.c.i.e.AbstractTransferListenerAdapter - Downloading https://repo.maven.apache.org/maven2/org/apache/tomcat/embed/tomcat-embed-websocket/10.1.44/tomcat-embed-websocket-10.1.44-sources.jar
2026-09-13 17:02:38,264 [Worker-39: Download sources and javadoc] INFO  o.e.m.c.i.e.AbstractTransferListenerAdapter - Downloaded https://repo.maven.apache.org/maven2/org/apache/tomcat/embed/tomcat-embed-websocket/10.1.44/tomcat-embed-websocket-10.1.44-sources.jar
2026-09-13 17:02:38,274 [Worker-39: Download sources and javadoc] INFO  o.e.m.j.internal.DownloadSourcesJob - Downloaded sources for org.apache.tomcat.embed:tomcat-embed-websocket:10.1.44
2026-09-13 17:02:38,359 [Worker-39: Download sources and javadoc] INFO  o.e.m.c.i.e.AbstractTransferListenerAdapter - Downloading https://repo.maven.apache.org/maven2/org/springframework/spring-web/6.2.10/spring-web-6.2.10-sources.jar
2026-09-13 17:02:38,623 [Worker-39: Download sources and javadoc] INFO  o.e.m.c.i.e.AbstractTransferListenerAdapter - Downloaded https://repo.maven.apache.org/maven2/org/springframework/spring-web/6.2.10/spring-web-6.2.10-sources.jar
2026-09-13 17:02:38,633 [Worker-39: Download sources and javadoc] INFO  o.e.m.j.internal.DownloadSourcesJob - Downloaded sources for org.springframework:spring-web:6.2.10
2026-09-13 17:02:38,717 [Worker-39: Download sources and javadoc] INFO  o.e.m.c.i.e.AbstractTransferListenerAdapter - Downloading https://repo.maven.apache.org/maven2/org/springframework/spring-beans/6.2.10/spring-beans-6.2.10-sources.jar
2026-09-13 17:02:38,876 [Worker-39: Download sources and javadoc] INFO  o.e.m.c.i.e.AbstractTransferListenerAdapter - Downloaded https://repo.maven.apache.org/maven2/org/springframework/spring-beans/6.2.10/spring-beans-6.2.10-sources.jar
2026-09-13 17:02:38,887 [Worker-39: Download sources and javadoc] INFO  o.e.m.j.internal.DownloadSourcesJob - Downloaded sources for org.springframework:spring-beans:6.2.10
2026-09-13 17:02:38,956 [Worker-39: Download sources and javadoc] INFO  o.e.m.c.i.e.AbstractTransferListenerAdapter - Downloading https://repo.maven.apache.org/maven2/io/micrometer/micrometer-observation/1.15.3/micrometer-observation-1.15.3-sources.jar
2026-09-13 17:02:39,032 [Worker-39: Download sources and javadoc] INFO  o.e.m.c.i.e.AbstractTransferListenerAdapter - Downloaded https://repo.maven.apache.org/maven2/io/micrometer/micrometer-observation/1.15.3/micrometer-observation-1.15.3-sources.jar
2026-09-13 17:02:39,041 [Worker-39: Download sources and javadoc] INFO  o.e.m.j.internal.DownloadSourcesJob - Downloaded sources for io.micrometer:micrometer-observation:1.15.3
2026-09-13 17:02:39,151 [Worker-39: Download sources and javadoc] INFO  o.e.m.c.i.e.AbstractTransferListenerAdapter - Downloading https://repo.maven.apache.org/maven2/io/micrometer/micrometer-commons/1.15.3/micrometer-commons-1.15.3-sources.jar
2026-09-13 17:02:39,206 [Worker-39: Download sources and javadoc] INFO  o.e.m.c.i.e.AbstractTransferListenerAdapter - Downloaded https://repo.maven.apache.org/maven2/io/micrometer/micrometer-commons/1.15.3/micrometer-commons-1.15.3-sources.jar
2026-09-13 17:02:39,216 [Worker-39: Download sources and javadoc] INFO  o.e.m.j.internal.DownloadSourcesJob - Downloaded sources for io.micrometer:micrometer-commons:1.15.3
2026-09-13 17:02:39,296 [Worker-39: Download sources and javadoc] INFO  o.e.m.c.i.e.AbstractTransferListenerAdapter - Downloading https://repo.maven.apache.org/maven2/org/springframework/spring-webmvc/6.2.10/spring-webmvc-6.2.10-sources.jar
2026-09-13 17:02:39,462 [Worker-39: Download sources and javadoc] INFO  o.e.m.c.i.e.AbstractTransferListenerAdapter - Downloaded https://repo.maven.apache.org/maven2/org/springframework/spring-webmvc/6.2.10/spring-webmvc-6.2.10-sources.jar
2026-09-13 17:02:39,472 [Worker-39: Download sources and javadoc] INFO  o.e.m.j.internal.DownloadSourcesJob - Downloaded sources for org.springframework:spring-webmvc:6.2.10
2026-09-13 17:02:39,545 [Worker-39: Download sources and javadoc] INFO  o.e.m.c.i.e.AbstractTransferListenerAdapter - Downloading https://repo.maven.apache.org/maven2/org/springframework/spring-context/6.2.10/spring-context-6.2.10-sources.jar
2026-09-13 17:02:39,727 [Worker-39: Download sources and javadoc] INFO  o.e.m.c.i.e.AbstractTransferListenerAdapter - Downloaded https://repo.maven.apache.org/maven2/org/springframework/spring-context/6.2.10/spring-context-6.2.10-sources.jar
2026-09-13 17:02:39,736 [Worker-39: Download sources and javadoc] INFO  o.e.m.j.internal.DownloadSourcesJob - Downloaded sources for org.springframework:spring-context:6.2.10
2026-09-13 17:02:39,823 [Worker-39: Download sources and javadoc] INFO  o.e.m.c.i.e.AbstractTransferListenerAdapter - Downloading https://repo.maven.apache.org/maven2/org/springframework/spring-expression/6.2.10/spring-expression-6.2.10-sources.jar
2026-09-13 17:02:39,913 [Worker-39: Download sources and javadoc] INFO  o.e.m.c.i.e.AbstractTransferListenerAdapter - Downloaded https://repo.maven.apache.org/maven2/org/springframework/spring-expression/6.2.10/spring-expression-6.2.10-sources.jar
2026-09-13 17:02:39,922 [Worker-39: Download sources and javadoc] INFO  o.e.m.j.internal.DownloadSourcesJob - Downloaded sources for org.springframework:spring-expression:6.2.10
2026-09-13 17:02:39,988 [Worker-39: Download sources and javadoc] INFO  o.e.m.c.i.e.AbstractTransferListenerAdapter - Downloading https://repo.maven.apache.org/maven2/org/springframework/boot/spring-boot-starter-security/3.5.5/spring-boot-starter-security-3.5.5-sources.jar
2026-09-13 17:02:40,009 [Worker-39: Download sources and javadoc] INFO  o.e.m.c.i.e.AbstractTransferListenerAdapter - Downloaded https://repo.maven.apache.org/maven2/org/springframework/boot/spring-boot-starter-security/3.5.5/spring-boot-starter-security-3.5.5-sources.jar
2026-09-13 17:02:40,021 [Worker-39: Download sources and javadoc] INFO  o.e.m.j.internal.DownloadSourcesJob - Downloaded sources for org.springframework.boot:spring-boot-starter-security:3.5.5
2026-09-13 17:02:40,090 [Worker-39: Download sources and javadoc] INFO  o.e.m.c.i.e.AbstractTransferListenerAdapter - Downloading https://repo.maven.apache.org/maven2/org/springframework/spring-aop/6.2.10/spring-aop-6.2.10-sources.jar
2026-09-13 17:02:40,237 [Worker-39: Download sources and javadoc] INFO  o.e.m.c.i.e.AbstractTransferListenerAdapter - Downloaded https://repo.maven.apache.org/maven2/org/springframework/spring-aop/6.2.10/spring-aop-6.2.10-sources.jar
2026-09-13 17:02:40,247 [Worker-39: Download sources and javadoc] INFO  o.e.m.j.internal.DownloadSourcesJob - Downloaded sources for org.springframework:spring-aop:6.2.10
2026-09-13 17:02:40,378 [Worker-39: Download sources and javadoc] INFO  o.e.m.c.i.e.AbstractTransferListenerAdapter - Downloading https://repo.maven.apache.org/maven2/org/springframework/security/spring-security-config/6.5.3/spring-security-config-6.5.3-sources.jar
2026-09-13 17:02:40,404 [Worker-41: Updating Maven Project] INFO  o.e.m.j.i.AbstractJavaProjectConfigurator - Adding source folder /user-service/src/main/java
2026-09-13 17:02:40,406 [Worker-41: Updating Maven Project] INFO  o.e.m.j.i.AbstractJavaProjectConfigurator - Adding resource folder /user-service/src/main/resources
2026-09-13 17:02:40,407 [Worker-41: Updating Maven Project] INFO  o.e.m.j.i.AbstractJavaProjectConfigurator - Adding resource folder /user-service/src/main/resources
2026-09-13 17:02:40,407 [Worker-41: Updating Maven Project] INFO  o.e.m.j.i.AbstractJavaProjectConfigurator - Adding source folder /user-service/src/test/java
2026-09-13 17:02:40,410 [Worker-41: Updating Maven Project] INFO  o.e.m.j.i.AbstractJavaProjectConfigurator - Adding resource folder /user-service/src/test/resources
2026-09-13 17:02:40,622 [Worker-39: Download sources and javadoc] INFO  o.e.m.c.i.e.AbstractTransferListenerAdapter - Downloaded https://repo.maven.apache.org/maven2/org/springframework/security/spring-security-config/6.5.3/spring-security-config-6.5.3-sources.jar
2026-09-13 17:02:40,631 [Worker-39: Download sources and javadoc] INFO  o.e.m.j.internal.DownloadSourcesJob - Downloaded sources for org.springframework.security:spring-security-config:6.5.3
2026-09-13 17:02:40,763 [Worker-39: Download sources and javadoc] INFO  o.e.m.c.i.e.AbstractTransferListenerAdapter - Downloading https://repo.maven.apache.org/maven2/org/springframework/security/spring-security-core/6.5.3/spring-security-core-6.5.3-sources.jar
2026-09-13 17:02:40,923 [Worker-39: Download sources and javadoc] INFO  o.e.m.c.i.e.AbstractTransferListenerAdapter - Downloaded https://repo.maven.apache.org/maven2/org/springframework/security/spring-security-core/6.5.3/spring-security-core-6.5.3-sources.jar
2026-09-13 17:02:40,933 [Worker-39: Download sources and javadoc] INFO  o.e.m.j.internal.DownloadSourcesJob - Downloaded sources for org.springframework.security:spring-security-core:6.5.3
2026-09-13 17:02:41,021 [Worker-39: Download sources and javadoc] INFO  o.e.m.c.i.e.AbstractTransferListenerAdapter - Downloading https://repo.maven.apache.org/maven2/org/springframework/security/spring-security-web/6.5.3/spring-security-web-6.5.3-sources.jar
2026-09-13 17:02:41,200 [Worker-39: Download sources and javadoc] INFO  o.e.m.c.i.e.AbstractTransferListenerAdapter - Downloaded https://repo.maven.apache.org/maven2/org/springframework/security/spring-security-web/6.5.3/spring-security-web-6.5.3-sources.jar
2026-09-13 17:02:41,211 [Worker-39: Download sources and javadoc] INFO  o.e.m.j.internal.DownloadSourcesJob - Downloaded sources for org.springframework.security:spring-security-web:6.5.3
2026-09-13 17:02:41,295 [Worker-39: Download sources and javadoc] INFO  o.e.m.c.i.e.AbstractTransferListenerAdapter - Downloading https://repo.maven.apache.org/maven2/org/springframework/boot/spring-boot-starter-validation/3.5.5/spring-boot-starter-validation-3.5.5-sources.jar
2026-09-13 17:02:41,309 [Worker-39: Download sources and javadoc] INFO  o.e.m.c.i.e.AbstractTransferListenerAdapter - Downloaded https://repo.maven.apache.org/maven2/org/springframework/boot/spring-boot-starter-validation/3.5.5/spring-boot-starter-validation-3.5.5-sources.jar
2026-09-13 17:02:41,323 [Worker-39: Download sources and javadoc] INFO  o.e.m.j.internal.DownloadSourcesJob - Downloaded sources for org.springframework.boot:spring-boot-starter-validation:3.5.5
2026-09-13 17:02:41,411 [Worker-39: Download sources and javadoc] INFO  o.e.m.c.i.e.AbstractTransferListenerAdapter - Downloading https://repo.maven.apache.org/maven2/org/apache/tomcat/embed/tomcat-embed-el/10.1.44/tomcat-embed-el-10.1.44-sources.jar
2026-09-13 17:02:41,511 [Worker-39: Download sources and javadoc] INFO  o.e.m.c.i.e.AbstractTransferListenerAdapter - Downloaded https://repo.maven.apache.org/maven2/org/apache/tomcat/embed/tomcat-embed-el/10.1.44/tomcat-embed-el-10.1.44-sources.jar
2026-09-13 17:02:41,522 [Worker-39: Download sources and javadoc] INFO  o.e.m.j.internal.DownloadSourcesJob - Downloaded sources for org.apache.tomcat.embed:tomcat-embed-el:10.1.44
2026-09-13 17:02:41,522 [Worker-41: Updating Maven Project] INFO  o.e.m.c.i.p.ProjectConfigurationManager - Update completed for 1 poms: local refresh takes 0.00 sec, refresh facades takes 4.00 sec, update config takes 1.00 sec 
2026-09-13 17:02:41,529 [Worker-42: Updating Maven Project] INFO  o.e.m.c.i.p.ProjectConfigurationManager - Update started
2026-09-13 17:02:41,607 [Worker-39: Download sources and javadoc] INFO  o.e.m.c.i.e.AbstractTransferListenerAdapter - Downloading https://repo.maven.apache.org/maven2/org/springframework/boot/spring-boot-starter-data-jpa/3.5.5/spring-boot-starter-data-jpa-3.5.5-sources.jar
2026-09-13 17:02:41,623 [Worker-39: Download sources and javadoc] INFO  o.e.m.c.i.e.AbstractTransferListenerAdapter - Downloaded https://repo.maven.apache.org/maven2/org/springframework/boot/spring-boot-starter-data-jpa/3.5.5/spring-boot-starter-data-jpa-3.5.5-sources.jar
2026-09-13 17:02:41,637 [Worker-39: Download sources and javadoc] INFO  o.e.m.j.internal.DownloadSourcesJob - Downloaded sources for org.springframework.boot:spring-boot-starter-data-jpa:3.5.5
2026-09-13 17:02:43,717 [Worker-39: Download sources and javadoc] INFO  o.e.m.c.i.e.AbstractTransferListenerAdapter - Downloading https://repo.maven.apache.org/maven2/org/springframework/boot/spring-boot-starter-jdbc/3.5.5/spring-boot-starter-jdbc-3.5.5-sources.jar
2026-09-13 17:02:43,718 [Worker-42: Updating Maven Project] INFO  o.e.m.c.i.l.LifecycleMappingFactory - Using org.eclipse.m2e.jdt.JarLifecycleMapping lifecycle mapping for MavenProject: com.flightmanagement:user-service:0.0.1-SNAPSHOT @ C:\Users\LMANTHIN\OneDrive - Capgemini\botp\FlightManagementSystem\user-service\pom.xml.
2026-09-13 17:02:43,734 [Worker-39: Download sources and javadoc] INFO  o.e.m.c.i.e.AbstractTransferListenerAdapter - Downloaded https://repo.maven.apache.org/maven2/org/springframework/boot/spring-boot-starter-jdbc/3.5.5/spring-boot-starter-jdbc-3.5.5-sources.jar
2026-09-13 17:02:43,746 [Worker-39: Download sources and javadoc] INFO  o.e.m.j.internal.DownloadSourcesJob - Downloaded sources for org.springframework.boot:spring-boot-starter-jdbc:3.5.5
2026-09-13 17:02:43,892 [Worker-39: Download sources and javadoc] INFO  o.e.m.c.i.e.AbstractTransferListenerAdapter - Downloading https://repo.maven.apache.org/maven2/com/zaxxer/HikariCP/6.3.2/HikariCP-6.3.2-sources.jar
2026-09-13 17:02:43,967 [Worker-39: Download sources and javadoc] INFO  o.e.m.c.i.e.AbstractTransferListenerAdapter - Downloaded https://repo.maven.apache.org/maven2/com/zaxxer/HikariCP/6.3.2/HikariCP-6.3.2-sources.jar
2026-09-13 17:02:43,977 [Worker-39: Download sources and javadoc] INFO  o.e.m.j.internal.DownloadSourcesJob - Downloaded sources for com.zaxxer:HikariCP:6.3.2
2026-09-13 17:02:44,056 [Worker-39: Download sources and javadoc] INFO  o.e.m.c.i.e.AbstractTransferListenerAdapter - Downloading https://repo.maven.apache.org/maven2/org/springframework/spring-jdbc/6.2.10/spring-jdbc-6.2.10-sources.jar
2026-09-13 17:02:44,243 [Worker-39: Download sources and javadoc] INFO  o.e.m.c.i.e.AbstractTransferListenerAdapter - Downloaded https://repo.maven.apache.org/maven2/org/springframework/spring-jdbc/6.2.10/spring-jdbc-6.2.10-sources.jar
2026-09-13 17:02:44,254 [Worker-39: Download sources and javadoc] INFO  o.e.m.j.internal.DownloadSourcesJob - Downloaded sources for org.springframework:spring-jdbc:6.2.10
2026-09-13 17:02:44,376 [Worker-39: Download sources and javadoc] INFO  o.e.m.c.i.e.AbstractTransferListenerAdapter - Downloading https://repo.maven.apache.org/maven2/org/hibernate/orm/hibernate-core/6.6.26.Final/hibernate-core-6.6.26.Final-sources.jar
2026-09-13 17:02:45,373 [Worker-39: Download sources and javadoc] INFO  o.e.m.c.i.e.AbstractTransferListenerAdapter - Downloaded https://repo.maven.apache.org/maven2/org/hibernate/orm/hibernate-core/6.6.26.Final/hibernate-core-6.6.26.Final-sources.jar
2026-09-13 17:02:45,382 [Worker-39: Download sources and javadoc] INFO  o.e.m.j.internal.DownloadSourcesJob - Downloaded sources for org.hibernate.orm:hibernate-core:6.6.26.Final
2026-09-13 17:02:45,466 [Worker-39: Download sources and javadoc] INFO  o.e.m.c.i.e.AbstractTransferListenerAdapter - Downloading https://repo.maven.apache.org/maven2/net/bytebuddy/byte-buddy/1.17.7/byte-buddy-1.17.7-sources.jar
2026-09-13 17:02:45,807 [Worker-39: Download sources and javadoc] INFO  o.e.m.c.i.e.AbstractTransferListenerAdapter - Downloaded https://repo.maven.apache.org/maven2/net/bytebuddy/byte-buddy/1.17.7/byte-buddy-1.17.7-sources.jar
2026-09-13 17:02:45,816 [Worker-39: Download sources and javadoc] INFO  o.e.m.j.internal.DownloadSourcesJob - Downloaded sources for net.bytebuddy:byte-buddy:1.17.7
2026-09-13 17:02:45,910 [Worker-39: Download sources and javadoc] INFO  o.e.m.c.i.e.AbstractTransferListenerAdapter - Downloading https://repo.maven.apache.org/maven2/org/springframework/data/spring-data-jpa/3.5.3/spring-data-jpa-3.5.3-sources.jar
2026-09-13 17:02:46,032 [Worker-39: Download sources and javadoc] INFO  o.e.m.c.i.e.AbstractTransferListenerAdapter - Downloaded https://repo.maven.apache.org/maven2/org/springframework/data/spring-data-jpa/3.5.3/spring-data-jpa-3.5.3-sources.jar
2026-09-13 17:02:46,042 [Worker-39: Download sources and javadoc] INFO  o.e.m.j.internal.DownloadSourcesJob - Downloaded sources for org.springframework.data:spring-data-jpa:3.5.3
2026-09-13 17:02:46,111 [Worker-39: Download sources and javadoc] INFO  o.e.m.c.i.e.AbstractTransferListenerAdapter - Downloading https://repo.maven.apache.org/maven2/org/springframework/data/spring-data-commons/3.5.3/spring-data-commons-3.5.3-sources.jar
2026-09-13 17:02:46,375 [Worker-39: Download sources and javadoc] INFO  o.e.m.c.i.e.AbstractTransferListenerAdapter - Downloaded https://repo.maven.apache.org/maven2/org/springframework/data/spring-data-commons/3.5.3/spring-data-commons-3.5.3-sources.jar
2026-09-13 17:02:46,385 [Worker-39: Download sources and javadoc] INFO  o.e.m.j.internal.DownloadSourcesJob - Downloaded sources for org.springframework.data:spring-data-commons:3.5.3
2026-09-13 17:02:46,403 [Worker-42: Updating Maven Project] INFO  o.e.m.j.i.AbstractJavaProjectConfigurator - Adding source folder /user-service/src/main/java
2026-09-13 17:02:46,405 [Worker-42: Updating Maven Project] INFO  o.e.m.j.i.AbstractJavaProjectConfigurator - Adding resource folder /user-service/src/main/resources
2026-09-13 17:02:46,406 [Worker-42: Updating Maven Project] INFO  o.e.m.j.i.AbstractJavaProjectConfigurator - Adding resource folder /user-service/src/main/resources
2026-09-13 17:02:46,406 [Worker-42: Updating Maven Project] INFO  o.e.m.j.i.AbstractJavaProjectConfigurator - Adding source folder /user-service/src/test/java
2026-09-13 17:02:46,408 [Worker-42: Updating Maven Project] INFO  o.e.m.j.i.AbstractJavaProjectConfigurator - Adding resource folder /user-service/src/test/resources
2026-09-13 17:02:46,463 [Worker-39: Download sources and javadoc] INFO  o.e.m.c.i.e.AbstractTransferListenerAdapter - Downloading https://repo.maven.apache.org/maven2/org/springframework/spring-orm/6.2.10/spring-orm-6.2.10-sources.jar
2026-09-13 17:02:46,546 [Worker-39: Download sources and javadoc] INFO  o.e.m.c.i.e.AbstractTransferListenerAdapter - Downloaded https://repo.maven.apache.org/maven2/org/springframework/spring-orm/6.2.10/spring-orm-6.2.10-sources.jar
2026-09-13 17:02:46,556 [Worker-39: Download sources and javadoc] INFO  o.e.m.j.internal.DownloadSourcesJob - Downloaded sources for org.springframework:spring-orm:6.2.10
2026-09-13 17:02:46,654 [Worker-39: Download sources and javadoc] INFO  o.e.m.c.i.e.AbstractTransferListenerAdapter - Downloading https://repo.maven.apache.org/maven2/org/springframework/spring-tx/6.2.10/spring-tx-6.2.10-sources.jar
2026-09-13 17:02:47,271 [Worker-39: Download sources and javadoc] INFO  o.e.m.c.i.e.AbstractTransferListenerAdapter - Downloaded https://repo.maven.apache.org/maven2/org/springframework/spring-tx/6.2.10/spring-tx-6.2.10-sources.jar
2026-09-13 17:02:47,282 [Worker-39: Download sources and javadoc] INFO  o.e.m.j.internal.DownloadSourcesJob - Downloaded sources for org.springframework:spring-tx:6.2.10
2026-09-13 17:02:47,358 [Worker-39: Download sources and javadoc] INFO  o.e.m.c.i.e.AbstractTransferListenerAdapter - Downloading https://repo.maven.apache.org/maven2/org/springframework/spring-aspects/6.2.10/spring-aspects-6.2.10-sources.jar
2026-09-13 17:02:47,404 [Worker-39: Download sources and javadoc] INFO  o.e.m.c.i.e.AbstractTransferListenerAdapter - Downloaded https://repo.maven.apache.org/maven2/org/springframework/spring-aspects/6.2.10/spring-aspects-6.2.10-sources.jar
2026-09-13 17:02:47,415 [Worker-39: Download sources and javadoc] INFO  o.e.m.j.internal.DownloadSourcesJob - Downloaded sources for org.springframework:spring-aspects:6.2.10
2026-09-13 17:02:47,483 [Worker-42: Updating Maven Project] INFO  o.e.m.c.i.p.ProjectConfigurationManager - Update completed for 1 poms: local refresh takes 0.00 sec, refresh facades takes 4.00 sec, update config takes 0.00 sec 
2026-09-13 17:02:47,498 [Worker-39: Download sources and javadoc] INFO  o.e.m.c.i.e.AbstractTransferListenerAdapter - Downloading https://repo.maven.apache.org/maven2/io/projectreactor/reactor-core/3.7.9/reactor-core-3.7.9-sources.jar
2026-09-13 17:02:47,778 [Worker-39: Download sources and javadoc] INFO  o.e.m.c.i.e.AbstractTransferListenerAdapter - Downloaded https://repo.maven.apache.org/maven2/io/projectreactor/reactor-core/3.7.9/reactor-core-3.7.9-sources.jar
2026-09-13 17:02:47,787 [Worker-39: Download sources and javadoc] INFO  o.e.m.j.internal.DownloadSourcesJob - Downloaded sources for io.projectreactor:reactor-core:3.7.9
2026-09-13 17:02:47,874 [Worker-39: Download sources and javadoc] INFO  o.e.m.c.i.e.AbstractTransferListenerAdapter - Downloading https://repo.maven.apache.org/maven2/org/springframework/boot/spring-boot-starter-cache/3.5.5/spring-boot-starter-cache-3.5.5-sources.jar
2026-09-13 17:02:47,908 [Worker-39: Download sources and javadoc] INFO  o.e.m.c.i.e.AbstractTransferListenerAdapter - Downloaded https://repo.maven.apache.org/maven2/org/springframework/boot/spring-boot-starter-cache/3.5.5/spring-boot-starter-cache-3.5.5-sources.jar
2026-09-13 17:02:47,921 [Worker-39: Download sources and javadoc] INFO  o.e.m.j.internal.DownloadSourcesJob - Downloaded sources for org.springframework.boot:spring-boot-starter-cache:3.5.5
2026-09-13 17:02:48,035 [Worker-39: Download sources and javadoc] INFO  o.e.m.c.i.e.AbstractTransferListenerAdapter - Downloading https://repo.maven.apache.org/maven2/org/springframework/spring-context-support/6.2.10/spring-context-support-6.2.10-sources.jar
2026-09-13 17:02:48,118 [Worker-39: Download sources and javadoc] INFO  o.e.m.c.i.e.AbstractTransferListenerAdapter - Downloaded https://repo.maven.apache.org/maven2/org/springframework/spring-context-support/6.2.10/spring-context-support-6.2.10-sources.jar
2026-09-13 17:02:48,127 [Worker-39: Download sources and javadoc] INFO  o.e.m.j.internal.DownloadSourcesJob - Downloaded sources for org.springframework:spring-context-support:6.2.10
2026-09-13 17:02:48,129 [Worker-43: Building] INFO  o.a.m.s.f.DefaultMavenResourcesFiltering - Copying 1 resource from src\main\resources to target\classes
2026-09-13 17:02:48,158 [Worker-43: Building] INFO  o.a.m.s.f.DefaultMavenResourcesFiltering - Copying 0 resource from src\main\resources to target\classes
2026-09-13 17:02:48,165 [Worker-43: Building] INFO  o.a.m.s.f.DefaultMavenResourcesFiltering - skip non existing resourceDirectory C:\Users\LMANTHIN\OneDrive - Capgemini\botp\FlightManagementSystem\user-service\src\test\resources
2026-09-13 17:02:48,202 [Worker-39: Download sources and javadoc] INFO  o.e.m.c.i.e.AbstractTransferListenerAdapter - Downloading https://repo.maven.apache.org/maven2/org/springframework/security/spring-security-crypto/6.5.3/spring-security-crypto-6.5.3-sources.jar
2026-09-13 17:02:48,261 [Worker-43: Updating Maven Project] INFO  o.e.m.c.i.p.ProjectConfigurationManager - Update started
2026-09-13 17:02:48,274 [Worker-39: Download sources and javadoc] INFO  o.e.m.c.i.e.AbstractTransferListenerAdapter - Downloaded https://repo.maven.apache.org/maven2/org/springframework/security/spring-security-crypto/6.5.3/spring-security-crypto-6.5.3-sources.jar
2026-09-13 17:02:48,286 [Worker-39: Download sources and javadoc] INFO  o.e.m.j.internal.DownloadSourcesJob - Downloaded sources for org.springframework.security:spring-security-crypto:6.5.3
2026-09-13 17:02:48,447 [Worker-39: Download sources and javadoc] INFO  o.e.m.c.i.e.AbstractTransferListenerAdapter - Downloading https://repo.maven.apache.org/maven2/org/springframework/boot/spring-boot-devtools/3.5.5/spring-boot-devtools-3.5.5-sources.jar
2026-09-13 17:02:48,537 [Worker-39: Download sources and javadoc] INFO  o.e.m.c.i.e.AbstractTransferListenerAdapter - Downloaded https://repo.maven.apache.org/maven2/org/springframework/boot/spring-boot-devtools/3.5.5/spring-boot-devtools-3.5.5-sources.jar
2026-09-13 17:02:48,549 [Worker-39: Download sources and javadoc] INFO  o.e.m.j.internal.DownloadSourcesJob - Downloaded sources for org.springframework.boot:spring-boot-devtools:3.5.5
2026-09-13 17:02:48,647 [Worker-39: Download sources and javadoc] INFO  o.e.m.c.i.e.AbstractTransferListenerAdapter - Downloading https://repo.maven.apache.org/maven2/org/springframework/boot/spring-boot/3.5.5/spring-boot-3.5.5-sources.jar
2026-09-13 17:02:48,922 [Worker-39: Download sources and javadoc] INFO  o.e.m.c.i.e.AbstractTransferListenerAdapter - Downloaded https://repo.maven.apache.org/maven2/org/springframework/boot/spring-boot/3.5.5/spring-boot-3.5.5-sources.jar
2026-09-13 17:02:48,934 [Worker-39: Download sources and javadoc] INFO  o.e.m.j.internal.DownloadSourcesJob - Downloaded sources for org.springframework.boot:spring-boot:3.5.5
2026-09-13 17:02:49,064 [Worker-39: Download sources and javadoc] INFO  o.e.m.c.i.e.AbstractTransferListenerAdapter - Downloading https://repo.maven.apache.org/maven2/org/springframework/boot/spring-boot-autoconfigure/3.5.5/spring-boot-autoconfigure-3.5.5-sources.jar
2026-09-13 17:02:49,111 [Worker-43: Updating Maven Project] INFO  o.e.m.c.i.l.LifecycleMappingFactory - Using org.eclipse.m2e.jdt.JarLifecycleMapping lifecycle mapping for MavenProject: com.flightmanagement:eureka-server:0.0.1-SNAPSHOT @ C:\Users\LMANTHIN\OneDrive - Capgemini\botp\FlightManagementSystem\eureka-server\pom.xml.
2026-09-13 17:02:49,236 [Worker-39: Download sources and javadoc] INFO  o.e.m.c.i.e.AbstractTransferListenerAdapter - Downloaded https://repo.maven.apache.org/maven2/org/springframework/boot/spring-boot-autoconfigure/3.5.5/spring-boot-autoconfigure-3.5.5-sources.jar
2026-09-13 17:02:49,245 [Worker-39: Download sources and javadoc] INFO  o.e.m.j.internal.DownloadSourcesJob - Downloaded sources for org.springframework.boot:spring-boot-autoconfigure:3.5.5
2026-09-13 17:02:49,315 [Worker-39: Download sources and javadoc] INFO  o.e.m.c.i.e.AbstractTransferListenerAdapter - Downloading https://repo.maven.apache.org/maven2/org/springframework/boot/spring-boot-starter-test/3.5.5/spring-boot-starter-test-3.5.5-sources.jar
2026-09-13 17:02:49,332 [Worker-39: Download sources and javadoc] INFO  o.e.m.c.i.e.AbstractTransferListenerAdapter - Downloaded https://repo.maven.apache.org/maven2/org/springframework/boot/spring-boot-starter-test/3.5.5/spring-boot-starter-test-3.5.5-sources.jar
2026-09-13 17:02:49,342 [Worker-39: Download sources and javadoc] INFO  o.e.m.j.internal.DownloadSourcesJob - Downloaded sources for org.springframework.boot:spring-boot-starter-test:3.5.5
2026-09-13 17:02:49,413 [Worker-39: Download sources and javadoc] INFO  o.e.m.c.i.e.AbstractTransferListenerAdapter - Downloading https://repo.maven.apache.org/maven2/org/springframework/boot/spring-boot-test/3.5.5/spring-boot-test-3.5.5-sources.jar
2026-09-13 17:02:49,511 [Worker-39: Download sources and javadoc] INFO  o.e.m.c.i.e.AbstractTransferListenerAdapter - Downloaded https://repo.maven.apache.org/maven2/org/springframework/boot/spring-boot-test/3.5.5/spring-boot-test-3.5.5-sources.jar
2026-09-13 17:02:49,523 [Worker-39: Download sources and javadoc] INFO  o.e.m.j.internal.DownloadSourcesJob - Downloaded sources for org.springframework.boot:spring-boot-test:3.5.5
2026-09-13 17:02:49,596 [Worker-39: Download sources and javadoc] INFO  o.e.m.c.i.e.AbstractTransferListenerAdapter - Downloading https://repo.maven.apache.org/maven2/org/springframework/boot/spring-boot-test-autoconfigure/3.5.5/spring-boot-test-autoconfigure-3.5.5-sources.jar
2026-09-13 17:02:49,680 [Worker-39: Download sources and javadoc] INFO  o.e.m.c.i.e.AbstractTransferListenerAdapter - Downloaded https://repo.maven.apache.org/maven2/org/springframework/boot/spring-boot-test-autoconfigure/3.5.5/spring-boot-test-autoconfigure-3.5.5-sources.jar
2026-09-13 17:02:49,691 [Worker-39: Download sources and javadoc] INFO  o.e.m.j.internal.DownloadSourcesJob - Downloaded sources for org.springframework.boot:spring-boot-test-autoconfigure:3.5.5
2026-09-13 17:02:49,774 [Worker-39: Download sources and javadoc] INFO  o.e.m.c.i.e.AbstractTransferListenerAdapter - Downloading https://repo.maven.apache.org/maven2/org/assertj/assertj-core/3.27.4/assertj-core-3.27.4-sources.jar
2026-09-13 17:02:49,979 [Worker-39: Download sources and javadoc] INFO  o.e.m.c.i.e.AbstractTransferListenerAdapter - Downloaded https://repo.maven.apache.org/maven2/org/assertj/assertj-core/3.27.4/assertj-core-3.27.4-sources.jar
2026-09-13 17:02:49,989 [Worker-39: Download sources and javadoc] INFO  o.e.m.j.internal.DownloadSourcesJob - Downloaded sources for org.assertj:assertj-core:3.27.4
2026-09-13 17:02:50,087 [Worker-39: Download sources and javadoc] INFO  o.e.m.c.i.e.AbstractTransferListenerAdapter - Downloading https://repo.maven.apache.org/maven2/net/bytebuddy/byte-buddy-agent/1.17.7/byte-buddy-agent-1.17.7-sources.jar
2026-09-13 17:02:50,185 [Worker-39: Download sources and javadoc] INFO  o.e.m.c.i.e.AbstractTransferListenerAdapter - Downloaded https://repo.maven.apache.org/maven2/net/bytebuddy/byte-buddy-agent/1.17.7/byte-buddy-agent-1.17.7-sources.jar
2026-09-13 17:02:50,193 [Worker-39: Download sources and javadoc] INFO  o.e.m.j.internal.DownloadSourcesJob - Downloaded sources for net.bytebuddy:byte-buddy-agent:1.17.7
2026-09-13 17:02:50,341 [Worker-39: Download sources and javadoc] INFO  o.e.m.c.i.e.AbstractTransferListenerAdapter - Downloading https://repo.maven.apache.org/maven2/org/springframework/spring-core/6.2.10/spring-core-6.2.10-sources.jar
2026-09-13 17:02:50,547 [Worker-39: Download sources and javadoc] INFO  o.e.m.c.i.e.AbstractTransferListenerAdapter - Downloaded https://repo.maven.apache.org/maven2/org/springframework/spring-core/6.2.10/spring-core-6.2.10-sources.jar
2026-09-13 17:02:50,558 [Worker-39: Download sources and javadoc] INFO  o.e.m.j.internal.DownloadSourcesJob - Downloaded sources for org.springframework:spring-core:6.2.10
2026-09-13 17:02:50,644 [Worker-39: Download sources and javadoc] INFO  o.e.m.c.i.e.AbstractTransferListenerAdapter - Downloading https://repo.maven.apache.org/maven2/org/springframework/spring-jcl/6.2.10/spring-jcl-6.2.10-sources.jar
2026-09-13 17:02:50,657 [Worker-43: Updating Maven Project] WARN  Sisu - Error injecting: org.apache.maven.plugins.jar.JarMojo
com.google.inject.ProvisionException: Unable to provision, see the following errors:

1) [Guice/ErrorInCustomProvider]: OutOfScopeException: Cannot access Key[type=MavenProject, annotation=[none]] outside of a scoping block
  at MojoExecutionScopeModule.configure(MojoExecutionScopeModule.java:47)
      \_ installed by: WireModule -> MojoExecutionScopeModule
  at JarMojo.<init>(JarMojo.java:72)
      \_ for 1st parameter
  while locating JarMojo

Learn more:
  https://github.com/google/guice/wiki/ERROR_IN_CUSTOM_PROVIDER

1 error

======================
Full classname legend:
======================
JarMojo:                  "org.apache.maven.plugins.jar.JarMojo"
MavenProject:             "org.apache.maven.project.MavenProject"
MojoExecutionScopeModule: "org.apache.maven.execution.scope.internal.MojoExecutionScopeModule"
OutOfScopeException:      "com.google.inject.OutOfScopeException"
WireModule:               "org.eclipse.sisu.wire.WireModule"
========================
End of classname legend:
========================

	at com.google.inject.internal.InternalProvisionException.toProvisionException(InternalProvisionException.java:251)
	at com.google.inject.internal.InjectorImpl$1.get(InjectorImpl.java:1104)
	at com.google.inject.internal.InjectorImpl.getInstance(InjectorImpl.java:1139)
	at org.eclipse.sisu.space.AbstractDeferredClass.get(AbstractDeferredClass.java:50)
	at com.google.inject.internal.ProviderInternalFactory.provision(ProviderInternalFactory.java:86)
	at com.google.inject.internal.InternalFactoryToInitializableAdapter.provision(InternalFactoryToInitializableAdapter.java:57)
	at com.google.inject.internal.ProviderInternalFactory$1.call(ProviderInternalFactory.java:67)
	at com.google.inject.internal.ProvisionListenerStackCallback$Provision.provision(ProvisionListenerStackCallback.java:109)
	at com.google.inject.internal.ProvisionListenerStackCallback$Provision.provision(ProvisionListenerStackCallback.java:124)
	at com.google.inject.internal.ProvisionListenerStackCallback.provision(ProvisionListenerStackCallback.java:66)
	at com.google.inject.internal.ProviderInternalFactory.circularGet(ProviderInternalFactory.java:62)
	at com.google.inject.internal.InternalFactoryToInitializableAdapter.get(InternalFactoryToInitializableAdapter.java:47)
	at com.google.inject.internal.InjectorImpl$1.get(InjectorImpl.java:1101)
	at org.eclipse.sisu.inject.Guice4$2.get(Guice4.java:235)
	at org.eclipse.sisu.inject.LazyBeanEntry.getValue(LazyBeanEntry.java:83)
	at org.eclipse.sisu.plexus.LazyPlexusBean.getValue(LazyPlexusBean.java:53)
	at org.codehaus.plexus.DefaultPlexusContainer.lookup(DefaultPlexusContainer.java:265)
	at org.codehaus.plexus.DefaultPlexusContainer.lookup(DefaultPlexusContainer.java:257)
	at org.apache.maven.plugin.internal.DefaultMavenPluginManager.getConfiguredMojo(DefaultMavenPluginManager.java:491)
	at org.eclipse.m2e.core.internal.embedder.MavenImpl.getConfiguredMojo(MavenImpl.java:206)
	at org.eclipse.m2e.mavenarchiver.internal.AbstractMavenArchiverConfigurator.reflectManifestGeneration(AbstractMavenArchiverConfigurator.java:439)
	at org.eclipse.m2e.mavenarchiver.internal.AbstractMavenArchiverConfigurator.lambda$3(AbstractMavenArchiverConfigurator.java:398)
	at org.eclipse.m2e.core.internal.embedder.MavenExecutionContext.executeBare(MavenExecutionContext.java:458)
	at org.eclipse.m2e.core.internal.embedder.MavenExecutionContext.execute(MavenExecutionContext.java:339)
	at org.eclipse.m2e.core.internal.embedder.MavenExecutionContext.execute(MavenExecutionContext.java:278)
	at org.eclipse.m2e.mavenarchiver.internal.AbstractMavenArchiverConfigurator.generateManifest(AbstractMavenArchiverConfigurator.java:371)
	at org.eclipse.m2e.mavenarchiver.internal.AbstractMavenArchiverConfigurator.mavenProjectChanged(AbstractMavenArchiverConfigurator.java:228)
	at org.eclipse.m2e.mavenarchiver.internal.AbstractMavenArchiverConfigurator.mavenProjectChanged(AbstractMavenArchiverConfigurator.java:220)
	at org.eclipse.m2e.core.internal.project.ProjectConfigurationManager.mavenProjectChanged(ProjectConfigurationManager.java:885)
	at org.eclipse.m2e.core.internal.project.registry.ProjectRegistryManager.notifyProjectChangeListeners(ProjectRegistryManager.java:892)
	at org.eclipse.m2e.core.internal.project.registry.ProjectRegistryManager.applyMutableProjectRegistry(ProjectRegistryManager.java:1042)
	at org.eclipse.m2e.core.internal.project.registry.ProjectRegistryManager.refresh(ProjectRegistryManager.java:324)
	at org.eclipse.m2e.core.internal.project.ProjectConfigurationManager.updateProjectConfiguration0(ProjectConfigurationManager.java:388)
	at org.eclipse.m2e.core.internal.project.ProjectConfigurationManager.lambda$3(ProjectConfigurationManager.java:340)
	at org.eclipse.m2e.core.internal.embedder.MavenExecutionContext.executeBare(MavenExecutionContext.java:458)
	at org.eclipse.m2e.core.internal.embedder.MavenExecutionContext.execute(MavenExecutionContext.java:339)
	at org.eclipse.m2e.core.internal.embedder.MavenExecutionContext.execute(MavenExecutionContext.java:278)
	at org.eclipse.m2e.core.internal.embedder.MavenImpl.execute(MavenImpl.java:1053)
	at org.eclipse.m2e.core.internal.project.ProjectConfigurationManager.updateProjectConfiguration(ProjectConfigurationManager.java:339)
	at org.eclipse.m2e.core.ui.internal.UpdateMavenProjectJob.runInWorkspace(UpdateMavenProjectJob.java:80)
	at org.eclipse.core.internal.resources.InternalWorkspaceJob.run(InternalWorkspaceJob.java:43)
	at org.eclipse.core.internal.jobs.Worker.run(Worker.java:63)
Caused by: com.google.inject.OutOfScopeException: Cannot access Key[type=org.apache.maven.project.MavenProject, annotation=[none]] outside of a scoping block
	at org.apache.maven.execution.scope.internal.MojoExecutionScope$2.get(MojoExecutionScope.java:99)
	at com.google.inject.internal.InternalFactoryToProviderAdapter.get(InternalFactoryToProviderAdapter.java:45)
	at com.google.inject.internal.SingleParameterInjector.inject(SingleParameterInjector.java:40)
	at com.google.inject.internal.SingleParameterInjector.getAll(SingleParameterInjector.java:60)
	at com.google.inject.internal.ConstructorInjector.provision(ConstructorInjector.java:113)
	at com.google.inject.internal.ConstructorInjector.access$000(ConstructorInjector.java:33)
	at com.google.inject.internal.ConstructorInjector$1.call(ConstructorInjector.java:98)
	at com.google.inject.internal.ProvisionListenerStackCallback$Provision.provision(ProvisionListenerStackCallback.java:109)
	at com.google.inject.internal.ProvisionListenerStackCallback$Provision.provision(ProvisionListenerStackCallback.java:124)
	at com.google.inject.internal.ProvisionListenerStackCallback.provision(ProvisionListenerStackCallback.java:66)
	at com.google.inject.internal.ConstructorInjector.construct(ConstructorInjector.java:93)
	at com.google.inject.internal.ConstructorBindingImpl$Factory.get(ConstructorBindingImpl.java:300)
	at com.google.inject.internal.InjectorImpl$1.get(InjectorImpl.java:1101)
	... 40 common frames omitted
2026-09-13 17:02:50,669 [Worker-39: Download sources and javadoc] INFO  o.e.m.c.i.e.AbstractTransferListenerAdapter - Downloaded https://repo.maven.apache.org/maven2/org/springframework/spring-jcl/6.2.10/spring-jcl-6.2.10-sources.jar
2026-09-13 17:02:50,676 [Worker-39: Download sources and javadoc] INFO  o.e.m.j.internal.DownloadSourcesJob - Downloaded sources for org.springframework:spring-jcl:6.2.10
2026-09-13 17:02:50,800 [Worker-39: Download sources and javadoc] INFO  o.e.m.c.i.e.AbstractTransferListenerAdapter - Downloading https://repo.maven.apache.org/maven2/org/springframework/spring-test/6.2.10/spring-test-6.2.10-sources.jar
2026-09-13 17:02:50,993 [Worker-39: Download sources and javadoc] INFO  o.e.m.c.i.e.AbstractTransferListenerAdapter - Downloaded https://repo.maven.apache.org/maven2/org/springframework/spring-test/6.2.10/spring-test-6.2.10-sources.jar
2026-09-13 17:02:51,003 [Worker-39: Download sources and javadoc] INFO  o.e.m.j.internal.DownloadSourcesJob - Downloaded sources for org.springframework:spring-test:6.2.10
2026-09-13 17:02:51,491 [Worker-43: Updating Maven Project] INFO  o.e.m.j.i.AbstractJavaProjectConfigurator - Adding source folder /eureka-server/src/main/java
2026-09-13 17:02:51,493 [Worker-43: Updating Maven Project] INFO  o.e.m.j.i.AbstractJavaProjectConfigurator - Adding resource folder /eureka-server/src/main/resources
2026-09-13 17:02:51,494 [Worker-43: Updating Maven Project] INFO  o.e.m.j.i.AbstractJavaProjectConfigurator - Adding resource folder /eureka-server/src/main/resources
2026-09-13 17:02:51,495 [Worker-43: Updating Maven Project] INFO  o.e.m.j.i.AbstractJavaProjectConfigurator - Adding source folder /eureka-server/src/test/java
2026-09-13 17:02:51,496 [Worker-43: Updating Maven Project] INFO  o.e.m.j.i.AbstractJavaProjectConfigurator - Adding resource folder /eureka-server/src/test/resources
2026-09-13 17:02:52,475 [Worker-43: Updating Maven Project] INFO  o.e.m.c.i.p.ProjectConfigurationManager - Update completed for 1 poms: local refresh takes 0.00 sec, refresh facades takes 3.00 sec, update config takes 0.00 sec 
2026-09-13 17:02:53,723 [Worker-43: Building] INFO  o.a.m.s.f.DefaultMavenResourcesFiltering - Copying 1 resource from src\main\resources to target\classes
2026-09-13 17:02:53,736 [Worker-43: Building] INFO  o.a.m.s.f.DefaultMavenResourcesFiltering - Copying 0 resource from src\main\resources to target\classes
2026-09-13 17:02:53,742 [Worker-43: Building] INFO  o.a.m.s.f.DefaultMavenResourcesFiltering - skip non existing resourceDirectory C:\Users\LMANTHIN\OneDrive - Capgemini\botp\FlightManagementSystem\eureka-server\src\test\resources
2026-09-13 17:02:53,763 [Worker-43: Building] WARN  Sisu - Error injecting: org.apache.maven.plugins.jar.JarMojo
com.google.inject.ProvisionException: Unable to provision, see the following errors:

1) [Guice/ErrorInCustomProvider]: OutOfScopeException: Cannot access Key[type=MavenProject, annotation=[none]] outside of a scoping block
  at MojoExecutionScopeModule.configure(MojoExecutionScopeModule.java:47)
      \_ installed by: WireModule -> MojoExecutionScopeModule
  at JarMojo.<init>(JarMojo.java:72)
      \_ for 1st parameter
  while locating JarMojo

Learn more:
  https://github.com/google/guice/wiki/ERROR_IN_CUSTOM_PROVIDER

1 error

======================
Full classname legend:
======================
JarMojo:                  "org.apache.maven.plugins.jar.JarMojo"
MavenProject:             "org.apache.maven.project.MavenProject"
MojoExecutionScopeModule: "org.apache.maven.execution.scope.internal.MojoExecutionScopeModule"
OutOfScopeException:      "com.google.inject.OutOfScopeException"
WireModule:               "org.eclipse.sisu.wire.WireModule"
========================
End of classname legend:
========================

	at com.google.inject.internal.InternalProvisionException.toProvisionException(InternalProvisionException.java:251)
	at com.google.inject.internal.InjectorImpl$1.get(InjectorImpl.java:1104)
	at com.google.inject.internal.InjectorImpl.getInstance(InjectorImpl.java:1139)
	at org.eclipse.sisu.space.AbstractDeferredClass.get(AbstractDeferredClass.java:50)
	at com.google.inject.internal.ProviderInternalFactory.provision(ProviderInternalFactory.java:86)
	at com.google.inject.internal.InternalFactoryToInitializableAdapter.provision(InternalFactoryToInitializableAdapter.java:57)
	at com.google.inject.internal.ProviderInternalFactory$1.call(ProviderInternalFactory.java:67)
	at com.google.inject.internal.ProvisionListenerStackCallback$Provision.provision(ProvisionListenerStackCallback.java:109)
	at com.google.inject.internal.ProvisionListenerStackCallback$Provision.provision(ProvisionListenerStackCallback.java:124)
	at com.google.inject.internal.ProvisionListenerStackCallback.provision(ProvisionListenerStackCallback.java:66)
	at com.google.inject.internal.ProviderInternalFactory.circularGet(ProviderInternalFactory.java:62)
	at com.google.inject.internal.InternalFactoryToInitializableAdapter.get(InternalFactoryToInitializableAdapter.java:47)
	at com.google.inject.internal.InjectorImpl$1.get(InjectorImpl.java:1101)
	at org.eclipse.sisu.inject.Guice4$2.get(Guice4.java:235)
	at org.eclipse.sisu.inject.LazyBeanEntry.getValue(LazyBeanEntry.java:83)
	at org.eclipse.sisu.plexus.LazyPlexusBean.getValue(LazyPlexusBean.java:53)
	at org.codehaus.plexus.DefaultPlexusContainer.lookup(DefaultPlexusContainer.java:265)
	at org.codehaus.plexus.DefaultPlexusContainer.lookup(DefaultPlexusContainer.java:257)
	at org.apache.maven.plugin.internal.DefaultMavenPluginManager.getConfiguredMojo(DefaultMavenPluginManager.java:491)
	at org.eclipse.m2e.core.internal.embedder.MavenImpl.getConfiguredMojo(MavenImpl.java:206)
	at org.eclipse.m2e.mavenarchiver.internal.AbstractMavenArchiverConfigurator.reflectManifestGeneration(AbstractMavenArchiverConfigurator.java:439)
	at org.eclipse.m2e.mavenarchiver.internal.AbstractMavenArchiverConfigurator.lambda$3(AbstractMavenArchiverConfigurator.java:398)
	at org.eclipse.m2e.core.internal.embedder.MavenExecutionContext.executeBare(MavenExecutionContext.java:458)
	at org.eclipse.m2e.core.internal.embedder.MavenExecutionContext.execute(MavenExecutionContext.java:339)
	at org.eclipse.m2e.core.internal.embedder.MavenExecutionContext.execute(MavenExecutionContext.java:278)
	at org.eclipse.m2e.mavenarchiver.internal.AbstractMavenArchiverConfigurator.generateManifest(AbstractMavenArchiverConfigurator.java:371)
	at org.eclipse.m2e.mavenarchiver.internal.AbstractMavenArchiverConfigurator.mavenProjectChanged(AbstractMavenArchiverConfigurator.java:228)
	at org.eclipse.m2e.mavenarchiver.internal.AbstractMavenArchiverConfigurator$1.build(AbstractMavenArchiverConfigurator.java:178)
	at org.eclipse.m2e.core.internal.builder.MavenBuilderImpl.lambda$2(MavenBuilderImpl.java:159)
	at java.base/java.util.LinkedHashMap.forEach(LinkedHashMap.java:986)
	at org.eclipse.m2e.core.internal.builder.MavenBuilderImpl.build(MavenBuilderImpl.java:139)
	at org.eclipse.m2e.core.internal.builder.MavenBuilder$1.method(MavenBuilder.java:164)
	at org.eclipse.m2e.core.internal.builder.MavenBuilder$1.method(MavenBuilder.java:1)
	at org.eclipse.m2e.core.internal.builder.MavenBuilder$BuildMethod.lambda$1(MavenBuilder.java:109)
	at org.eclipse.m2e.core.internal.embedder.MavenExecutionContext.executeBare(MavenExecutionContext.java:458)
	at org.eclipse.m2e.core.internal.embedder.MavenExecutionContext.execute(MavenExecutionContext.java:292)
	at org.eclipse.m2e.core.internal.builder.MavenBuilder$BuildMethod.lambda$0(MavenBuilder.java:100)
	at org.eclipse.m2e.core.internal.embedder.MavenExecutionContext.executeBare(MavenExecutionContext.java:458)
	at org.eclipse.m2e.core.internal.embedder.MavenExecutionContext.execute(MavenExecutionContext.java:339)
	at org.eclipse.m2e.core.internal.embedder.MavenExecutionContext.execute(MavenExecutionContext.java:278)
	at org.eclipse.m2e.core.internal.builder.MavenBuilder$BuildMethod.execute(MavenBuilder.java:83)
	at org.eclipse.m2e.core.internal.builder.MavenBuilder.build(MavenBuilder.java:192)
	at org.eclipse.core.internal.events.BuildManager$2.run(BuildManager.java:1077)
	at org.eclipse.core.runtime.SafeRunner.run(SafeRunner.java:47)
	at org.eclipse.core.internal.events.BuildManager.basicBuild(BuildManager.java:296)
	at org.eclipse.core.internal.events.BuildManager.basicBuild(BuildManager.java:352)
	at org.eclipse.core.internal.events.BuildManager$1.run(BuildManager.java:441)
	at org.eclipse.core.runtime.SafeRunner.run(SafeRunner.java:47)
	at org.eclipse.core.internal.events.BuildManager.basicBuild(BuildManager.java:444)
	at org.eclipse.core.internal.events.BuildManager.basicBuildLoop(BuildManager.java:555)
	at org.eclipse.core.internal.events.BuildManager.basicBuildLoop(BuildManager.java:503)
	at org.eclipse.core.internal.events.BuildManager.build(BuildManager.java:585)
	at org.eclipse.core.internal.events.AutoBuildJob.doBuild(AutoBuildJob.java:207)
	at org.eclipse.core.internal.events.AutoBuildJob.run(AutoBuildJob.java:300)
	at org.eclipse.core.internal.jobs.Worker.run(Worker.java:63)
Caused by: com.google.inject.OutOfScopeException: Cannot access Key[type=org.apache.maven.project.MavenProject, annotation=[none]] outside of a scoping block
	at org.apache.maven.execution.scope.internal.MojoExecutionScope$2.get(MojoExecutionScope.java:99)
	at com.google.inject.internal.InternalFactoryToProviderAdapter.get(InternalFactoryToProviderAdapter.java:45)
	at com.google.inject.internal.SingleParameterInjector.inject(SingleParameterInjector.java:40)
	at com.google.inject.internal.SingleParameterInjector.getAll(SingleParameterInjector.java:60)
	at com.google.inject.internal.ConstructorInjector.provision(ConstructorInjector.java:113)
	at com.google.inject.internal.ConstructorInjector.access$000(ConstructorInjector.java:33)
	at com.google.inject.internal.ConstructorInjector$1.call(ConstructorInjector.java:98)
	at com.google.inject.internal.ProvisionListenerStackCallback$Provision.provision(ProvisionListenerStackCallback.java:109)
	at com.google.inject.internal.ProvisionListenerStackCallback$Provision.provision(ProvisionListenerStackCallback.java:124)
	at com.google.inject.internal.ProvisionListenerStackCallback.provision(ProvisionListenerStackCallback.java:66)
	at com.google.inject.internal.ConstructorInjector.construct(ConstructorInjector.java:93)
	at com.google.inject.internal.ConstructorBindingImpl$Factory.get(ConstructorBindingImpl.java:300)
	at com.google.inject.internal.InjectorImpl$1.get(InjectorImpl.java:1101)
	... 53 common frames omitted
2026-09-13 17:03:01,045 [Worker-40: Updating Maven Project] INFO  o.e.m.c.i.p.ProjectConfigurationManager - Update started
2026-09-13 17:03:01,788 [Worker-40: Updating Maven Project] INFO  o.e.m.c.i.l.LifecycleMappingFactory - Using org.eclipse.m2e.jdt.JarLifecycleMapping lifecycle mapping for MavenProject: com.flightmanagement:user-service:0.0.1-SNAPSHOT @ C:\Users\LMANTHIN\OneDrive - Capgemini\botp\FlightManagementSystem\user-service\pom.xml.
2026-09-13 17:03:03,983 [Worker-40: Updating Maven Project] INFO  o.e.m.j.i.AbstractJavaProjectConfigurator - Adding source folder /user-service/src/main/java
2026-09-13 17:03:03,985 [Worker-40: Updating Maven Project] INFO  o.e.m.j.i.AbstractJavaProjectConfigurator - Adding resource folder /user-service/src/main/resources
2026-09-13 17:03:03,987 [Worker-40: Updating Maven Project] INFO  o.e.m.j.i.AbstractJavaProjectConfigurator - Adding resource folder /user-service/src/main/resources
2026-09-13 17:03:03,988 [Worker-40: Updating Maven Project] INFO  o.e.m.j.i.AbstractJavaProjectConfigurator - Adding source folder /user-service/src/test/java
2026-09-13 17:03:03,989 [Worker-40: Updating Maven Project] INFO  o.e.m.j.i.AbstractJavaProjectConfigurator - Adding resource folder /user-service/src/test/resources
2026-09-13 17:03:05,147 [Worker-40: Updating Maven Project] INFO  o.e.m.c.i.p.ProjectConfigurationManager - Update completed for 1 poms: local refresh takes 0.00 sec, refresh facades takes 2.00 sec, update config takes 1.00 sec 
2026-09-13 17:03:05,700 [Worker-33: Building] INFO  o.a.m.s.f.DefaultMavenResourcesFiltering - Copying 1 resource from src\main\resources to target\classes
2026-09-13 17:03:05,723 [Worker-33: Building] INFO  o.a.m.s.f.DefaultMavenResourcesFiltering - Copying 0 resource from src\main\resources to target\classes
2026-09-13 17:03:05,730 [Worker-33: Building] INFO  o.a.m.s.f.DefaultMavenResourcesFiltering - skip non existing resourceDirectory C:\Users\LMANTHIN\OneDrive - Capgemini\botp\FlightManagementSystem\user-service\src\test\resources
2026-09-13 17:03:50,064 [Worker-43: Building] ERROR o.e.m.c.i.p.r.ProjectRegistryManager - Could not read pom.xml
org.eclipse.core.runtime.CoreException: Could not read pom.xml
	at org.eclipse.m2e.core.internal.IMavenToolbox.readModel(IMavenToolbox.java:245)
	at org.eclipse.m2e.core.internal.project.registry.ProjectRegistryManager.refreshPhase2(ProjectRegistryManager.java:591)
	at org.eclipse.m2e.core.internal.project.registry.ProjectRegistryManager.refresh(ProjectRegistryManager.java:491)
	at org.eclipse.m2e.core.internal.project.registry.ProjectRegistryManager.refresh(ProjectRegistryManager.java:370)
	at org.eclipse.m2e.core.internal.project.registry.ProjectRegistryManager.refresh(ProjectRegistryManager.java:322)
	at org.eclipse.m2e.core.internal.builder.MavenBuilder$BuildMethod.getProjectFacade(MavenBuilder.java:146)
	at org.eclipse.m2e.core.internal.builder.MavenBuilder$BuildMethod.lambda$0(MavenBuilder.java:84)
	at org.eclipse.m2e.core.internal.embedder.MavenExecutionContext.executeBare(MavenExecutionContext.java:458)
	at org.eclipse.m2e.core.internal.embedder.MavenExecutionContext.execute(MavenExecutionContext.java:339)
	at org.eclipse.m2e.core.internal.embedder.MavenExecutionContext.execute(MavenExecutionContext.java:278)
	at org.eclipse.m2e.core.internal.builder.MavenBuilder$BuildMethod.execute(MavenBuilder.java:83)
	at org.eclipse.m2e.core.internal.builder.MavenBuilder.build(MavenBuilder.java:192)
	at org.eclipse.core.internal.events.BuildManager$2.run(BuildManager.java:1077)
	at org.eclipse.core.runtime.SafeRunner.run(SafeRunner.java:47)
	at org.eclipse.core.internal.events.BuildManager.basicBuild(BuildManager.java:296)
	at org.eclipse.core.internal.events.BuildManager.basicBuild(BuildManager.java:352)
	at org.eclipse.core.internal.events.BuildManager$1.run(BuildManager.java:441)
	at org.eclipse.core.runtime.SafeRunner.run(SafeRunner.java:47)
	at org.eclipse.core.internal.events.BuildManager.basicBuild(BuildManager.java:444)
	at org.eclipse.core.internal.events.BuildManager.basicBuildLoop(BuildManager.java:555)
	at org.eclipse.core.internal.events.BuildManager.basicBuildLoop(BuildManager.java:503)
	at org.eclipse.core.internal.events.BuildManager.build(BuildManager.java:585)
	at org.eclipse.core.internal.events.AutoBuildJob.doBuild(AutoBuildJob.java:207)
	at org.eclipse.core.internal.events.AutoBuildJob.run(AutoBuildJob.java:300)
	at org.eclipse.core.internal.jobs.Worker.run(Worker.java:63)
Caused by: java.io.EOFException: no more data available - expected end tags </plugins></build></project> to close start tag <plugins> from line 78 and start tag <build> from line 77 and start tag <project> from line 2, parser stopped on START_TAG seen ...<build>\r\n        <plugins>\r\n\r\n         ... @80:10
	at org.codehaus.plexus.util.xml.pull.MXParser.fillBuf(MXParser.java:3965)
	at org.codehaus.plexus.util.xml.pull.MXParser.more(MXParser.java:3980)
	at org.codehaus.plexus.util.xml.pull.MXParser.nextImpl(MXParser.java:1740)
	at org.codehaus.plexus.util.xml.pull.MXParser.next(MXParser.java:1375)
	at org.codehaus.plexus.util.xml.pull.MXParser.nextTag(MXParser.java:1357)
	at org.apache.maven.model.io.xpp3.MavenXpp3Reader.parseBuild(MavenXpp3Reader.java:1050)
	at org.apache.maven.model.io.xpp3.MavenXpp3Reader.parseModel(MavenXpp3Reader.java:2364)
	at org.apache.maven.model.io.xpp3.MavenXpp3Reader.read(MavenXpp3Reader.java:623)
	at org.apache.maven.model.io.xpp3.MavenXpp3Reader.read(MavenXpp3Reader.java:654)
	at org.apache.maven.model.io.DefaultModelReader.read(DefaultModelReader.java:93)
	at org.apache.maven.model.io.DefaultModelReader.read(DefaultModelReader.java:74)
	at org.eclipse.m2e.core.internal.IMavenToolbox.readModel(IMavenToolbox.java:243)
	... 24 common frames omitted
2026-09-13 17:03:51,285 [Worker-33: Building] ERROR o.e.m.c.i.p.r.ProjectRegistryManager - Could not read pom.xml
org.eclipse.core.runtime.CoreException: Could not read pom.xml
	at org.eclipse.m2e.core.internal.IMavenToolbox.readModel(IMavenToolbox.java:245)
	at org.eclipse.m2e.core.internal.project.registry.ProjectRegistryManager.refreshPhase2(ProjectRegistryManager.java:591)
	at org.eclipse.m2e.core.internal.project.registry.ProjectRegistryManager.refresh(ProjectRegistryManager.java:491)
	at org.eclipse.m2e.core.internal.project.registry.ProjectRegistryManager.refresh(ProjectRegistryManager.java:370)
	at org.eclipse.m2e.core.internal.project.registry.ProjectRegistryManager.refresh(ProjectRegistryManager.java:322)
	at org.eclipse.m2e.core.internal.builder.MavenBuilder$BuildMethod.getProjectFacade(MavenBuilder.java:146)
	at org.eclipse.m2e.core.internal.builder.MavenBuilder$BuildMethod.lambda$0(MavenBuilder.java:84)
	at org.eclipse.m2e.core.internal.embedder.MavenExecutionContext.executeBare(MavenExecutionContext.java:458)
	at org.eclipse.m2e.core.internal.embedder.MavenExecutionContext.execute(MavenExecutionContext.java:339)
	at org.eclipse.m2e.core.internal.embedder.MavenExecutionContext.execute(MavenExecutionContext.java:278)
	at org.eclipse.m2e.core.internal.builder.MavenBuilder$BuildMethod.execute(MavenBuilder.java:83)
	at org.eclipse.m2e.core.internal.builder.MavenBuilder.build(MavenBuilder.java:192)
	at org.eclipse.core.internal.events.BuildManager$2.run(BuildManager.java:1077)
	at org.eclipse.core.runtime.SafeRunner.run(SafeRunner.java:47)
	at org.eclipse.core.internal.events.BuildManager.basicBuild(BuildManager.java:296)
	at org.eclipse.core.internal.events.BuildManager.basicBuild(BuildManager.java:352)
	at org.eclipse.core.internal.events.BuildManager$1.run(BuildManager.java:441)
	at org.eclipse.core.runtime.SafeRunner.run(SafeRunner.java:47)
	at org.eclipse.core.internal.events.BuildManager.basicBuild(BuildManager.java:444)
	at org.eclipse.core.internal.events.BuildManager.basicBuildLoop(BuildManager.java:555)
	at org.eclipse.core.internal.events.BuildManager.basicBuildLoop(BuildManager.java:503)
	at org.eclipse.core.internal.events.BuildManager.build(BuildManager.java:585)
	at org.eclipse.core.internal.events.AutoBuildJob.doBuild(AutoBuildJob.java:207)
	at org.eclipse.core.internal.events.AutoBuildJob.run(AutoBuildJob.java:300)
	at org.eclipse.core.internal.jobs.Worker.run(Worker.java:63)
Caused by: java.io.EOFException: no more data available - expected end tags </plugins></build></project> to close start tag <plugins> from line 78 and start tag <build> from line 77 and start tag <project> from line 2, parser stopped on START_TAG seen ...<build>\r\n        <plugins>\r\n\r\n         ... @80:10
	at org.codehaus.plexus.util.xml.pull.MXParser.fillBuf(MXParser.java:3965)
	at org.codehaus.plexus.util.xml.pull.MXParser.more(MXParser.java:3980)
	at org.codehaus.plexus.util.xml.pull.MXParser.nextImpl(MXParser.java:1740)
	at org.codehaus.plexus.util.xml.pull.MXParser.next(MXParser.java:1375)
	at org.codehaus.plexus.util.xml.pull.MXParser.nextTag(MXParser.java:1357)
	at org.apache.maven.model.io.xpp3.MavenXpp3Reader.parseBuild(MavenXpp3Reader.java:1050)
	at org.apache.maven.model.io.xpp3.MavenXpp3Reader.parseModel(MavenXpp3Reader.java:2364)
	at org.apache.maven.model.io.xpp3.MavenXpp3Reader.read(MavenXpp3Reader.java:623)
	at org.apache.maven.model.io.xpp3.MavenXpp3Reader.read(MavenXpp3Reader.java:654)
	at org.apache.maven.model.io.DefaultModelReader.read(DefaultModelReader.java:93)
	at org.apache.maven.model.io.DefaultModelReader.read(DefaultModelReader.java:74)
	at org.eclipse.m2e.core.internal.IMavenToolbox.readModel(IMavenToolbox.java:243)
	... 24 common frames omitted
2026-09-13 17:04:34,146 [Worker-43: Updating Maven Project] INFO  o.e.m.c.i.p.ProjectConfigurationManager - Update started
2026-09-13 17:04:34,182 [Worker-43: Updating Maven Project] ERROR o.e.m.c.i.p.r.ProjectRegistryManager - Could not read pom.xml
org.eclipse.core.runtime.CoreException: Could not read pom.xml
	at org.eclipse.m2e.core.internal.IMavenToolbox.readModel(IMavenToolbox.java:245)
	at org.eclipse.m2e.core.internal.project.registry.ProjectRegistryManager.refreshPhase2(ProjectRegistryManager.java:591)
	at org.eclipse.m2e.core.internal.project.registry.ProjectRegistryManager.refresh(ProjectRegistryManager.java:491)
	at org.eclipse.m2e.core.internal.project.registry.ProjectRegistryManager.refresh(ProjectRegistryManager.java:370)
	at org.eclipse.m2e.core.internal.project.registry.ProjectRegistryManager.refresh(ProjectRegistryManager.java:322)
	at org.eclipse.m2e.core.internal.project.ProjectConfigurationManager.updateProjectConfiguration0(ProjectConfigurationManager.java:388)
	at org.eclipse.m2e.core.internal.project.ProjectConfigurationManager.lambda$3(ProjectConfigurationManager.java:340)
	at org.eclipse.m2e.core.internal.embedder.MavenExecutionContext.executeBare(MavenExecutionContext.java:458)
	at org.eclipse.m2e.core.internal.embedder.MavenExecutionContext.execute(MavenExecutionContext.java:339)
	at org.eclipse.m2e.core.internal.embedder.MavenExecutionContext.execute(MavenExecutionContext.java:278)
	at org.eclipse.m2e.core.internal.embedder.MavenImpl.execute(MavenImpl.java:1053)
	at org.eclipse.m2e.core.internal.project.ProjectConfigurationManager.updateProjectConfiguration(ProjectConfigurationManager.java:339)
	at org.eclipse.m2e.core.ui.internal.UpdateMavenProjectJob.runInWorkspace(UpdateMavenProjectJob.java:80)
	at org.eclipse.core.internal.resources.InternalWorkspaceJob.run(InternalWorkspaceJob.java:43)
	at org.eclipse.core.internal.jobs.Worker.run(Worker.java:63)
Caused by: java.io.EOFException: no more data available - expected end tags </plugins></build></project> to close start tag <plugins> from line 78 and start tag <build> from line 77 and start tag <project> from line 2, parser stopped on START_TAG seen ...<build>\r\n        <plugins>\r\n\r\n         ... @80:10
	at org.codehaus.plexus.util.xml.pull.MXParser.fillBuf(MXParser.java:3965)
	at org.codehaus.plexus.util.xml.pull.MXParser.more(MXParser.java:3980)
	at org.codehaus.plexus.util.xml.pull.MXParser.nextImpl(MXParser.java:1740)
	at org.codehaus.plexus.util.xml.pull.MXParser.next(MXParser.java:1375)
	at org.codehaus.plexus.util.xml.pull.MXParser.nextTag(MXParser.java:1357)
	at org.apache.maven.model.io.xpp3.MavenXpp3Reader.parseBuild(MavenXpp3Reader.java:1050)
	at org.apache.maven.model.io.xpp3.MavenXpp3Reader.parseModel(MavenXpp3Reader.java:2364)
	at org.apache.maven.model.io.xpp3.MavenXpp3Reader.read(MavenXpp3Reader.java:623)
	at org.apache.maven.model.io.xpp3.MavenXpp3Reader.read(MavenXpp3Reader.java:654)
	at org.apache.maven.model.io.DefaultModelReader.read(DefaultModelReader.java:93)
	at org.apache.maven.model.io.DefaultModelReader.read(DefaultModelReader.java:74)
	at org.eclipse.m2e.core.internal.IMavenToolbox.readModel(IMavenToolbox.java:243)
	... 14 common frames omitted
2026-09-13 17:04:34,186 [Worker-43: Updating Maven Project] INFO  o.e.m.c.i.p.ProjectConfigurationManager - Update completed for 1 poms: local refresh takes 0.00 sec, refresh facades takes 0.00 sec, update config takes 0.00 sec 
2026-09-13 17:05:34,979 [Worker-43: Building] INFO  o.e.m.c.i.l.LifecycleMappingFactory - Using org.eclipse.m2e.jdt.JarLifecycleMapping lifecycle mapping for MavenProject: com.flightmanagement:eureka-server:0.0.1-SNAPSHOT @ C:\Users\LMANTHIN\OneDrive - Capgemini\botp\FlightManagementSystem\eureka-server\pom.xml.
2026-09-13 17:05:35,320 [Worker-38: reload maven project] INFO  o.e.m.c.i.e.AbstractTransferListenerAdapter - Downloading https://repo.maven.apache.org/maven2/org/springframework/boot/spring-boot-starter-actuator/3.5.5/spring-boot-starter-actuator-3.5.5.pom
2026-09-13 17:05:35,336 [Worker-38: reload maven project] INFO  o.e.m.c.i.e.AbstractTransferListenerAdapter - Downloaded https://repo.maven.apache.org/maven2/org/springframework/boot/spring-boot-starter-actuator/3.5.5/spring-boot-starter-actuator-3.5.5.pom
2026-09-13 17:05:35,386 [Worker-38: reload maven project] INFO  o.e.m.c.i.e.AbstractTransferListenerAdapter - Downloading https://repo.maven.apache.org/maven2/org/springframework/boot/spring-boot-actuator-autoconfigure/3.5.5/spring-boot-actuator-autoconfigure-3.5.5.pom
2026-09-13 17:05:35,401 [Worker-38: reload maven project] INFO  o.e.m.c.i.e.AbstractTransferListenerAdapter - Downloaded https://repo.maven.apache.org/maven2/org/springframework/boot/spring-boot-actuator-autoconfigure/3.5.5/spring-boot-actuator-autoconfigure-3.5.5.pom
2026-09-13 17:05:35,451 [Worker-38: reload maven project] INFO  o.e.m.c.i.e.AbstractTransferListenerAdapter - Downloading https://repo.maven.apache.org/maven2/org/springframework/boot/spring-boot-actuator/3.5.5/spring-boot-actuator-3.5.5.pom
2026-09-13 17:05:35,467 [Worker-38: reload maven project] INFO  o.e.m.c.i.e.AbstractTransferListenerAdapter - Downloaded https://repo.maven.apache.org/maven2/org/springframework/boot/spring-boot-actuator/3.5.5/spring-boot-actuator-3.5.5.pom
2026-09-13 17:05:35,519 [Worker-38: reload maven project] INFO  o.e.m.c.i.e.AbstractTransferListenerAdapter - Downloading https://repo.maven.apache.org/maven2/io/micrometer/micrometer-jakarta9/1.15.3/micrometer-jakarta9-1.15.3.pom
2026-09-13 17:05:35,535 [Worker-38: reload maven project] INFO  o.e.m.c.i.e.AbstractTransferListenerAdapter - Downloaded https://repo.maven.apache.org/maven2/io/micrometer/micrometer-jakarta9/1.15.3/micrometer-jakarta9-1.15.3.pom
2026-09-13 17:05:35,576 [Worker-38: reload maven project] INFO  o.e.m.c.i.e.AbstractTransferListenerAdapter - Downloading https://repo.maven.apache.org/maven2/io/micrometer/micrometer-core/1.15.3/micrometer-core-1.15.3.pom
2026-09-13 17:05:35,594 [Worker-38: reload maven project] INFO  o.e.m.c.i.e.AbstractTransferListenerAdapter - Downloaded https://repo.maven.apache.org/maven2/io/micrometer/micrometer-core/1.15.3/micrometer-core-1.15.3.pom
2026-09-13 17:05:35,653 [Worker-38: reload maven project] INFO  o.e.m.c.i.e.AbstractTransferListenerAdapter - Downloading https://repo.maven.apache.org/maven2/org/springframework/boot/spring-boot-starter-freemarker/3.5.5/spring-boot-starter-freemarker-3.5.5.pom
2026-09-13 17:05:35,669 [Worker-38: reload maven project] INFO  o.e.m.c.i.e.AbstractTransferListenerAdapter - Downloaded https://repo.maven.apache.org/maven2/org/springframework/boot/spring-boot-starter-freemarker/3.5.5/spring-boot-starter-freemarker-3.5.5.pom
2026-09-13 17:05:37,171 [Worker-43: Building] INFO  o.e.m.c.i.e.AbstractTransferListenerAdapter - Downloading https://repo.maven.apache.org/maven2/org/springframework/boot/spring-boot-starter-actuator/3.5.5/spring-boot-starter-actuator-3.5.5.jar
2026-09-13 17:05:37,187 [Worker-43: Building] INFO  o.e.m.c.i.e.AbstractTransferListenerAdapter - Downloaded https://repo.maven.apache.org/maven2/org/springframework/boot/spring-boot-starter-actuator/3.5.5/spring-boot-starter-actuator-3.5.5.jar
2026-09-13 17:05:37,232 [BasicRepositoryConnector-repo.maven.apache.org-6-1] INFO  o.e.m.c.i.e.AbstractTransferListenerAdapter - Downloading https://repo.maven.apache.org/maven2/org/springframework/boot/spring-boot-actuator/3.5.5/spring-boot-actuator-3.5.5.jar
2026-09-13 17:05:37,372 [BasicRepositoryConnector-repo.maven.apache.org-6-3] INFO  o.e.m.c.i.e.AbstractTransferListenerAdapter - Downloading https://repo.maven.apache.org/maven2/io/micrometer/micrometer-core/1.15.3/micrometer-core-1.15.3.jar
2026-09-13 17:05:37,372 [BasicRepositoryConnector-repo.maven.apache.org-6-0] INFO  o.e.m.c.i.e.AbstractTransferListenerAdapter - Downloading https://repo.maven.apache.org/maven2/org/springframework/boot/spring-boot-actuator-autoconfigure/3.5.5/spring-boot-actuator-autoconfigure-3.5.5.jar
2026-09-13 17:05:37,448 [BasicRepositoryConnector-repo.maven.apache.org-6-4] INFO  o.e.m.c.i.e.AbstractTransferListenerAdapter - Downloading https://repo.maven.apache.org/maven2/org/springframework/boot/spring-boot-starter-freemarker/3.5.5/spring-boot-starter-freemarker-3.5.5.jar
2026-09-13 17:05:37,462 [BasicRepositoryConnector-repo.maven.apache.org-6-4] INFO  o.e.m.c.i.e.AbstractTransferListenerAdapter - Downloaded https://repo.maven.apache.org/maven2/org/springframework/boot/spring-boot-starter-freemarker/3.5.5/spring-boot-starter-freemarker-3.5.5.jar
2026-09-13 17:05:37,488 [BasicRepositoryConnector-repo.maven.apache.org-6-2] INFO  o.e.m.c.i.e.AbstractTransferListenerAdapter - Downloading https://repo.maven.apache.org/maven2/io/micrometer/micrometer-jakarta9/1.15.3/micrometer-jakarta9-1.15.3.jar
2026-09-13 17:05:37,555 [BasicRepositoryConnector-repo.maven.apache.org-6-1] INFO  o.e.m.c.i.e.AbstractTransferListenerAdapter - Downloaded https://repo.maven.apache.org/maven2/org/springframework/boot/spring-boot-actuator/3.5.5/spring-boot-actuator-3.5.5.jar
2026-09-13 17:05:37,584 [BasicRepositoryConnector-repo.maven.apache.org-6-2] INFO  o.e.m.c.i.e.AbstractTransferListenerAdapter - Downloaded https://repo.maven.apache.org/maven2/io/micrometer/micrometer-jakarta9/1.15.3/micrometer-jakarta9-1.15.3.jar
2026-09-13 17:05:37,777 [BasicRepositoryConnector-repo.maven.apache.org-6-0] INFO  o.e.m.c.i.e.AbstractTransferListenerAdapter - Downloaded https://repo.maven.apache.org/maven2/org/springframework/boot/spring-boot-actuator-autoconfigure/3.5.5/spring-boot-actuator-autoconfigure-3.5.5.jar
2026-09-13 17:05:37,795 [BasicRepositoryConnector-repo.maven.apache.org-6-3] INFO  o.e.m.c.i.e.AbstractTransferListenerAdapter - Downloaded https://repo.maven.apache.org/maven2/io/micrometer/micrometer-core/1.15.3/micrometer-core-1.15.3.jar
2026-09-13 17:05:38,854 [Worker-43: Building] INFO  o.a.m.s.f.DefaultMavenResourcesFiltering - Copying 0 resource from src\main\resources to target\classes
2026-09-13 17:05:38,856 [Worker-43: Building] INFO  o.a.m.s.f.DefaultMavenResourcesFiltering - Copying 0 resource from src\main\resources to target\classes
2026-09-13 17:05:38,860 [Worker-43: Building] INFO  o.a.m.s.f.DefaultMavenResourcesFiltering - skip non existing resourceDirectory C:\Users\LMANTHIN\OneDrive - Capgemini\botp\FlightManagementSystem\eureka-server\src\test\resources
2026-09-13 17:05:39,058 [Worker-39: Updating Maven Project] INFO  o.e.m.c.i.p.ProjectConfigurationManager - Update started
2026-09-13 17:05:41,862 [Worker-39: Updating Maven Project] INFO  o.e.m.c.i.l.LifecycleMappingFactory - Using org.eclipse.m2e.jdt.JarLifecycleMapping lifecycle mapping for MavenProject: com.flightmanagement:eureka-server:0.0.1-SNAPSHOT @ C:\Users\LMANTHIN\OneDrive - Capgemini\botp\FlightManagementSystem\eureka-server\pom.xml.
2026-09-13 17:05:42,033 [Worker-38: Download sources and javadoc] INFO  o.e.m.c.i.e.AbstractTransferListenerAdapter - Downloading https://repo.maven.apache.org/maven2/org/springframework/boot/spring-boot-starter-actuator/3.5.5/spring-boot-starter-actuator-3.5.5-sources.jar
2026-09-13 17:05:42,052 [Worker-38: Download sources and javadoc] INFO  o.e.m.c.i.e.AbstractTransferListenerAdapter - Downloaded https://repo.maven.apache.org/maven2/org/springframework/boot/spring-boot-starter-actuator/3.5.5/spring-boot-starter-actuator-3.5.5-sources.jar
2026-09-13 17:05:42,065 [Worker-38: Download sources and javadoc] INFO  o.e.m.j.internal.DownloadSourcesJob - Downloaded sources for org.springframework.boot:spring-boot-starter-actuator:3.5.5
2026-09-13 17:05:42,227 [Worker-38: Download sources and javadoc] INFO  o.e.m.c.i.e.AbstractTransferListenerAdapter - Downloading https://repo.maven.apache.org/maven2/org/springframework/boot/spring-boot-actuator-autoconfigure/3.5.5/spring-boot-actuator-autoconfigure-3.5.5-sources.jar
2026-09-13 17:05:42,535 [Worker-38: Download sources and javadoc] INFO  o.e.m.c.i.e.AbstractTransferListenerAdapter - Downloaded https://repo.maven.apache.org/maven2/org/springframework/boot/spring-boot-actuator-autoconfigure/3.5.5/spring-boot-actuator-autoconfigure-3.5.5-sources.jar
2026-09-13 17:05:42,546 [Worker-38: Download sources and javadoc] INFO  o.e.m.j.internal.DownloadSourcesJob - Downloaded sources for org.springframework.boot:spring-boot-actuator-autoconfigure:3.5.5
2026-09-13 17:05:42,690 [Worker-38: Download sources and javadoc] INFO  o.e.m.c.i.e.AbstractTransferListenerAdapter - Downloading https://repo.maven.apache.org/maven2/org/springframework/boot/spring-boot-actuator/3.5.5/spring-boot-actuator-3.5.5-sources.jar
2026-09-13 17:05:43,008 [Worker-38: Download sources and javadoc] INFO  o.e.m.c.i.e.AbstractTransferListenerAdapter - Downloaded https://repo.maven.apache.org/maven2/org/springframework/boot/spring-boot-actuator/3.5.5/spring-boot-actuator-3.5.5-sources.jar
2026-09-13 17:05:43,019 [Worker-38: Download sources and javadoc] INFO  o.e.m.j.internal.DownloadSourcesJob - Downloaded sources for org.springframework.boot:spring-boot-actuator:3.5.5
2026-09-13 17:05:43,317 [Worker-38: Download sources and javadoc] INFO  o.e.m.c.i.e.AbstractTransferListenerAdapter - Downloading https://repo.maven.apache.org/maven2/io/micrometer/micrometer-jakarta9/1.15.3/micrometer-jakarta9-1.15.3-sources.jar
2026-09-13 17:05:43,397 [Worker-38: Download sources and javadoc] INFO  o.e.m.c.i.e.AbstractTransferListenerAdapter - Downloaded https://repo.maven.apache.org/maven2/io/micrometer/micrometer-jakarta9/1.15.3/micrometer-jakarta9-1.15.3-sources.jar
2026-09-13 17:05:43,411 [Worker-38: Download sources and javadoc] INFO  o.e.m.j.internal.DownloadSourcesJob - Downloaded sources for io.micrometer:micrometer-jakarta9:1.15.3
2026-09-13 17:05:43,527 [Worker-38: Download sources and javadoc] INFO  o.e.m.c.i.e.AbstractTransferListenerAdapter - Downloading https://repo.maven.apache.org/maven2/io/micrometer/micrometer-core/1.15.3/micrometer-core-1.15.3-sources.jar
2026-09-13 17:05:43,709 [Worker-38: Download sources and javadoc] INFO  o.e.m.c.i.e.AbstractTransferListenerAdapter - Downloaded https://repo.maven.apache.org/maven2/io/micrometer/micrometer-core/1.15.3/micrometer-core-1.15.3-sources.jar
2026-09-13 17:05:43,720 [Worker-38: Download sources and javadoc] INFO  o.e.m.j.internal.DownloadSourcesJob - Downloaded sources for io.micrometer:micrometer-core:1.15.3
2026-09-13 17:05:43,925 [Worker-38: Download sources and javadoc] INFO  o.e.m.c.i.e.AbstractTransferListenerAdapter - Downloading https://repo.maven.apache.org/maven2/org/springframework/boot/spring-boot-starter-freemarker/3.5.5/spring-boot-starter-freemarker-3.5.5-sources.jar
2026-09-13 17:05:43,942 [Worker-38: Download sources and javadoc] INFO  o.e.m.c.i.e.AbstractTransferListenerAdapter - Downloaded https://repo.maven.apache.org/maven2/org/springframework/boot/spring-boot-starter-freemarker/3.5.5/spring-boot-starter-freemarker-3.5.5-sources.jar
2026-09-13 17:05:43,954 [Worker-38: Download sources and javadoc] INFO  o.e.m.j.internal.DownloadSourcesJob - Downloaded sources for org.springframework.boot:spring-boot-starter-freemarker:3.5.5
2026-09-13 17:05:44,359 [Worker-39: Updating Maven Project] INFO  o.e.m.j.i.AbstractJavaProjectConfigurator - Adding source folder /eureka-server/src/main/java
2026-09-13 17:05:44,361 [Worker-39: Updating Maven Project] INFO  o.e.m.j.i.AbstractJavaProjectConfigurator - Adding resource folder /eureka-server/src/main/resources
2026-09-13 17:05:44,364 [Worker-39: Updating Maven Project] INFO  o.e.m.j.i.AbstractJavaProjectConfigurator - Adding resource folder /eureka-server/src/main/resources
2026-09-13 17:05:44,364 [Worker-39: Updating Maven Project] INFO  o.e.m.j.i.AbstractJavaProjectConfigurator - Adding source folder /eureka-server/src/test/java
2026-09-13 17:05:44,367 [Worker-39: Updating Maven Project] INFO  o.e.m.j.i.AbstractJavaProjectConfigurator - Adding resource folder /eureka-server/src/test/resources
2026-09-13 17:05:45,393 [Worker-39: Updating Maven Project] INFO  o.e.m.c.i.p.ProjectConfigurationManager - Update completed for 1 poms: local refresh takes 0.00 sec, refresh facades takes 5.00 sec, update config takes 1.00 sec 
2026-09-13 17:05:45,404 [Worker-42: Updating Maven Project] INFO  o.e.m.c.i.p.ProjectConfigurationManager - Update started
2026-09-13 17:05:46,275 [Worker-42: Updating Maven Project] INFO  o.e.m.c.i.l.LifecycleMappingFactory - Using org.eclipse.m2e.jdt.JarLifecycleMapping lifecycle mapping for MavenProject: com.flightmanagement:eureka-server:0.0.1-SNAPSHOT @ C:\Users\LMANTHIN\OneDrive - Capgemini\botp\FlightManagementSystem\eureka-server\pom.xml.
2026-09-13 17:05:48,785 [Worker-42: Updating Maven Project] INFO  o.e.m.j.i.AbstractJavaProjectConfigurator - Adding source folder /eureka-server/src/main/java
2026-09-13 17:05:48,787 [Worker-42: Updating Maven Project] INFO  o.e.m.j.i.AbstractJavaProjectConfigurator - Adding resource folder /eureka-server/src/main/resources
2026-09-13 17:05:48,788 [Worker-42: Updating Maven Project] INFO  o.e.m.j.i.AbstractJavaProjectConfigurator - Adding resource folder /eureka-server/src/main/resources
2026-09-13 17:05:48,789 [Worker-42: Updating Maven Project] INFO  o.e.m.j.i.AbstractJavaProjectConfigurator - Adding source folder /eureka-server/src/test/java
2026-09-13 17:05:48,791 [Worker-42: Updating Maven Project] INFO  o.e.m.j.i.AbstractJavaProjectConfigurator - Adding resource folder /eureka-server/src/test/resources
2026-09-13 17:05:49,832 [Worker-42: Updating Maven Project] INFO  o.e.m.c.i.p.ProjectConfigurationManager - Update completed for 1 poms: local refresh takes 0.00 sec, refresh facades takes 3.00 sec, update config takes 1.00 sec 
2026-09-13 17:05:49,837 [Worker-42: Updating Maven Project] INFO  o.e.m.c.i.p.ProjectConfigurationManager - Update started
2026-09-13 17:05:50,681 [Worker-42: Updating Maven Project] INFO  o.e.m.c.i.l.LifecycleMappingFactory - Using org.eclipse.m2e.jdt.JarLifecycleMapping lifecycle mapping for MavenProject: com.flightmanagement:eureka-server:0.0.1-SNAPSHOT @ C:\Users\LMANTHIN\OneDrive - Capgemini\botp\FlightManagementSystem\eureka-server\pom.xml.
2026-09-13 17:05:52,966 [Worker-42: Updating Maven Project] INFO  o.e.m.j.i.AbstractJavaProjectConfigurator - Adding source folder /eureka-server/src/main/java
2026-09-13 17:05:52,967 [Worker-42: Updating Maven Project] INFO  o.e.m.j.i.AbstractJavaProjectConfigurator - Adding resource folder /eureka-server/src/main/resources
2026-09-13 17:05:52,969 [Worker-42: Updating Maven Project] INFO  o.e.m.j.i.AbstractJavaProjectConfigurator - Adding resource folder /eureka-server/src/main/resources
2026-09-13 17:05:52,969 [Worker-42: Updating Maven Project] INFO  o.e.m.j.i.AbstractJavaProjectConfigurator - Adding source folder /eureka-server/src/test/java
2026-09-13 17:05:52,970 [Worker-42: Updating Maven Project] INFO  o.e.m.j.i.AbstractJavaProjectConfigurator - Adding resource folder /eureka-server/src/test/resources
2026-09-13 17:05:53,820 [Worker-42: Updating Maven Project] INFO  o.e.m.c.i.p.ProjectConfigurationManager - Update completed for 1 poms: local refresh takes 0.00 sec, refresh facades takes 2.00 sec, update config takes 0.00 sec 
2026-09-13 17:05:55,173 [Worker-42: Building] INFO  o.a.m.s.f.DefaultMavenResourcesFiltering - Copying 1 resource from src\main\resources to target\classes
2026-09-13 17:05:55,206 [Worker-42: Building] INFO  o.a.m.s.f.DefaultMavenResourcesFiltering - Copying 0 resource from src\main\resources to target\classes
2026-09-13 17:05:55,214 [Worker-42: Building] INFO  o.a.m.s.f.DefaultMavenResourcesFiltering - skip non existing resourceDirectory C:\Users\LMANTHIN\OneDrive - Capgemini\botp\FlightManagementSystem\eureka-server\src\test\resources
2026-09-13 17:11:53,689 [Worker-44: Import Getting Started Content] INFO  o.e.m.c.i.l.LifecycleMappingFactory - Using org.eclipse.m2e.jdt.JarLifecycleMapping lifecycle mapping for MavenProject: com.flightmanagement:api-gateway:0.0.1-SNAPSHOT @ C:\Users\LMANTHIN\OneDrive - Capgemini\botp\FlightManagementSystem\api-gateway\pom.xml.
2026-09-13 17:11:54,024 [Worker-44: Import Getting Started Content] INFO  o.e.m.c.i.e.AbstractTransferListenerAdapter - Downloading https://repo.maven.apache.org/maven2/org/springframework/cloud/spring-cloud-starter-gateway-server-webmvc/5.0.3/spring-cloud-starter-gateway-server-webmvc-5.0.3.pom
2026-09-13 17:11:54,039 [Worker-44: Import Getting Started Content] INFO  o.e.m.c.i.e.AbstractTransferListenerAdapter - Downloaded https://repo.maven.apache.org/maven2/org/springframework/cloud/spring-cloud-starter-gateway-server-webmvc/5.0.3/spring-cloud-starter-gateway-server-webmvc-5.0.3.pom
2026-09-13 17:11:54,079 [Worker-44: Import Getting Started Content] INFO  o.e.m.c.i.e.AbstractTransferListenerAdapter - Downloading https://repo.maven.apache.org/maven2/org/springframework/cloud/spring-cloud-gateway/5.0.3/spring-cloud-gateway-5.0.3.pom
2026-09-13 17:11:54,103 [Worker-44: Import Getting Started Content] INFO  o.e.m.c.i.e.AbstractTransferListenerAdapter - Downloaded https://repo.maven.apache.org/maven2/org/springframework/cloud/spring-cloud-gateway/5.0.3/spring-cloud-gateway-5.0.3.pom
2026-09-13 17:11:54,385 [Worker-44: Import Getting Started Content] INFO  o.e.m.c.i.e.AbstractTransferListenerAdapter - Downloading https://repo.maven.apache.org/maven2/org/springframework/cloud/spring-cloud-gateway-server-webmvc/5.0.3/spring-cloud-gateway-server-webmvc-5.0.3.pom
2026-09-13 17:11:54,401 [Worker-44: Import Getting Started Content] INFO  o.e.m.c.i.e.AbstractTransferListenerAdapter - Downloaded https://repo.maven.apache.org/maven2/org/springframework/cloud/spring-cloud-gateway-server-webmvc/5.0.3/spring-cloud-gateway-server-webmvc-5.0.3.pom
2026-09-13 17:11:54,445 [Worker-44: Import Getting Started Content] INFO  o.e.m.c.i.e.AbstractTransferListenerAdapter - Downloading https://repo.maven.apache.org/maven2/org/springframework/boot/spring-boot-restclient/4.1.1/spring-boot-restclient-4.1.1.pom
2026-09-13 17:11:54,468 [Worker-44: Import Getting Started Content] INFO  o.e.m.c.i.e.AbstractTransferListenerAdapter - Downloaded https://repo.maven.apache.org/maven2/org/springframework/boot/spring-boot-restclient/4.1.1/spring-boot-restclient-4.1.1.pom
2026-09-13 17:11:54,511 [Worker-44: Import Getting Started Content] INFO  o.e.m.c.i.e.AbstractTransferListenerAdapter - Downloading https://repo.maven.apache.org/maven2/org/springframework/boot/spring-boot-http-client/4.1.1/spring-boot-http-client-4.1.1.pom
2026-09-13 17:11:54,536 [Worker-44: Import Getting Started Content] INFO  o.e.m.c.i.e.AbstractTransferListenerAdapter - Downloaded https://repo.maven.apache.org/maven2/org/springframework/boot/spring-boot-http-client/4.1.1/spring-boot-http-client-4.1.1.pom
2026-09-13 17:11:55,733 [Worker-44: Import Getting Started Content] INFO  o.e.m.c.i.e.AbstractTransferListenerAdapter - Downloading https://repo.maven.apache.org/maven2/org/springframework/cloud/spring-cloud-starter-gateway-server-webmvc/5.0.3/spring-cloud-starter-gateway-server-webmvc-5.0.3.jar
2026-09-13 17:11:55,750 [Worker-44: Import Getting Started Content] INFO  o.e.m.c.i.e.AbstractTransferListenerAdapter - Downloaded https://repo.maven.apache.org/maven2/org/springframework/cloud/spring-cloud-starter-gateway-server-webmvc/5.0.3/spring-cloud-starter-gateway-server-webmvc-5.0.3.jar
2026-09-13 17:11:55,781 [BasicRepositoryConnector-repo.maven.apache.org-7-1] INFO  o.e.m.c.i.e.AbstractTransferListenerAdapter - Downloading https://repo.maven.apache.org/maven2/org/springframework/boot/spring-boot-restclient/4.1.1/spring-boot-restclient-4.1.1.jar
2026-09-13 17:11:55,806 [BasicRepositoryConnector-repo.maven.apache.org-7-1] INFO  o.e.m.c.i.e.AbstractTransferListenerAdapter - Downloaded https://repo.maven.apache.org/maven2/org/springframework/boot/spring-boot-restclient/4.1.1/spring-boot-restclient-4.1.1.jar
2026-09-13 17:11:55,836 [BasicRepositoryConnector-repo.maven.apache.org-7-2] INFO  o.e.m.c.i.e.AbstractTransferListenerAdapter - Downloading https://repo.maven.apache.org/maven2/org/springframework/boot/spring-boot-http-client/4.1.1/spring-boot-http-client-4.1.1.jar
2026-09-13 17:11:55,840 [BasicRepositoryConnector-repo.maven.apache.org-7-0] INFO  o.e.m.c.i.e.AbstractTransferListenerAdapter - Downloading https://repo.maven.apache.org/maven2/org/springframework/cloud/spring-cloud-gateway-server-webmvc/5.0.3/spring-cloud-gateway-server-webmvc-5.0.3.jar
2026-09-13 17:11:55,921 [BasicRepositoryConnector-repo.maven.apache.org-7-2] INFO  o.e.m.c.i.e.AbstractTransferListenerAdapter - Downloaded https://repo.maven.apache.org/maven2/org/springframework/boot/spring-boot-http-client/4.1.1/spring-boot-http-client-4.1.1.jar
2026-09-13 17:11:55,954 [BasicRepositoryConnector-repo.maven.apache.org-7-0] INFO  o.e.m.c.i.e.AbstractTransferListenerAdapter - Downloaded https://repo.maven.apache.org/maven2/org/springframework/cloud/spring-cloud-gateway-server-webmvc/5.0.3/spring-cloud-gateway-server-webmvc-5.0.3.jar
2026-09-13 17:11:56,064 [Worker-44: Import Getting Started Content] WARN  Sisu - Error injecting: org.apache.maven.plugins.jar.JarMojo
com.google.inject.ProvisionException: Unable to provision, see the following errors:

1) [Guice/ErrorInCustomProvider]: OutOfScopeException: Cannot access Key[type=MavenProject, annotation=[none]] outside of a scoping block
  at MojoExecutionScopeModule.configure(MojoExecutionScopeModule.java:47)
      \_ installed by: WireModule -> MojoExecutionScopeModule
  at JarMojo.<init>(JarMojo.java:72)
      \_ for 1st parameter
  while locating JarMojo

Learn more:
  https://github.com/google/guice/wiki/ERROR_IN_CUSTOM_PROVIDER

1 error

======================
Full classname legend:
======================
JarMojo:                  "org.apache.maven.plugins.jar.JarMojo"
MavenProject:             "org.apache.maven.project.MavenProject"
MojoExecutionScopeModule: "org.apache.maven.execution.scope.internal.MojoExecutionScopeModule"
OutOfScopeException:      "com.google.inject.OutOfScopeException"
WireModule:               "org.eclipse.sisu.wire.WireModule"
========================
End of classname legend:
========================

	at com.google.inject.internal.InternalProvisionException.toProvisionException(InternalProvisionException.java:251)
	at com.google.inject.internal.InjectorImpl$1.get(InjectorImpl.java:1104)
	at com.google.inject.internal.InjectorImpl.getInstance(InjectorImpl.java:1139)
	at org.eclipse.sisu.space.AbstractDeferredClass.get(AbstractDeferredClass.java:50)
	at com.google.inject.internal.ProviderInternalFactory.provision(ProviderInternalFactory.java:86)
	at com.google.inject.internal.InternalFactoryToInitializableAdapter.provision(InternalFactoryToInitializableAdapter.java:57)
	at com.google.inject.internal.ProviderInternalFactory$1.call(ProviderInternalFactory.java:67)
	at com.google.inject.internal.ProvisionListenerStackCallback$Provision.provision(ProvisionListenerStackCallback.java:109)
	at com.google.inject.internal.ProvisionListenerStackCallback$Provision.provision(ProvisionListenerStackCallback.java:124)
	at com.google.inject.internal.ProvisionListenerStackCallback.provision(ProvisionListenerStackCallback.java:66)
	at com.google.inject.internal.ProviderInternalFactory.circularGet(ProviderInternalFactory.java:62)
	at com.google.inject.internal.InternalFactoryToInitializableAdapter.get(InternalFactoryToInitializableAdapter.java:47)
	at com.google.inject.internal.InjectorImpl$1.get(InjectorImpl.java:1101)
	at org.eclipse.sisu.inject.Guice4$2.get(Guice4.java:235)
	at org.eclipse.sisu.inject.LazyBeanEntry.getValue(LazyBeanEntry.java:83)
	at org.eclipse.sisu.plexus.LazyPlexusBean.getValue(LazyPlexusBean.java:53)
	at org.codehaus.plexus.DefaultPlexusContainer.lookup(DefaultPlexusContainer.java:265)
	at org.codehaus.plexus.DefaultPlexusContainer.lookup(DefaultPlexusContainer.java:257)
	at org.apache.maven.plugin.internal.DefaultMavenPluginManager.getConfiguredMojo(DefaultMavenPluginManager.java:491)
	at org.eclipse.m2e.core.internal.embedder.MavenImpl.getConfiguredMojo(MavenImpl.java:206)
	at org.eclipse.m2e.mavenarchiver.internal.AbstractMavenArchiverConfigurator.reflectManifestGeneration(AbstractMavenArchiverConfigurator.java:439)
	at org.eclipse.m2e.mavenarchiver.internal.AbstractMavenArchiverConfigurator.lambda$3(AbstractMavenArchiverConfigurator.java:398)
	at org.eclipse.m2e.core.internal.embedder.MavenExecutionContext.executeBare(MavenExecutionContext.java:458)
	at org.eclipse.m2e.core.internal.embedder.MavenExecutionContext.execute(MavenExecutionContext.java:339)
	at org.eclipse.m2e.core.internal.embedder.MavenExecutionContext.execute(MavenExecutionContext.java:278)
	at org.eclipse.m2e.mavenarchiver.internal.AbstractMavenArchiverConfigurator.generateManifest(AbstractMavenArchiverConfigurator.java:371)
	at org.eclipse.m2e.mavenarchiver.internal.AbstractMavenArchiverConfigurator.mavenProjectChanged(AbstractMavenArchiverConfigurator.java:228)
	at org.eclipse.m2e.mavenarchiver.internal.AbstractMavenArchiverConfigurator.mavenProjectChanged(AbstractMavenArchiverConfigurator.java:220)
	at org.eclipse.m2e.core.internal.project.ProjectConfigurationManager.mavenProjectChanged(ProjectConfigurationManager.java:885)
	at org.eclipse.m2e.core.internal.project.registry.ProjectRegistryManager.notifyProjectChangeListeners(ProjectRegistryManager.java:892)
	at org.eclipse.m2e.core.internal.project.registry.ProjectRegistryManager.applyMutableProjectRegistry(ProjectRegistryManager.java:1042)
	at org.eclipse.m2e.core.internal.project.registry.ProjectRegistryManager.refresh(ProjectRegistryManager.java:324)
	at org.eclipse.m2e.core.internal.project.ProjectConfigurationManager.configureNewMavenProjects(ProjectConfigurationManager.java:256)
	at org.eclipse.m2e.core.internal.project.ProjectConfigurationManager.lambda$1(ProjectConfigurationManager.java:166)
	at org.eclipse.m2e.core.internal.embedder.MavenExecutionContext.executeBare(MavenExecutionContext.java:458)
	at org.eclipse.m2e.core.internal.embedder.MavenExecutionContext.execute(MavenExecutionContext.java:339)
	at org.eclipse.m2e.core.internal.embedder.MavenExecutionContext.execute(MavenExecutionContext.java:278)
	at org.eclipse.m2e.core.internal.project.ProjectConfigurationManager.importProjects(ProjectConfigurationManager.java:139)
	at org.eclipse.m2e.core.internal.project.ProjectConfigurationManager.importProjects(ProjectConfigurationManager.java:130)
	at org.springframework.ide.eclipse.boot.wizard.importing.MavenStrategy.createEclipseProjectFromExistingMavenProject(MavenStrategy.java:134)
	at org.springframework.ide.eclipse.boot.wizard.importing.MavenStrategy$MavenCodeSetImport.run(MavenStrategy.java:85)
	at org.springframework.ide.eclipse.boot.wizard.importing.MavenStrategy$MavenCodeSetImport.run(MavenStrategy.java:1)
	at org.springframework.ide.eclipse.boot.wizard.NewSpringBootWizardModel.importProject(NewSpringBootWizardModel.java:343)
	at org.springframework.ide.eclipse.boot.wizard.NewSpringBootWizardModel.performFinish(NewSpringBootWizardModel.java:322)
	at org.springframework.ide.eclipse.boot.wizard.NewSpringBootWizard$1.runInWorkspace(NewSpringBootWizard.java:239)
	at org.eclipse.core.internal.resources.InternalWorkspaceJob.run(InternalWorkspaceJob.java:43)
	at org.eclipse.core.internal.jobs.Worker.run(Worker.java:63)
Caused by: com.google.inject.OutOfScopeException: Cannot access Key[type=org.apache.maven.project.MavenProject, annotation=[none]] outside of a scoping block
	at org.apache.maven.execution.scope.internal.MojoExecutionScope$2.get(MojoExecutionScope.java:99)
	at com.google.inject.internal.InternalFactoryToProviderAdapter.get(InternalFactoryToProviderAdapter.java:45)
	at com.google.inject.internal.SingleParameterInjector.inject(SingleParameterInjector.java:40)
	at com.google.inject.internal.SingleParameterInjector.getAll(SingleParameterInjector.java:60)
	at com.google.inject.internal.ConstructorInjector.provision(ConstructorInjector.java:113)
	at com.google.inject.internal.ConstructorInjector.access$000(ConstructorInjector.java:33)
	at com.google.inject.internal.ConstructorInjector$1.call(ConstructorInjector.java:98)
	at com.google.inject.internal.ProvisionListenerStackCallback$Provision.provision(ProvisionListenerStackCallback.java:109)
	at com.google.inject.internal.ProvisionListenerStackCallback$Provision.provision(ProvisionListenerStackCallback.java:124)
	at com.google.inject.internal.ProvisionListenerStackCallback.provision(ProvisionListenerStackCallback.java:66)
	at com.google.inject.internal.ConstructorInjector.construct(ConstructorInjector.java:93)
	at com.google.inject.internal.ConstructorBindingImpl$Factory.get(ConstructorBindingImpl.java:300)
	at com.google.inject.internal.InjectorImpl$1.get(InjectorImpl.java:1101)
	... 45 common frames omitted
2026-09-13 17:11:56,706 [Worker-44: Import Getting Started Content] INFO  o.e.m.j.i.AbstractJavaProjectConfigurator - Adding source folder /api-gateway/src/main/java
2026-09-13 17:11:56,707 [Worker-44: Import Getting Started Content] INFO  o.e.m.j.i.AbstractJavaProjectConfigurator - Adding resource folder /api-gateway/src/main/resources
2026-09-13 17:11:56,717 [Worker-44: Import Getting Started Content] INFO  o.e.m.j.i.AbstractJavaProjectConfigurator - Adding resource folder /api-gateway/src/main/resources
2026-09-13 17:11:56,727 [Worker-44: Import Getting Started Content] INFO  o.e.m.j.i.AbstractJavaProjectConfigurator - Adding source folder /api-gateway/src/test/java
2026-09-13 17:11:56,729 [Worker-44: Import Getting Started Content] INFO  o.e.m.j.i.AbstractJavaProjectConfigurator - Adding resource folder /api-gateway/src/test/resources
2026-09-13 17:11:57,366 [Worker-47: Download sources and javadoc] INFO  o.e.m.c.i.e.AbstractTransferListenerAdapter - Downloaded https://repo.maven.apache.org/maven2/org/springframework/cloud/spring-cloud-starter-gateway-server-webmvc/5.0.3/spring-cloud-starter-gateway-server-webmvc-5.0.3-sources.jar
2026-09-13 17:11:57,374 [Worker-47: Download sources and javadoc] ERROR o.e.m.j.internal.DownloadSourcesJob - Could not download sources for org.springframework.cloud:spring-cloud-starter-gateway-server-webmvc:5.0.3
org.eclipse.core.runtime.CoreException: Could not resolve artifact org.springframework.cloud:spring-cloud-starter-gateway-server-webmvc:jar:sources:5.0.3
	at org.eclipse.m2e.core.internal.embedder.MavenImpl.lambda$7(MavenImpl.java:540)
	at org.eclipse.m2e.core.internal.embedder.MavenExecutionContext.executeBare(MavenExecutionContext.java:458)
	at org.eclipse.m2e.core.internal.embedder.MavenExecutionContext.execute(MavenExecutionContext.java:292)
	at org.eclipse.m2e.core.internal.embedder.MavenExecutionContext.execute(MavenExecutionContext.java:278)
	at org.eclipse.m2e.core.internal.embedder.MavenImpl.resolve(MavenImpl.java:509)
	at org.eclipse.m2e.core.internal.embedder.MavenImpl.resolve(MavenImpl.java:494)
	at org.eclipse.m2e.jdt.internal.DownloadSourcesJob.download(DownloadSourcesJob.java:308)
	at org.eclipse.m2e.jdt.internal.DownloadSourcesJob.downloadAttachments(DownloadSourcesJob.java:282)
	at org.eclipse.m2e.jdt.internal.DownloadSourcesJob.downloadMaven(DownloadSourcesJob.java:252)
	at org.eclipse.m2e.jdt.internal.DownloadSourcesJob.downloadFilesAndPopulateToUpdate(DownloadSourcesJob.java:220)
	at org.eclipse.m2e.jdt.internal.DownloadSourcesJob.lambda$0(DownloadSourcesJob.java:149)
	at org.eclipse.m2e.core.internal.embedder.MavenExecutionContext.executeBare(MavenExecutionContext.java:458)
	at org.eclipse.m2e.core.internal.embedder.MavenExecutionContext.execute(MavenExecutionContext.java:339)
	at org.eclipse.m2e.core.internal.embedder.MavenExecutionContext.execute(MavenExecutionContext.java:278)
	at org.eclipse.m2e.core.embedder.IMaven.execute(IMaven.java:300)
	at org.eclipse.m2e.jdt.internal.DownloadSourcesJob.run(DownloadSourcesJob.java:149)
	at org.eclipse.core.internal.jobs.Worker.run(Worker.java:63)
2026-09-13 17:11:57,456 [Worker-47: Download sources and javadoc] INFO  o.e.m.c.i.e.AbstractTransferListenerAdapter - Downloading https://repo.maven.apache.org/maven2/org/springframework/cloud/spring-cloud-gateway-server-webmvc/5.0.3/spring-cloud-gateway-server-webmvc-5.0.3-sources.jar
2026-09-13 17:11:57,611 [Worker-47: Download sources and javadoc] INFO  o.e.m.c.i.e.AbstractTransferListenerAdapter - Downloaded https://repo.maven.apache.org/maven2/org/springframework/cloud/spring-cloud-gateway-server-webmvc/5.0.3/spring-cloud-gateway-server-webmvc-5.0.3-sources.jar
2026-09-13 17:11:57,632 [Worker-47: Download sources and javadoc] INFO  o.e.m.j.internal.DownloadSourcesJob - Downloaded sources for org.springframework.cloud:spring-cloud-gateway-server-webmvc:5.0.3
2026-09-13 17:11:57,735 [Worker-47: Download sources and javadoc] INFO  o.e.m.c.i.e.AbstractTransferListenerAdapter - Downloading https://repo.maven.apache.org/maven2/org/springframework/boot/spring-boot-restclient/4.1.1/spring-boot-restclient-4.1.1-sources.jar
2026-09-13 17:11:57,792 [Worker-47: Download sources and javadoc] INFO  o.e.m.c.i.e.AbstractTransferListenerAdapter - Downloaded https://repo.maven.apache.org/maven2/org/springframework/boot/spring-boot-restclient/4.1.1/spring-boot-restclient-4.1.1-sources.jar
2026-09-13 17:11:57,806 [Worker-47: Download sources and javadoc] INFO  o.e.m.j.internal.DownloadSourcesJob - Downloaded sources for org.springframework.boot:spring-boot-restclient:4.1.1
2026-09-13 17:11:57,912 [Worker-47: Download sources and javadoc] INFO  o.e.m.c.i.e.AbstractTransferListenerAdapter - Downloading https://repo.maven.apache.org/maven2/org/springframework/boot/spring-boot-http-client/4.1.1/spring-boot-http-client-4.1.1-sources.jar
2026-09-13 17:11:57,943 [Worker-44: Import Getting Started Content] INFO  o.e.m.c.i.p.ProjectConfigurationManager - Imported and configured 1 project(s) in 5 sec
2026-09-13 17:11:57,945 [Worker-44: Import Getting Started Content] INFO  o.e.m.c.i.p.ProjectConfigurationManager - Update started
2026-09-13 17:11:58,006 [Worker-47: Download sources and javadoc] INFO  o.e.m.c.i.e.AbstractTransferListenerAdapter - Downloaded https://repo.maven.apache.org/maven2/org/springframework/boot/spring-boot-http-client/4.1.1/spring-boot-http-client-4.1.1-sources.jar
2026-09-13 17:11:58,018 [Worker-47: Download sources and javadoc] INFO  o.e.m.j.internal.DownloadSourcesJob - Downloaded sources for org.springframework.boot:spring-boot-http-client:4.1.1
2026-09-13 17:11:58,774 [Worker-44: Import Getting Started Content] INFO  o.e.m.c.i.l.LifecycleMappingFactory - Using org.eclipse.m2e.jdt.JarLifecycleMapping lifecycle mapping for MavenProject: com.flightmanagement:api-gateway:0.0.1-SNAPSHOT @ C:\Users\LMANTHIN\OneDrive - Capgemini\botp\FlightManagementSystem\api-gateway\pom.xml.
2026-09-13 17:12:00,212 [Worker-44: Import Getting Started Content] WARN  Sisu - Error injecting: org.apache.maven.plugins.jar.JarMojo
com.google.inject.ProvisionException: Unable to provision, see the following errors:

1) [Guice/ErrorInCustomProvider]: OutOfScopeException: Cannot access Key[type=MavenProject, annotation=[none]] outside of a scoping block
  at MojoExecutionScopeModule.configure(MojoExecutionScopeModule.java:47)
      \_ installed by: WireModule -> MojoExecutionScopeModule
  at JarMojo.<init>(JarMojo.java:72)
      \_ for 1st parameter
  while locating JarMojo

Learn more:
  https://github.com/google/guice/wiki/ERROR_IN_CUSTOM_PROVIDER

1 error

======================
Full classname legend:
======================
JarMojo:                  "org.apache.maven.plugins.jar.JarMojo"
MavenProject:             "org.apache.maven.project.MavenProject"
MojoExecutionScopeModule: "org.apache.maven.execution.scope.internal.MojoExecutionScopeModule"
OutOfScopeException:      "com.google.inject.OutOfScopeException"
WireModule:               "org.eclipse.sisu.wire.WireModule"
========================
End of classname legend:
========================

	at com.google.inject.internal.InternalProvisionException.toProvisionException(InternalProvisionException.java:251)
	at com.google.inject.internal.InjectorImpl$1.get(InjectorImpl.java:1104)
	at com.google.inject.internal.InjectorImpl.getInstance(InjectorImpl.java:1139)
	at org.eclipse.sisu.space.AbstractDeferredClass.get(AbstractDeferredClass.java:50)
	at com.google.inject.internal.ProviderInternalFactory.provision(ProviderInternalFactory.java:86)
	at com.google.inject.internal.InternalFactoryToInitializableAdapter.provision(InternalFactoryToInitializableAdapter.java:57)
	at com.google.inject.internal.ProviderInternalFactory$1.call(ProviderInternalFactory.java:67)
	at com.google.inject.internal.ProvisionListenerStackCallback$Provision.provision(ProvisionListenerStackCallback.java:109)
	at com.google.inject.internal.ProvisionListenerStackCallback$Provision.provision(ProvisionListenerStackCallback.java:124)
	at com.google.inject.internal.ProvisionListenerStackCallback.provision(ProvisionListenerStackCallback.java:66)
	at com.google.inject.internal.ProviderInternalFactory.circularGet(ProviderInternalFactory.java:62)
	at com.google.inject.internal.InternalFactoryToInitializableAdapter.get(InternalFactoryToInitializableAdapter.java:47)
	at com.google.inject.internal.InjectorImpl$1.get(InjectorImpl.java:1101)
	at org.eclipse.sisu.inject.Guice4$2.get(Guice4.java:235)
	at org.eclipse.sisu.inject.LazyBeanEntry.getValue(LazyBeanEntry.java:83)
	at org.eclipse.sisu.plexus.LazyPlexusBean.getValue(LazyPlexusBean.java:53)
	at org.codehaus.plexus.DefaultPlexusContainer.lookup(DefaultPlexusContainer.java:265)
	at org.codehaus.plexus.DefaultPlexusContainer.lookup(DefaultPlexusContainer.java:257)
	at org.apache.maven.plugin.internal.DefaultMavenPluginManager.getConfiguredMojo(DefaultMavenPluginManager.java:491)
	at org.eclipse.m2e.core.internal.embedder.MavenImpl.getConfiguredMojo(MavenImpl.java:206)
	at org.eclipse.m2e.mavenarchiver.internal.AbstractMavenArchiverConfigurator.reflectManifestGeneration(AbstractMavenArchiverConfigurator.java:439)
	at org.eclipse.m2e.mavenarchiver.internal.AbstractMavenArchiverConfigurator.lambda$3(AbstractMavenArchiverConfigurator.java:398)
	at org.eclipse.m2e.core.internal.embedder.MavenExecutionContext.executeBare(MavenExecutionContext.java:458)
	at org.eclipse.m2e.core.internal.embedder.MavenExecutionContext.execute(MavenExecutionContext.java:339)
	at org.eclipse.m2e.core.internal.embedder.MavenExecutionContext.execute(MavenExecutionContext.java:278)
	at org.eclipse.m2e.mavenarchiver.internal.AbstractMavenArchiverConfigurator.generateManifest(AbstractMavenArchiverConfigurator.java:371)
	at org.eclipse.m2e.mavenarchiver.internal.AbstractMavenArchiverConfigurator.mavenProjectChanged(AbstractMavenArchiverConfigurator.java:228)
	at org.eclipse.m2e.mavenarchiver.internal.AbstractMavenArchiverConfigurator.mavenProjectChanged(AbstractMavenArchiverConfigurator.java:220)
	at org.eclipse.m2e.core.internal.project.ProjectConfigurationManager.mavenProjectChanged(ProjectConfigurationManager.java:885)
	at org.eclipse.m2e.core.internal.project.registry.ProjectRegistryManager.notifyProjectChangeListeners(ProjectRegistryManager.java:892)
	at org.eclipse.m2e.core.internal.project.registry.ProjectRegistryManager.applyMutableProjectRegistry(ProjectRegistryManager.java:1042)
	at org.eclipse.m2e.core.internal.project.registry.ProjectRegistryManager.refresh(ProjectRegistryManager.java:324)
	at org.eclipse.m2e.core.internal.project.ProjectConfigurationManager.updateProjectConfiguration0(ProjectConfigurationManager.java:388)
	at org.eclipse.m2e.core.internal.project.ProjectConfigurationManager.lambda$3(ProjectConfigurationManager.java:340)
	at org.eclipse.m2e.core.internal.embedder.MavenExecutionContext.executeBare(MavenExecutionContext.java:458)
	at org.eclipse.m2e.core.internal.embedder.MavenExecutionContext.execute(MavenExecutionContext.java:339)
	at org.eclipse.m2e.core.internal.embedder.MavenExecutionContext.execute(MavenExecutionContext.java:278)
	at org.eclipse.m2e.core.internal.embedder.MavenImpl.execute(MavenImpl.java:1053)
	at org.eclipse.m2e.core.internal.project.ProjectConfigurationManager.updateProjectConfiguration(ProjectConfigurationManager.java:339)
	at org.eclipse.m2e.core.internal.project.ProjectConfigurationManager.updateProjectConfiguration(ProjectConfigurationManager.java:326)
	at org.eclipse.m2e.core.internal.project.ProjectConfigurationManager.updateProjectConfiguration(ProjectConfigurationManager.java:308)
	at org.eclipse.m2e.core.internal.project.ProjectConfigurationManager.updateProjectConfiguration(ProjectConfigurationManager.java:296)
	at org.springframework.ide.eclipse.boot.wizard.importing.MavenStrategy.createEclipseProjectFromExistingMavenProject(MavenStrategy.java:139)
	at org.springframework.ide.eclipse.boot.wizard.importing.MavenStrategy$MavenCodeSetImport.run(MavenStrategy.java:85)
	at org.springframework.ide.eclipse.boot.wizard.importing.MavenStrategy$MavenCodeSetImport.run(MavenStrategy.java:1)
	at org.springframework.ide.eclipse.boot.wizard.NewSpringBootWizardModel.importProject(NewSpringBootWizardModel.java:343)
	at org.springframework.ide.eclipse.boot.wizard.NewSpringBootWizardModel.performFinish(NewSpringBootWizardModel.java:322)
	at org.springframework.ide.eclipse.boot.wizard.NewSpringBootWizard$1.runInWorkspace(NewSpringBootWizard.java:239)
	at org.eclipse.core.internal.resources.InternalWorkspaceJob.run(InternalWorkspaceJob.java:43)
	at org.eclipse.core.internal.jobs.Worker.run(Worker.java:63)
Caused by: com.google.inject.OutOfScopeException: Cannot access Key[type=org.apache.maven.project.MavenProject, annotation=[none]] outside of a scoping block
	at org.apache.maven.execution.scope.internal.MojoExecutionScope$2.get(MojoExecutionScope.java:99)
	at com.google.inject.internal.InternalFactoryToProviderAdapter.get(InternalFactoryToProviderAdapter.java:45)
	at com.google.inject.internal.SingleParameterInjector.inject(SingleParameterInjector.java:40)
	at com.google.inject.internal.SingleParameterInjector.getAll(SingleParameterInjector.java:60)
	at com.google.inject.internal.ConstructorInjector.provision(ConstructorInjector.java:113)
	at com.google.inject.internal.ConstructorInjector.access$000(ConstructorInjector.java:33)
	at com.google.inject.internal.ConstructorInjector$1.call(ConstructorInjector.java:98)
	at com.google.inject.internal.ProvisionListenerStackCallback$Provision.provision(ProvisionListenerStackCallback.java:109)
	at com.google.inject.internal.ProvisionListenerStackCallback$Provision.provision(ProvisionListenerStackCallback.java:124)
	at com.google.inject.internal.ProvisionListenerStackCallback.provision(ProvisionListenerStackCallback.java:66)
	at com.google.inject.internal.ConstructorInjector.construct(ConstructorInjector.java:93)
	at com.google.inject.internal.ConstructorBindingImpl$Factory.get(ConstructorBindingImpl.java:300)
	at com.google.inject.internal.InjectorImpl$1.get(InjectorImpl.java:1101)
	... 48 common frames omitted
2026-09-13 17:12:01,094 [Worker-44: Import Getting Started Content] INFO  o.e.m.j.i.AbstractJavaProjectConfigurator - Adding source folder /api-gateway/src/main/java
2026-09-13 17:12:01,097 [Worker-44: Import Getting Started Content] INFO  o.e.m.j.i.AbstractJavaProjectConfigurator - Adding resource folder /api-gateway/src/main/resources
2026-09-13 17:12:01,098 [Worker-44: Import Getting Started Content] INFO  o.e.m.j.i.AbstractJavaProjectConfigurator - Adding resource folder /api-gateway/src/main/resources
2026-09-13 17:12:01,099 [Worker-44: Import Getting Started Content] INFO  o.e.m.j.i.AbstractJavaProjectConfigurator - Adding source folder /api-gateway/src/test/java
2026-09-13 17:12:01,101 [Worker-44: Import Getting Started Content] INFO  o.e.m.j.i.AbstractJavaProjectConfigurator - Adding resource folder /api-gateway/src/test/resources
2026-09-13 17:12:02,309 [Worker-44: Import Getting Started Content] INFO  o.e.m.c.i.p.ProjectConfigurationManager - Update completed for 1 poms: local refresh takes 0.00 sec, refresh facades takes 3.00 sec, update config takes 1.00 sec 
2026-09-13 17:12:03,776 [Worker-44: Building] INFO  o.a.m.s.f.DefaultMavenResourcesFiltering - Copying 1 resource from src\main\resources to target\classes
2026-09-13 17:12:03,798 [Worker-44: Building] INFO  o.a.m.s.f.DefaultMavenResourcesFiltering - Copying 0 resource from src\main\resources to target\classes
2026-09-13 17:12:03,804 [Worker-44: Building] INFO  o.a.m.s.f.DefaultMavenResourcesFiltering - skip non existing resourceDirectory C:\Users\LMANTHIN\OneDrive - Capgemini\botp\FlightManagementSystem\api-gateway\src\test\resources
2026-09-13 17:12:03,834 [Worker-44: Building] WARN  Sisu - Error injecting: org.apache.maven.plugins.jar.JarMojo
com.google.inject.ProvisionException: Unable to provision, see the following errors:

1) [Guice/ErrorInCustomProvider]: OutOfScopeException: Cannot access Key[type=MavenProject, annotation=[none]] outside of a scoping block
  at MojoExecutionScopeModule.configure(MojoExecutionScopeModule.java:47)
      \_ installed by: WireModule -> MojoExecutionScopeModule
  at JarMojo.<init>(JarMojo.java:72)
      \_ for 1st parameter
  while locating JarMojo

Learn more:
  https://github.com/google/guice/wiki/ERROR_IN_CUSTOM_PROVIDER

1 error

======================
Full classname legend:
======================
JarMojo:                  "org.apache.maven.plugins.jar.JarMojo"
MavenProject:             "org.apache.maven.project.MavenProject"
MojoExecutionScopeModule: "org.apache.maven.execution.scope.internal.MojoExecutionScopeModule"
OutOfScopeException:      "com.google.inject.OutOfScopeException"
WireModule:               "org.eclipse.sisu.wire.WireModule"
========================
End of classname legend:
========================

	at com.google.inject.internal.InternalProvisionException.toProvisionException(InternalProvisionException.java:251)
	at com.google.inject.internal.InjectorImpl$1.get(InjectorImpl.java:1104)
	at com.google.inject.internal.InjectorImpl.getInstance(InjectorImpl.java:1139)
	at org.eclipse.sisu.space.AbstractDeferredClass.get(AbstractDeferredClass.java:50)
	at com.google.inject.internal.ProviderInternalFactory.provision(ProviderInternalFactory.java:86)
	at com.google.inject.internal.InternalFactoryToInitializableAdapter.provision(InternalFactoryToInitializableAdapter.java:57)
	at com.google.inject.internal.ProviderInternalFactory$1.call(ProviderInternalFactory.java:67)
	at com.google.inject.internal.ProvisionListenerStackCallback$Provision.provision(ProvisionListenerStackCallback.java:109)
	at com.google.inject.internal.ProvisionListenerStackCallback$Provision.provision(ProvisionListenerStackCallback.java:124)
	at com.google.inject.internal.ProvisionListenerStackCallback.provision(ProvisionListenerStackCallback.java:66)
	at com.google.inject.internal.ProviderInternalFactory.circularGet(ProviderInternalFactory.java:62)
	at com.google.inject.internal.InternalFactoryToInitializableAdapter.get(InternalFactoryToInitializableAdapter.java:47)
	at com.google.inject.internal.InjectorImpl$1.get(InjectorImpl.java:1101)
	at org.eclipse.sisu.inject.Guice4$2.get(Guice4.java:235)
	at org.eclipse.sisu.inject.LazyBeanEntry.getValue(LazyBeanEntry.java:83)
	at org.eclipse.sisu.plexus.LazyPlexusBean.getValue(LazyPlexusBean.java:53)
	at org.codehaus.plexus.DefaultPlexusContainer.lookup(DefaultPlexusContainer.java:265)
	at org.codehaus.plexus.DefaultPlexusContainer.lookup(DefaultPlexusContainer.java:257)
	at org.apache.maven.plugin.internal.DefaultMavenPluginManager.getConfiguredMojo(DefaultMavenPluginManager.java:491)
	at org.eclipse.m2e.core.internal.embedder.MavenImpl.getConfiguredMojo(MavenImpl.java:206)
	at org.eclipse.m2e.mavenarchiver.internal.AbstractMavenArchiverConfigurator.reflectManifestGeneration(AbstractMavenArchiverConfigurator.java:439)
	at org.eclipse.m2e.mavenarchiver.internal.AbstractMavenArchiverConfigurator.lambda$3(AbstractMavenArchiverConfigurator.java:398)
	at org.eclipse.m2e.core.internal.embedder.MavenExecutionContext.executeBare(MavenExecutionContext.java:458)
	at org.eclipse.m2e.core.internal.embedder.MavenExecutionContext.execute(MavenExecutionContext.java:339)
	at org.eclipse.m2e.core.internal.embedder.MavenExecutionContext.execute(MavenExecutionContext.java:278)
	at org.eclipse.m2e.mavenarchiver.internal.AbstractMavenArchiverConfigurator.generateManifest(AbstractMavenArchiverConfigurator.java:371)
	at org.eclipse.m2e.mavenarchiver.internal.AbstractMavenArchiverConfigurator.mavenProjectChanged(AbstractMavenArchiverConfigurator.java:228)
	at org.eclipse.m2e.mavenarchiver.internal.AbstractMavenArchiverConfigurator$1.build(AbstractMavenArchiverConfigurator.java:178)
	at org.eclipse.m2e.core.internal.builder.MavenBuilderImpl.lambda$2(MavenBuilderImpl.java:159)
	at java.base/java.util.LinkedHashMap.forEach(LinkedHashMap.java:986)
	at org.eclipse.m2e.core.internal.builder.MavenBuilderImpl.build(MavenBuilderImpl.java:139)
	at org.eclipse.m2e.core.internal.builder.MavenBuilder$1.method(MavenBuilder.java:164)
	at org.eclipse.m2e.core.internal.builder.MavenBuilder$1.method(MavenBuilder.java:1)
	at org.eclipse.m2e.core.internal.builder.MavenBuilder$BuildMethod.lambda$1(MavenBuilder.java:109)
	at org.eclipse.m2e.core.internal.embedder.MavenExecutionContext.executeBare(MavenExecutionContext.java:458)
	at org.eclipse.m2e.core.internal.embedder.MavenExecutionContext.execute(MavenExecutionContext.java:292)
	at org.eclipse.m2e.core.internal.builder.MavenBuilder$BuildMethod.lambda$0(MavenBuilder.java:100)
	at org.eclipse.m2e.core.internal.embedder.MavenExecutionContext.executeBare(MavenExecutionContext.java:458)
	at org.eclipse.m2e.core.internal.embedder.MavenExecutionContext.execute(MavenExecutionContext.java:339)
	at org.eclipse.m2e.core.internal.embedder.MavenExecutionContext.execute(MavenExecutionContext.java:278)
	at org.eclipse.m2e.core.internal.builder.MavenBuilder$BuildMethod.execute(MavenBuilder.java:83)
	at org.eclipse.m2e.core.internal.builder.MavenBuilder.build(MavenBuilder.java:192)
	at org.eclipse.core.internal.events.BuildManager$2.run(BuildManager.java:1077)
	at org.eclipse.core.runtime.SafeRunner.run(SafeRunner.java:47)
	at org.eclipse.core.internal.events.BuildManager.basicBuild(BuildManager.java:296)
	at org.eclipse.core.internal.events.BuildManager.basicBuild(BuildManager.java:352)
	at org.eclipse.core.internal.events.BuildManager$1.run(BuildManager.java:441)
	at org.eclipse.core.runtime.SafeRunner.run(SafeRunner.java:47)
	at org.eclipse.core.internal.events.BuildManager.basicBuild(BuildManager.java:444)
	at org.eclipse.core.internal.events.BuildManager.basicBuildLoop(BuildManager.java:555)
	at org.eclipse.core.internal.events.BuildManager.basicBuildLoop(BuildManager.java:503)
	at org.eclipse.core.internal.events.BuildManager.build(BuildManager.java:585)
	at org.eclipse.core.internal.events.AutoBuildJob.doBuild(AutoBuildJob.java:207)
	at org.eclipse.core.internal.events.AutoBuildJob.run(AutoBuildJob.java:300)
	at org.eclipse.core.internal.jobs.Worker.run(Worker.java:63)
Caused by: com.google.inject.OutOfScopeException: Cannot access Key[type=org.apache.maven.project.MavenProject, annotation=[none]] outside of a scoping block
	at org.apache.maven.execution.scope.internal.MojoExecutionScope$2.get(MojoExecutionScope.java:99)
	at com.google.inject.internal.InternalFactoryToProviderAdapter.get(InternalFactoryToProviderAdapter.java:45)
	at com.google.inject.internal.SingleParameterInjector.inject(SingleParameterInjector.java:40)
	at com.google.inject.internal.SingleParameterInjector.getAll(SingleParameterInjector.java:60)
	at com.google.inject.internal.ConstructorInjector.provision(ConstructorInjector.java:113)
	at com.google.inject.internal.ConstructorInjector.access$000(ConstructorInjector.java:33)
	at com.google.inject.internal.ConstructorInjector$1.call(ConstructorInjector.java:98)
	at com.google.inject.internal.ProvisionListenerStackCallback$Provision.provision(ProvisionListenerStackCallback.java:109)
	at com.google.inject.internal.ProvisionListenerStackCallback$Provision.provision(ProvisionListenerStackCallback.java:124)
	at com.google.inject.internal.ProvisionListenerStackCallback.provision(ProvisionListenerStackCallback.java:66)
	at com.google.inject.internal.ConstructorInjector.construct(ConstructorInjector.java:93)
	at com.google.inject.internal.ConstructorBindingImpl$Factory.get(ConstructorBindingImpl.java:300)
	at com.google.inject.internal.InjectorImpl$1.get(InjectorImpl.java:1101)
	... 53 common frames omitted
2026-09-13 17:13:12,105 [Worker-46: Import Getting Started Content] INFO  o.e.m.c.i.l.LifecycleMappingFactory - Using org.eclipse.m2e.jdt.JarLifecycleMapping lifecycle mapping for MavenProject: com.flightmanagement:flight-service:0.0.1-SNAPSHOT @ C:\Users\LMANTHIN\OneDrive - Capgemini\botp\FlightManagementSystem\flight-service\pom.xml.
2026-09-13 17:13:14,471 [Worker-46: Import Getting Started Content] WARN  Sisu - Error injecting: org.apache.maven.plugins.jar.JarMojo
com.google.inject.ProvisionException: Unable to provision, see the following errors:

1) [Guice/ErrorInCustomProvider]: OutOfScopeException: Cannot access Key[type=MavenProject, annotation=[none]] outside of a scoping block
  at MojoExecutionScopeModule.configure(MojoExecutionScopeModule.java:47)
      \_ installed by: WireModule -> MojoExecutionScopeModule
  at JarMojo.<init>(JarMojo.java:72)
      \_ for 1st parameter
  while locating JarMojo

Learn more:
  https://github.com/google/guice/wiki/ERROR_IN_CUSTOM_PROVIDER

1 error

======================
Full classname legend:
======================
JarMojo:                  "org.apache.maven.plugins.jar.JarMojo"
MavenProject:             "org.apache.maven.project.MavenProject"
MojoExecutionScopeModule: "org.apache.maven.execution.scope.internal.MojoExecutionScopeModule"
OutOfScopeException:      "com.google.inject.OutOfScopeException"
WireModule:               "org.eclipse.sisu.wire.WireModule"
========================
End of classname legend:
========================

	at com.google.inject.internal.InternalProvisionException.toProvisionException(InternalProvisionException.java:251)
	at com.google.inject.internal.InjectorImpl$1.get(InjectorImpl.java:1104)
	at com.google.inject.internal.InjectorImpl.getInstance(InjectorImpl.java:1139)
	at org.eclipse.sisu.space.AbstractDeferredClass.get(AbstractDeferredClass.java:50)
	at com.google.inject.internal.ProviderInternalFactory.provision(ProviderInternalFactory.java:86)
	at com.google.inject.internal.InternalFactoryToInitializableAdapter.provision(InternalFactoryToInitializableAdapter.java:57)
	at com.google.inject.internal.ProviderInternalFactory$1.call(ProviderInternalFactory.java:67)
	at com.google.inject.internal.ProvisionListenerStackCallback$Provision.provision(ProvisionListenerStackCallback.java:109)
	at com.google.inject.internal.ProvisionListenerStackCallback$Provision.provision(ProvisionListenerStackCallback.java:124)
	at com.google.inject.internal.ProvisionListenerStackCallback.provision(ProvisionListenerStackCallback.java:66)
	at com.google.inject.internal.ProviderInternalFactory.circularGet(ProviderInternalFactory.java:62)
	at com.google.inject.internal.InternalFactoryToInitializableAdapter.get(InternalFactoryToInitializableAdapter.java:47)
	at com.google.inject.internal.InjectorImpl$1.get(InjectorImpl.java:1101)
	at org.eclipse.sisu.inject.Guice4$2.get(Guice4.java:235)
	at org.eclipse.sisu.inject.LazyBeanEntry.getValue(LazyBeanEntry.java:83)
	at org.eclipse.sisu.plexus.LazyPlexusBean.getValue(LazyPlexusBean.java:53)
	at org.codehaus.plexus.DefaultPlexusContainer.lookup(DefaultPlexusContainer.java:265)
	at org.codehaus.plexus.DefaultPlexusContainer.lookup(DefaultPlexusContainer.java:257)
	at org.apache.maven.plugin.internal.DefaultMavenPluginManager.getConfiguredMojo(DefaultMavenPluginManager.java:491)
	at org.eclipse.m2e.core.internal.embedder.MavenImpl.getConfiguredMojo(MavenImpl.java:206)
	at org.eclipse.m2e.mavenarchiver.internal.AbstractMavenArchiverConfigurator.reflectManifestGeneration(AbstractMavenArchiverConfigurator.java:439)
	at org.eclipse.m2e.mavenarchiver.internal.AbstractMavenArchiverConfigurator.lambda$3(AbstractMavenArchiverConfigurator.java:398)
	at org.eclipse.m2e.core.internal.embedder.MavenExecutionContext.executeBare(MavenExecutionContext.java:458)
	at org.eclipse.m2e.core.internal.embedder.MavenExecutionContext.execute(MavenExecutionContext.java:339)
	at org.eclipse.m2e.core.internal.embedder.MavenExecutionContext.execute(MavenExecutionContext.java:278)
	at org.eclipse.m2e.mavenarchiver.internal.AbstractMavenArchiverConfigurator.generateManifest(AbstractMavenArchiverConfigurator.java:371)
	at org.eclipse.m2e.mavenarchiver.internal.AbstractMavenArchiverConfigurator.mavenProjectChanged(AbstractMavenArchiverConfigurator.java:228)
	at org.eclipse.m2e.mavenarchiver.internal.AbstractMavenArchiverConfigurator.mavenProjectChanged(AbstractMavenArchiverConfigurator.java:220)
	at org.eclipse.m2e.core.internal.project.ProjectConfigurationManager.mavenProjectChanged(ProjectConfigurationManager.java:885)
	at org.eclipse.m2e.core.internal.project.registry.ProjectRegistryManager.notifyProjectChangeListeners(ProjectRegistryManager.java:892)
	at org.eclipse.m2e.core.internal.project.registry.ProjectRegistryManager.applyMutableProjectRegistry(ProjectRegistryManager.java:1042)
	at org.eclipse.m2e.core.internal.project.registry.ProjectRegistryManager.refresh(ProjectRegistryManager.java:324)
	at org.eclipse.m2e.core.internal.project.ProjectConfigurationManager.configureNewMavenProjects(ProjectConfigurationManager.java:256)
	at org.eclipse.m2e.core.internal.project.ProjectConfigurationManager.lambda$1(ProjectConfigurationManager.java:166)
	at org.eclipse.m2e.core.internal.embedder.MavenExecutionContext.executeBare(MavenExecutionContext.java:458)
	at org.eclipse.m2e.core.internal.embedder.MavenExecutionContext.execute(MavenExecutionContext.java:339)
	at org.eclipse.m2e.core.internal.embedder.MavenExecutionContext.execute(MavenExecutionContext.java:278)
	at org.eclipse.m2e.core.internal.project.ProjectConfigurationManager.importProjects(ProjectConfigurationManager.java:139)
	at org.eclipse.m2e.core.internal.project.ProjectConfigurationManager.importProjects(ProjectConfigurationManager.java:130)
	at org.springframework.ide.eclipse.boot.wizard.importing.MavenStrategy.createEclipseProjectFromExistingMavenProject(MavenStrategy.java:134)
	at org.springframework.ide.eclipse.boot.wizard.importing.MavenStrategy$MavenCodeSetImport.run(MavenStrategy.java:85)
	at org.springframework.ide.eclipse.boot.wizard.importing.MavenStrategy$MavenCodeSetImport.run(MavenStrategy.java:1)
	at org.springframework.ide.eclipse.boot.wizard.NewSpringBootWizardModel.importProject(NewSpringBootWizardModel.java:343)
	at org.springframework.ide.eclipse.boot.wizard.NewSpringBootWizardModel.performFinish(NewSpringBootWizardModel.java:322)
	at org.springframework.ide.eclipse.boot.wizard.NewSpringBootWizard$1.runInWorkspace(NewSpringBootWizard.java:239)
	at org.eclipse.core.internal.resources.InternalWorkspaceJob.run(InternalWorkspaceJob.java:43)
	at org.eclipse.core.internal.jobs.Worker.run(Worker.java:63)
Caused by: com.google.inject.OutOfScopeException: Cannot access Key[type=org.apache.maven.project.MavenProject, annotation=[none]] outside of a scoping block
	at org.apache.maven.execution.scope.internal.MojoExecutionScope$2.get(MojoExecutionScope.java:99)
	at com.google.inject.internal.InternalFactoryToProviderAdapter.get(InternalFactoryToProviderAdapter.java:45)
	at com.google.inject.internal.SingleParameterInjector.inject(SingleParameterInjector.java:40)
	at com.google.inject.internal.SingleParameterInjector.getAll(SingleParameterInjector.java:60)
	at com.google.inject.internal.ConstructorInjector.provision(ConstructorInjector.java:113)
	at com.google.inject.internal.ConstructorInjector.access$000(ConstructorInjector.java:33)
	at com.google.inject.internal.ConstructorInjector$1.call(ConstructorInjector.java:98)
	at com.google.inject.internal.ProvisionListenerStackCallback$Provision.provision(ProvisionListenerStackCallback.java:109)
	at com.google.inject.internal.ProvisionListenerStackCallback$Provision.provision(ProvisionListenerStackCallback.java:124)
	at com.google.inject.internal.ProvisionListenerStackCallback.provision(ProvisionListenerStackCallback.java:66)
	at com.google.inject.internal.ConstructorInjector.construct(ConstructorInjector.java:93)
	at com.google.inject.internal.ConstructorBindingImpl$Factory.get(ConstructorBindingImpl.java:300)
	at com.google.inject.internal.InjectorImpl$1.get(InjectorImpl.java:1101)
	... 45 common frames omitted
2026-09-13 17:13:15,969 [Worker-46: Import Getting Started Content] INFO  o.e.m.j.i.AbstractJavaProjectConfigurator - Adding source folder /flight-service/src/main/java
2026-09-13 17:13:15,979 [Worker-46: Import Getting Started Content] INFO  o.e.m.j.i.AbstractJavaProjectConfigurator - Adding resource folder /flight-service/src/main/resources
2026-09-13 17:13:15,985 [Worker-46: Import Getting Started Content] INFO  o.e.m.j.i.AbstractJavaProjectConfigurator - Adding resource folder /flight-service/src/main/resources
2026-09-13 17:13:16,001 [Worker-46: Import Getting Started Content] INFO  o.e.m.j.i.AbstractJavaProjectConfigurator - Adding source folder /flight-service/src/test/java
2026-09-13 17:13:16,005 [Worker-46: Import Getting Started Content] INFO  o.e.m.j.i.AbstractJavaProjectConfigurator - Adding resource folder /flight-service/src/test/resources
2026-09-13 17:13:18,220 [Worker-46: Import Getting Started Content] INFO  o.e.m.c.i.p.ProjectConfigurationManager - Imported and configured 1 project(s) in 7 sec
2026-09-13 17:13:18,222 [Worker-46: Import Getting Started Content] INFO  o.e.m.c.i.p.ProjectConfigurationManager - Update started
2026-09-13 17:13:19,254 [Worker-46: Import Getting Started Content] INFO  o.e.m.c.i.l.LifecycleMappingFactory - Using org.eclipse.m2e.jdt.JarLifecycleMapping lifecycle mapping for MavenProject: com.flightmanagement:flight-service:0.0.1-SNAPSHOT @ C:\Users\LMANTHIN\OneDrive - Capgemini\botp\FlightManagementSystem\flight-service\pom.xml.
2026-09-13 17:13:21,848 [Worker-46: Import Getting Started Content] WARN  Sisu - Error injecting: org.apache.maven.plugins.jar.JarMojo
com.google.inject.ProvisionException: Unable to provision, see the following errors:

1) [Guice/ErrorInCustomProvider]: OutOfScopeException: Cannot access Key[type=MavenProject, annotation=[none]] outside of a scoping block
  at MojoExecutionScopeModule.configure(MojoExecutionScopeModule.java:47)
      \_ installed by: WireModule -> MojoExecutionScopeModule
  at JarMojo.<init>(JarMojo.java:72)
      \_ for 1st parameter
  while locating JarMojo

Learn more:
  https://github.com/google/guice/wiki/ERROR_IN_CUSTOM_PROVIDER

1 error

======================
Full classname legend:
======================
JarMojo:                  "org.apache.maven.plugins.jar.JarMojo"
MavenProject:             "org.apache.maven.project.MavenProject"
MojoExecutionScopeModule: "org.apache.maven.execution.scope.internal.MojoExecutionScopeModule"
OutOfScopeException:      "com.google.inject.OutOfScopeException"
WireModule:               "org.eclipse.sisu.wire.WireModule"
========================
End of classname legend:
========================

	at com.google.inject.internal.InternalProvisionException.toProvisionException(InternalProvisionException.java:251)
	at com.google.inject.internal.InjectorImpl$1.get(InjectorImpl.java:1104)
	at com.google.inject.internal.InjectorImpl.getInstance(InjectorImpl.java:1139)
	at org.eclipse.sisu.space.AbstractDeferredClass.get(AbstractDeferredClass.java:50)
	at com.google.inject.internal.ProviderInternalFactory.provision(ProviderInternalFactory.java:86)
	at com.google.inject.internal.InternalFactoryToInitializableAdapter.provision(InternalFactoryToInitializableAdapter.java:57)
	at com.google.inject.internal.ProviderInternalFactory$1.call(ProviderInternalFactory.java:67)
	at com.google.inject.internal.ProvisionListenerStackCallback$Provision.provision(ProvisionListenerStackCallback.java:109)
	at com.google.inject.internal.ProvisionListenerStackCallback$Provision.provision(ProvisionListenerStackCallback.java:124)
	at com.google.inject.internal.ProvisionListenerStackCallback.provision(ProvisionListenerStackCallback.java:66)
	at com.google.inject.internal.ProviderInternalFactory.circularGet(ProviderInternalFactory.java:62)
	at com.google.inject.internal.InternalFactoryToInitializableAdapter.get(InternalFactoryToInitializableAdapter.java:47)
	at com.google.inject.internal.InjectorImpl$1.get(InjectorImpl.java:1101)
	at org.eclipse.sisu.inject.Guice4$2.get(Guice4.java:235)
	at org.eclipse.sisu.inject.LazyBeanEntry.getValue(LazyBeanEntry.java:83)
	at org.eclipse.sisu.plexus.LazyPlexusBean.getValue(LazyPlexusBean.java:53)
	at org.codehaus.plexus.DefaultPlexusContainer.lookup(DefaultPlexusContainer.java:265)
	at org.codehaus.plexus.DefaultPlexusContainer.lookup(DefaultPlexusContainer.java:257)
	at org.apache.maven.plugin.internal.DefaultMavenPluginManager.getConfiguredMojo(DefaultMavenPluginManager.java:491)
	at org.eclipse.m2e.core.internal.embedder.MavenImpl.getConfiguredMojo(MavenImpl.java:206)
	at org.eclipse.m2e.mavenarchiver.internal.AbstractMavenArchiverConfigurator.reflectManifestGeneration(AbstractMavenArchiverConfigurator.java:439)
	at org.eclipse.m2e.mavenarchiver.internal.AbstractMavenArchiverConfigurator.lambda$3(AbstractMavenArchiverConfigurator.java:398)
	at org.eclipse.m2e.core.internal.embedder.MavenExecutionContext.executeBare(MavenExecutionContext.java:458)
	at org.eclipse.m2e.core.internal.embedder.MavenExecutionContext.execute(MavenExecutionContext.java:339)
	at org.eclipse.m2e.core.internal.embedder.MavenExecutionContext.execute(MavenExecutionContext.java:278)
	at org.eclipse.m2e.mavenarchiver.internal.AbstractMavenArchiverConfigurator.generateManifest(AbstractMavenArchiverConfigurator.java:371)
	at org.eclipse.m2e.mavenarchiver.internal.AbstractMavenArchiverConfigurator.mavenProjectChanged(AbstractMavenArchiverConfigurator.java:228)
	at org.eclipse.m2e.mavenarchiver.internal.AbstractMavenArchiverConfigurator.mavenProjectChanged(AbstractMavenArchiverConfigurator.java:220)
	at org.eclipse.m2e.core.internal.project.ProjectConfigurationManager.mavenProjectChanged(ProjectConfigurationManager.java:885)
	at org.eclipse.m2e.core.internal.project.registry.ProjectRegistryManager.notifyProjectChangeListeners(ProjectRegistryManager.java:892)
	at org.eclipse.m2e.core.internal.project.registry.ProjectRegistryManager.applyMutableProjectRegistry(ProjectRegistryManager.java:1042)
	at org.eclipse.m2e.core.internal.project.registry.ProjectRegistryManager.refresh(ProjectRegistryManager.java:324)
	at org.eclipse.m2e.core.internal.project.ProjectConfigurationManager.updateProjectConfiguration0(ProjectConfigurationManager.java:388)
	at org.eclipse.m2e.core.internal.project.ProjectConfigurationManager.lambda$3(ProjectConfigurationManager.java:340)
	at org.eclipse.m2e.core.internal.embedder.MavenExecutionContext.executeBare(MavenExecutionContext.java:458)
	at org.eclipse.m2e.core.internal.embedder.MavenExecutionContext.execute(MavenExecutionContext.java:339)
	at org.eclipse.m2e.core.internal.embedder.MavenExecutionContext.execute(MavenExecutionContext.java:278)
	at org.eclipse.m2e.core.internal.embedder.MavenImpl.execute(MavenImpl.java:1053)
	at org.eclipse.m2e.core.internal.project.ProjectConfigurationManager.updateProjectConfiguration(ProjectConfigurationManager.java:339)
	at org.eclipse.m2e.core.internal.project.ProjectConfigurationManager.updateProjectConfiguration(ProjectConfigurationManager.java:326)
	at org.eclipse.m2e.core.internal.project.ProjectConfigurationManager.updateProjectConfiguration(ProjectConfigurationManager.java:308)
	at org.eclipse.m2e.core.internal.project.ProjectConfigurationManager.updateProjectConfiguration(ProjectConfigurationManager.java:296)
	at org.springframework.ide.eclipse.boot.wizard.importing.MavenStrategy.createEclipseProjectFromExistingMavenProject(MavenStrategy.java:139)
	at org.springframework.ide.eclipse.boot.wizard.importing.MavenStrategy$MavenCodeSetImport.run(MavenStrategy.java:85)
	at org.springframework.ide.eclipse.boot.wizard.importing.MavenStrategy$MavenCodeSetImport.run(MavenStrategy.java:1)
	at org.springframework.ide.eclipse.boot.wizard.NewSpringBootWizardModel.importProject(NewSpringBootWizardModel.java:343)
	at org.springframework.ide.eclipse.boot.wizard.NewSpringBootWizardModel.performFinish(NewSpringBootWizardModel.java:322)
	at org.springframework.ide.eclipse.boot.wizard.NewSpringBootWizard$1.runInWorkspace(NewSpringBootWizard.java:239)
	at org.eclipse.core.internal.resources.InternalWorkspaceJob.run(InternalWorkspaceJob.java:43)
	at org.eclipse.core.internal.jobs.Worker.run(Worker.java:63)
Caused by: com.google.inject.OutOfScopeException: Cannot access Key[type=org.apache.maven.project.MavenProject, annotation=[none]] outside of a scoping block
	at org.apache.maven.execution.scope.internal.MojoExecutionScope$2.get(MojoExecutionScope.java:99)
	at com.google.inject.internal.InternalFactoryToProviderAdapter.get(InternalFactoryToProviderAdapter.java:45)
	at com.google.inject.internal.SingleParameterInjector.inject(SingleParameterInjector.java:40)
	at com.google.inject.internal.SingleParameterInjector.getAll(SingleParameterInjector.java:60)
	at com.google.inject.internal.ConstructorInjector.provision(ConstructorInjector.java:113)
	at com.google.inject.internal.ConstructorInjector.access$000(ConstructorInjector.java:33)
	at com.google.inject.internal.ConstructorInjector$1.call(ConstructorInjector.java:98)
	at com.google.inject.internal.ProvisionListenerStackCallback$Provision.provision(ProvisionListenerStackCallback.java:109)
	at com.google.inject.internal.ProvisionListenerStackCallback$Provision.provision(ProvisionListenerStackCallback.java:124)
	at com.google.inject.internal.ProvisionListenerStackCallback.provision(ProvisionListenerStackCallback.java:66)
	at com.google.inject.internal.ConstructorInjector.construct(ConstructorInjector.java:93)
	at com.google.inject.internal.ConstructorBindingImpl$Factory.get(ConstructorBindingImpl.java:300)
	at com.google.inject.internal.InjectorImpl$1.get(InjectorImpl.java:1101)
	... 48 common frames omitted
2026-09-13 17:13:23,400 [Worker-46: Import Getting Started Content] INFO  o.e.m.j.i.AbstractJavaProjectConfigurator - Adding source folder /flight-service/src/main/java
2026-09-13 17:13:23,402 [Worker-46: Import Getting Started Content] INFO  o.e.m.j.i.AbstractJavaProjectConfigurator - Adding resource folder /flight-service/src/main/resources
2026-09-13 17:13:23,404 [Worker-46: Import Getting Started Content] INFO  o.e.m.j.i.AbstractJavaProjectConfigurator - Adding resource folder /flight-service/src/main/resources
2026-09-13 17:13:23,404 [Worker-46: Import Getting Started Content] INFO  o.e.m.j.i.AbstractJavaProjectConfigurator - Adding source folder /flight-service/src/test/java
2026-09-13 17:13:23,406 [Worker-46: Import Getting Started Content] INFO  o.e.m.j.i.AbstractJavaProjectConfigurator - Adding resource folder /flight-service/src/test/resources
2026-09-13 17:13:25,036 [Worker-46: Import Getting Started Content] INFO  o.e.m.c.i.p.ProjectConfigurationManager - Update completed for 1 poms: local refresh takes 0.00 sec, refresh facades takes 5.00 sec, update config takes 1.00 sec 
2026-09-13 17:13:25,744 [Worker-46: Building] INFO  o.a.m.s.f.DefaultMavenResourcesFiltering - Copying 1 resource from src\main\resources to target\classes
2026-09-13 17:13:25,759 [Worker-46: Building] INFO  o.a.m.s.f.DefaultMavenResourcesFiltering - Copying 0 resource from src\main\resources to target\classes
2026-09-13 17:13:25,764 [Worker-46: Building] INFO  o.a.m.s.f.DefaultMavenResourcesFiltering - skip non existing resourceDirectory C:\Users\LMANTHIN\OneDrive - Capgemini\botp\FlightManagementSystem\flight-service\src\test\resources
2026-09-13 17:13:25,800 [Worker-46: Building] WARN  Sisu - Error injecting: org.apache.maven.plugins.jar.JarMojo
com.google.inject.ProvisionException: Unable to provision, see the following errors:

1) [Guice/ErrorInCustomProvider]: OutOfScopeException: Cannot access Key[type=MavenProject, annotation=[none]] outside of a scoping block
  at MojoExecutionScopeModule.configure(MojoExecutionScopeModule.java:47)
      \_ installed by: WireModule -> MojoExecutionScopeModule
  at JarMojo.<init>(JarMojo.java:72)
      \_ for 1st parameter
  while locating JarMojo

Learn more:
  https://github.com/google/guice/wiki/ERROR_IN_CUSTOM_PROVIDER

1 error

======================
Full classname legend:
======================
JarMojo:                  "org.apache.maven.plugins.jar.JarMojo"
MavenProject:             "org.apache.maven.project.MavenProject"
MojoExecutionScopeModule: "org.apache.maven.execution.scope.internal.MojoExecutionScopeModule"
OutOfScopeException:      "com.google.inject.OutOfScopeException"
WireModule:               "org.eclipse.sisu.wire.WireModule"
========================
End of classname legend:
========================

	at com.google.inject.internal.InternalProvisionException.toProvisionException(InternalProvisionException.java:251)
	at com.google.inject.internal.InjectorImpl$1.get(InjectorImpl.java:1104)
	at com.google.inject.internal.InjectorImpl.getInstance(InjectorImpl.java:1139)
	at org.eclipse.sisu.space.AbstractDeferredClass.get(AbstractDeferredClass.java:50)
	at com.google.inject.internal.ProviderInternalFactory.provision(ProviderInternalFactory.java:86)
	at com.google.inject.internal.InternalFactoryToInitializableAdapter.provision(InternalFactoryToInitializableAdapter.java:57)
	at com.google.inject.internal.ProviderInternalFactory$1.call(ProviderInternalFactory.java:67)
	at com.google.inject.internal.ProvisionListenerStackCallback$Provision.provision(ProvisionListenerStackCallback.java:109)
	at com.google.inject.internal.ProvisionListenerStackCallback$Provision.provision(ProvisionListenerStackCallback.java:124)
	at com.google.inject.internal.ProvisionListenerStackCallback.provision(ProvisionListenerStackCallback.java:66)
	at com.google.inject.internal.ProviderInternalFactory.circularGet(ProviderInternalFactory.java:62)
	at com.google.inject.internal.InternalFactoryToInitializableAdapter.get(InternalFactoryToInitializableAdapter.java:47)
	at com.google.inject.internal.InjectorImpl$1.get(InjectorImpl.java:1101)
	at org.eclipse.sisu.inject.Guice4$2.get(Guice4.java:235)
	at org.eclipse.sisu.inject.LazyBeanEntry.getValue(LazyBeanEntry.java:83)
	at org.eclipse.sisu.plexus.LazyPlexusBean.getValue(LazyPlexusBean.java:53)
	at org.codehaus.plexus.DefaultPlexusContainer.lookup(DefaultPlexusContainer.java:265)
	at org.codehaus.plexus.DefaultPlexusContainer.lookup(DefaultPlexusContainer.java:257)
	at org.apache.maven.plugin.internal.DefaultMavenPluginManager.getConfiguredMojo(DefaultMavenPluginManager.java:491)
	at org.eclipse.m2e.core.internal.embedder.MavenImpl.getConfiguredMojo(MavenImpl.java:206)
	at org.eclipse.m2e.mavenarchiver.internal.AbstractMavenArchiverConfigurator.reflectManifestGeneration(AbstractMavenArchiverConfigurator.java:439)
	at org.eclipse.m2e.mavenarchiver.internal.AbstractMavenArchiverConfigurator.lambda$3(AbstractMavenArchiverConfigurator.java:398)
	at org.eclipse.m2e.core.internal.embedder.MavenExecutionContext.executeBare(MavenExecutionContext.java:458)
	at org.eclipse.m2e.core.internal.embedder.MavenExecutionContext.execute(MavenExecutionContext.java:339)
	at org.eclipse.m2e.core.internal.embedder.MavenExecutionContext.execute(MavenExecutionContext.java:278)
	at org.eclipse.m2e.mavenarchiver.internal.AbstractMavenArchiverConfigurator.generateManifest(AbstractMavenArchiverConfigurator.java:371)
	at org.eclipse.m2e.mavenarchiver.internal.AbstractMavenArchiverConfigurator.mavenProjectChanged(AbstractMavenArchiverConfigurator.java:228)
	at org.eclipse.m2e.mavenarchiver.internal.AbstractMavenArchiverConfigurator$1.build(AbstractMavenArchiverConfigurator.java:178)
	at org.eclipse.m2e.core.internal.builder.MavenBuilderImpl.lambda$2(MavenBuilderImpl.java:159)
	at java.base/java.util.LinkedHashMap.forEach(LinkedHashMap.java:986)
	at org.eclipse.m2e.core.internal.builder.MavenBuilderImpl.build(MavenBuilderImpl.java:139)
	at org.eclipse.m2e.core.internal.builder.MavenBuilder$1.method(MavenBuilder.java:164)
	at org.eclipse.m2e.core.internal.builder.MavenBuilder$1.method(MavenBuilder.java:1)
	at org.eclipse.m2e.core.internal.builder.MavenBuilder$BuildMethod.lambda$1(MavenBuilder.java:109)
	at org.eclipse.m2e.core.internal.embedder.MavenExecutionContext.executeBare(MavenExecutionContext.java:458)
	at org.eclipse.m2e.core.internal.embedder.MavenExecutionContext.execute(MavenExecutionContext.java:292)
	at org.eclipse.m2e.core.internal.builder.MavenBuilder$BuildMethod.lambda$0(MavenBuilder.java:100)
	at org.eclipse.m2e.core.internal.embedder.MavenExecutionContext.executeBare(MavenExecutionContext.java:458)
	at org.eclipse.m2e.core.internal.embedder.MavenExecutionContext.execute(MavenExecutionContext.java:339)
	at org.eclipse.m2e.core.internal.embedder.MavenExecutionContext.execute(MavenExecutionContext.java:278)
	at org.eclipse.m2e.core.internal.builder.MavenBuilder$BuildMethod.execute(MavenBuilder.java:83)
	at org.eclipse.m2e.core.internal.builder.MavenBuilder.build(MavenBuilder.java:192)
	at org.eclipse.core.internal.events.BuildManager$2.run(BuildManager.java:1077)
	at org.eclipse.core.runtime.SafeRunner.run(SafeRunner.java:47)
	at org.eclipse.core.internal.events.BuildManager.basicBuild(BuildManager.java:296)
	at org.eclipse.core.internal.events.BuildManager.basicBuild(BuildManager.java:352)
	at org.eclipse.core.internal.events.BuildManager$1.run(BuildManager.java:441)
	at org.eclipse.core.runtime.SafeRunner.run(SafeRunner.java:47)
	at org.eclipse.core.internal.events.BuildManager.basicBuild(BuildManager.java:444)
	at org.eclipse.core.internal.events.BuildManager.basicBuildLoop(BuildManager.java:555)
	at org.eclipse.core.internal.events.BuildManager.basicBuildLoop(BuildManager.java:503)
	at org.eclipse.core.internal.events.BuildManager.build(BuildManager.java:585)
	at org.eclipse.core.internal.events.AutoBuildJob.doBuild(AutoBuildJob.java:207)
	at org.eclipse.core.internal.events.AutoBuildJob.run(AutoBuildJob.java:300)
	at org.eclipse.core.internal.jobs.Worker.run(Worker.java:63)
Caused by: com.google.inject.OutOfScopeException: Cannot access Key[type=org.apache.maven.project.MavenProject, annotation=[none]] outside of a scoping block
	at org.apache.maven.execution.scope.internal.MojoExecutionScope$2.get(MojoExecutionScope.java:99)
	at com.google.inject.internal.InternalFactoryToProviderAdapter.get(InternalFactoryToProviderAdapter.java:45)
	at com.google.inject.internal.SingleParameterInjector.inject(SingleParameterInjector.java:40)
	at com.google.inject.internal.SingleParameterInjector.getAll(SingleParameterInjector.java:60)
	at com.google.inject.internal.ConstructorInjector.provision(ConstructorInjector.java:113)
	at com.google.inject.internal.ConstructorInjector.access$000(ConstructorInjector.java:33)
	at com.google.inject.internal.ConstructorInjector$1.call(ConstructorInjector.java:98)
	at com.google.inject.internal.ProvisionListenerStackCallback$Provision.provision(ProvisionListenerStackCallback.java:109)
	at com.google.inject.internal.ProvisionListenerStackCallback$Provision.provision(ProvisionListenerStackCallback.java:124)
	at com.google.inject.internal.ProvisionListenerStackCallback.provision(ProvisionListenerStackCallback.java:66)
	at com.google.inject.internal.ConstructorInjector.construct(ConstructorInjector.java:93)
	at com.google.inject.internal.ConstructorBindingImpl$Factory.get(ConstructorBindingImpl.java:300)
	at com.google.inject.internal.InjectorImpl$1.get(InjectorImpl.java:1101)
	... 53 common frames omitted
2026-09-13 17:15:10,278 [Worker-46: Import Getting Started Content] INFO  o.e.m.c.i.l.LifecycleMappingFactory - Using org.eclipse.m2e.jdt.JarLifecycleMapping lifecycle mapping for MavenProject: com.flightmanagement:booking-service:0.0.1-SNAPSHOT @ C:\Users\LMANTHIN\OneDrive - Capgemini\botp\FlightManagementSystem\booking-service\pom.xml.
2026-09-13 17:15:12,529 [Worker-46: Import Getting Started Content] WARN  Sisu - Error injecting: org.apache.maven.plugins.jar.JarMojo
com.google.inject.ProvisionException: Unable to provision, see the following errors:

1) [Guice/ErrorInCustomProvider]: OutOfScopeException: Cannot access Key[type=MavenProject, annotation=[none]] outside of a scoping block
  at MojoExecutionScopeModule.configure(MojoExecutionScopeModule.java:47)
      \_ installed by: WireModule -> MojoExecutionScopeModule
  at JarMojo.<init>(JarMojo.java:72)
      \_ for 1st parameter
  while locating JarMojo

Learn more:
  https://github.com/google/guice/wiki/ERROR_IN_CUSTOM_PROVIDER

1 error

======================
Full classname legend:
======================
JarMojo:                  "org.apache.maven.plugins.jar.JarMojo"
MavenProject:             "org.apache.maven.project.MavenProject"
MojoExecutionScopeModule: "org.apache.maven.execution.scope.internal.MojoExecutionScopeModule"
OutOfScopeException:      "com.google.inject.OutOfScopeException"
WireModule:               "org.eclipse.sisu.wire.WireModule"
========================
End of classname legend:
========================

	at com.google.inject.internal.InternalProvisionException.toProvisionException(InternalProvisionException.java:251)
	at com.google.inject.internal.InjectorImpl$1.get(InjectorImpl.java:1104)
	at com.google.inject.internal.InjectorImpl.getInstance(InjectorImpl.java:1139)
	at org.eclipse.sisu.space.AbstractDeferredClass.get(AbstractDeferredClass.java:50)
	at com.google.inject.internal.ProviderInternalFactory.provision(ProviderInternalFactory.java:86)
	at com.google.inject.internal.InternalFactoryToInitializableAdapter.provision(InternalFactoryToInitializableAdapter.java:57)
	at com.google.inject.internal.ProviderInternalFactory$1.call(ProviderInternalFactory.java:67)
	at com.google.inject.internal.ProvisionListenerStackCallback$Provision.provision(ProvisionListenerStackCallback.java:109)
	at com.google.inject.internal.ProvisionListenerStackCallback$Provision.provision(ProvisionListenerStackCallback.java:124)
	at com.google.inject.internal.ProvisionListenerStackCallback.provision(ProvisionListenerStackCallback.java:66)
	at com.google.inject.internal.ProviderInternalFactory.circularGet(ProviderInternalFactory.java:62)
	at com.google.inject.internal.InternalFactoryToInitializableAdapter.get(InternalFactoryToInitializableAdapter.java:47)
	at com.google.inject.internal.InjectorImpl$1.get(InjectorImpl.java:1101)
	at org.eclipse.sisu.inject.Guice4$2.get(Guice4.java:235)
	at org.eclipse.sisu.inject.LazyBeanEntry.getValue(LazyBeanEntry.java:83)
	at org.eclipse.sisu.plexus.LazyPlexusBean.getValue(LazyPlexusBean.java:53)
	at org.codehaus.plexus.DefaultPlexusContainer.lookup(DefaultPlexusContainer.java:265)
	at org.codehaus.plexus.DefaultPlexusContainer.lookup(DefaultPlexusContainer.java:257)
	at org.apache.maven.plugin.internal.DefaultMavenPluginManager.getConfiguredMojo(DefaultMavenPluginManager.java:491)
	at org.eclipse.m2e.core.internal.embedder.MavenImpl.getConfiguredMojo(MavenImpl.java:206)
	at org.eclipse.m2e.mavenarchiver.internal.AbstractMavenArchiverConfigurator.reflectManifestGeneration(AbstractMavenArchiverConfigurator.java:439)
	at org.eclipse.m2e.mavenarchiver.internal.AbstractMavenArchiverConfigurator.lambda$3(AbstractMavenArchiverConfigurator.java:398)
	at org.eclipse.m2e.core.internal.embedder.MavenExecutionContext.executeBare(MavenExecutionContext.java:458)
	at org.eclipse.m2e.core.internal.embedder.MavenExecutionContext.execute(MavenExecutionContext.java:339)
	at org.eclipse.m2e.core.internal.embedder.MavenExecutionContext.execute(MavenExecutionContext.java:278)
	at org.eclipse.m2e.mavenarchiver.internal.AbstractMavenArchiverConfigurator.generateManifest(AbstractMavenArchiverConfigurator.java:371)
	at org.eclipse.m2e.mavenarchiver.internal.AbstractMavenArchiverConfigurator.mavenProjectChanged(AbstractMavenArchiverConfigurator.java:228)
	at org.eclipse.m2e.mavenarchiver.internal.AbstractMavenArchiverConfigurator.mavenProjectChanged(AbstractMavenArchiverConfigurator.java:220)
	at org.eclipse.m2e.core.internal.project.ProjectConfigurationManager.mavenProjectChanged(ProjectConfigurationManager.java:885)
	at org.eclipse.m2e.core.internal.project.registry.ProjectRegistryManager.notifyProjectChangeListeners(ProjectRegistryManager.java:892)
	at org.eclipse.m2e.core.internal.project.registry.ProjectRegistryManager.applyMutableProjectRegistry(ProjectRegistryManager.java:1042)
	at org.eclipse.m2e.core.internal.project.registry.ProjectRegistryManager.refresh(ProjectRegistryManager.java:324)
	at org.eclipse.m2e.core.internal.project.ProjectConfigurationManager.configureNewMavenProjects(ProjectConfigurationManager.java:256)
	at org.eclipse.m2e.core.internal.project.ProjectConfigurationManager.lambda$1(ProjectConfigurationManager.java:166)
	at org.eclipse.m2e.core.internal.embedder.MavenExecutionContext.executeBare(MavenExecutionContext.java:458)
	at org.eclipse.m2e.core.internal.embedder.MavenExecutionContext.execute(MavenExecutionContext.java:339)
	at org.eclipse.m2e.core.internal.embedder.MavenExecutionContext.execute(MavenExecutionContext.java:278)
	at org.eclipse.m2e.core.internal.project.ProjectConfigurationManager.importProjects(ProjectConfigurationManager.java:139)
	at org.eclipse.m2e.core.internal.project.ProjectConfigurationManager.importProjects(ProjectConfigurationManager.java:130)
	at org.springframework.ide.eclipse.boot.wizard.importing.MavenStrategy.createEclipseProjectFromExistingMavenProject(MavenStrategy.java:134)
	at org.springframework.ide.eclipse.boot.wizard.importing.MavenStrategy$MavenCodeSetImport.run(MavenStrategy.java:85)
	at org.springframework.ide.eclipse.boot.wizard.importing.MavenStrategy$MavenCodeSetImport.run(MavenStrategy.java:1)
	at org.springframework.ide.eclipse.boot.wizard.NewSpringBootWizardModel.importProject(NewSpringBootWizardModel.java:343)
	at org.springframework.ide.eclipse.boot.wizard.NewSpringBootWizardModel.performFinish(NewSpringBootWizardModel.java:322)
	at org.springframework.ide.eclipse.boot.wizard.NewSpringBootWizard$1.runInWorkspace(NewSpringBootWizard.java:239)
	at org.eclipse.core.internal.resources.InternalWorkspaceJob.run(InternalWorkspaceJob.java:43)
	at org.eclipse.core.internal.jobs.Worker.run(Worker.java:63)
Caused by: com.google.inject.OutOfScopeException: Cannot access Key[type=org.apache.maven.project.MavenProject, annotation=[none]] outside of a scoping block
	at org.apache.maven.execution.scope.internal.MojoExecutionScope$2.get(MojoExecutionScope.java:99)
	at com.google.inject.internal.InternalFactoryToProviderAdapter.get(InternalFactoryToProviderAdapter.java:45)
	at com.google.inject.internal.SingleParameterInjector.inject(SingleParameterInjector.java:40)
	at com.google.inject.internal.SingleParameterInjector.getAll(SingleParameterInjector.java:60)
	at com.google.inject.internal.ConstructorInjector.provision(ConstructorInjector.java:113)
	at com.google.inject.internal.ConstructorInjector.access$000(ConstructorInjector.java:33)
	at com.google.inject.internal.ConstructorInjector$1.call(ConstructorInjector.java:98)
	at com.google.inject.internal.ProvisionListenerStackCallback$Provision.provision(ProvisionListenerStackCallback.java:109)
	at com.google.inject.internal.ProvisionListenerStackCallback$Provision.provision(ProvisionListenerStackCallback.java:124)
	at com.google.inject.internal.ProvisionListenerStackCallback.provision(ProvisionListenerStackCallback.java:66)
	at com.google.inject.internal.ConstructorInjector.construct(ConstructorInjector.java:93)
	at com.google.inject.internal.ConstructorBindingImpl$Factory.get(ConstructorBindingImpl.java:300)
	at com.google.inject.internal.InjectorImpl$1.get(InjectorImpl.java:1101)
	... 45 common frames omitted
2026-09-13 17:15:14,021 [Worker-46: Import Getting Started Content] INFO  o.e.m.j.i.AbstractJavaProjectConfigurator - Adding source folder /booking-service/src/main/java
2026-09-13 17:15:14,021 [Worker-46: Import Getting Started Content] INFO  o.e.m.j.i.AbstractJavaProjectConfigurator - Adding resource folder /booking-service/src/main/resources
2026-09-13 17:15:14,029 [Worker-46: Import Getting Started Content] INFO  o.e.m.j.i.AbstractJavaProjectConfigurator - Adding resource folder /booking-service/src/main/resources
2026-09-13 17:15:14,038 [Worker-46: Import Getting Started Content] INFO  o.e.m.j.i.AbstractJavaProjectConfigurator - Adding source folder /booking-service/src/test/java
2026-09-13 17:15:14,046 [Worker-46: Import Getting Started Content] INFO  o.e.m.j.i.AbstractJavaProjectConfigurator - Adding resource folder /booking-service/src/test/resources
2026-09-13 17:15:16,379 [Worker-46: Import Getting Started Content] INFO  o.e.m.c.i.p.ProjectConfigurationManager - Imported and configured 1 project(s) in 6 sec
2026-09-13 17:15:16,386 [Worker-46: Import Getting Started Content] INFO  o.e.m.c.i.p.ProjectConfigurationManager - Update started
2026-09-13 17:15:17,434 [Worker-46: Import Getting Started Content] INFO  o.e.m.c.i.l.LifecycleMappingFactory - Using org.eclipse.m2e.jdt.JarLifecycleMapping lifecycle mapping for MavenProject: com.flightmanagement:booking-service:0.0.1-SNAPSHOT @ C:\Users\LMANTHIN\OneDrive - Capgemini\botp\FlightManagementSystem\booking-service\pom.xml.
2026-09-13 17:15:19,760 [Worker-46: Import Getting Started Content] WARN  Sisu - Error injecting: org.apache.maven.plugins.jar.JarMojo
com.google.inject.ProvisionException: Unable to provision, see the following errors:

1) [Guice/ErrorInCustomProvider]: OutOfScopeException: Cannot access Key[type=MavenProject, annotation=[none]] outside of a scoping block
  at MojoExecutionScopeModule.configure(MojoExecutionScopeModule.java:47)
      \_ installed by: WireModule -> MojoExecutionScopeModule
  at JarMojo.<init>(JarMojo.java:72)
      \_ for 1st parameter
  while locating JarMojo

Learn more:
  https://github.com/google/guice/wiki/ERROR_IN_CUSTOM_PROVIDER

1 error

======================
Full classname legend:
======================
JarMojo:                  "org.apache.maven.plugins.jar.JarMojo"
MavenProject:             "org.apache.maven.project.MavenProject"
MojoExecutionScopeModule: "org.apache.maven.execution.scope.internal.MojoExecutionScopeModule"
OutOfScopeException:      "com.google.inject.OutOfScopeException"
WireModule:               "org.eclipse.sisu.wire.WireModule"
========================
End of classname legend:
========================

	at com.google.inject.internal.InternalProvisionException.toProvisionException(InternalProvisionException.java:251)
	at com.google.inject.internal.InjectorImpl$1.get(InjectorImpl.java:1104)
	at com.google.inject.internal.InjectorImpl.getInstance(InjectorImpl.java:1139)
	at org.eclipse.sisu.space.AbstractDeferredClass.get(AbstractDeferredClass.java:50)
	at com.google.inject.internal.ProviderInternalFactory.provision(ProviderInternalFactory.java:86)
	at com.google.inject.internal.InternalFactoryToInitializableAdapter.provision(InternalFactoryToInitializableAdapter.java:57)
	at com.google.inject.internal.ProviderInternalFactory$1.call(ProviderInternalFactory.java:67)
	at com.google.inject.internal.ProvisionListenerStackCallback$Provision.provision(ProvisionListenerStackCallback.java:109)
	at com.google.inject.internal.ProvisionListenerStackCallback$Provision.provision(ProvisionListenerStackCallback.java:124)
	at com.google.inject.internal.ProvisionListenerStackCallback.provision(ProvisionListenerStackCallback.java:66)
	at com.google.inject.internal.ProviderInternalFactory.circularGet(ProviderInternalFactory.java:62)
	at com.google.inject.internal.InternalFactoryToInitializableAdapter.get(InternalFactoryToInitializableAdapter.java:47)
	at com.google.inject.internal.InjectorImpl$1.get(InjectorImpl.java:1101)
	at org.eclipse.sisu.inject.Guice4$2.get(Guice4.java:235)
	at org.eclipse.sisu.inject.LazyBeanEntry.getValue(LazyBeanEntry.java:83)
	at org.eclipse.sisu.plexus.LazyPlexusBean.getValue(LazyPlexusBean.java:53)
	at org.codehaus.plexus.DefaultPlexusContainer.lookup(DefaultPlexusContainer.java:265)
	at org.codehaus.plexus.DefaultPlexusContainer.lookup(DefaultPlexusContainer.java:257)
	at org.apache.maven.plugin.internal.DefaultMavenPluginManager.getConfiguredMojo(DefaultMavenPluginManager.java:491)
	at org.eclipse.m2e.core.internal.embedder.MavenImpl.getConfiguredMojo(MavenImpl.java:206)
	at org.eclipse.m2e.mavenarchiver.internal.AbstractMavenArchiverConfigurator.reflectManifestGeneration(AbstractMavenArchiverConfigurator.java:439)
	at org.eclipse.m2e.mavenarchiver.internal.AbstractMavenArchiverConfigurator.lambda$3(AbstractMavenArchiverConfigurator.java:398)
	at org.eclipse.m2e.core.internal.embedder.MavenExecutionContext.executeBare(MavenExecutionContext.java:458)
	at org.eclipse.m2e.core.internal.embedder.MavenExecutionContext.execute(MavenExecutionContext.java:339)
	at org.eclipse.m2e.core.internal.embedder.MavenExecutionContext.execute(MavenExecutionContext.java:278)
	at org.eclipse.m2e.mavenarchiver.internal.AbstractMavenArchiverConfigurator.generateManifest(AbstractMavenArchiverConfigurator.java:371)
	at org.eclipse.m2e.mavenarchiver.internal.AbstractMavenArchiverConfigurator.mavenProjectChanged(AbstractMavenArchiverConfigurator.java:228)
	at org.eclipse.m2e.mavenarchiver.internal.AbstractMavenArchiverConfigurator.mavenProjectChanged(AbstractMavenArchiverConfigurator.java:220)
	at org.eclipse.m2e.core.internal.project.ProjectConfigurationManager.mavenProjectChanged(ProjectConfigurationManager.java:885)
	at org.eclipse.m2e.core.internal.project.registry.ProjectRegistryManager.notifyProjectChangeListeners(ProjectRegistryManager.java:892)
	at org.eclipse.m2e.core.internal.project.registry.ProjectRegistryManager.applyMutableProjectRegistry(ProjectRegistryManager.java:1042)
	at org.eclipse.m2e.core.internal.project.registry.ProjectRegistryManager.refresh(ProjectRegistryManager.java:324)
	at org.eclipse.m2e.core.internal.project.ProjectConfigurationManager.updateProjectConfiguration0(ProjectConfigurationManager.java:388)
	at org.eclipse.m2e.core.internal.project.ProjectConfigurationManager.lambda$3(ProjectConfigurationManager.java:340)
	at org.eclipse.m2e.core.internal.embedder.MavenExecutionContext.executeBare(MavenExecutionContext.java:458)
	at org.eclipse.m2e.core.internal.embedder.MavenExecutionContext.execute(MavenExecutionContext.java:339)
	at org.eclipse.m2e.core.internal.embedder.MavenExecutionContext.execute(MavenExecutionContext.java:278)
	at org.eclipse.m2e.core.internal.embedder.MavenImpl.execute(MavenImpl.java:1053)
	at org.eclipse.m2e.core.internal.project.ProjectConfigurationManager.updateProjectConfiguration(ProjectConfigurationManager.java:339)
	at org.eclipse.m2e.core.internal.project.ProjectConfigurationManager.updateProjectConfiguration(ProjectConfigurationManager.java:326)
	at org.eclipse.m2e.core.internal.project.ProjectConfigurationManager.updateProjectConfiguration(ProjectConfigurationManager.java:308)
	at org.eclipse.m2e.core.internal.project.ProjectConfigurationManager.updateProjectConfiguration(ProjectConfigurationManager.java:296)
	at org.springframework.ide.eclipse.boot.wizard.importing.MavenStrategy.createEclipseProjectFromExistingMavenProject(MavenStrategy.java:139)
	at org.springframework.ide.eclipse.boot.wizard.importing.MavenStrategy$MavenCodeSetImport.run(MavenStrategy.java:85)
	at org.springframework.ide.eclipse.boot.wizard.importing.MavenStrategy$MavenCodeSetImport.run(MavenStrategy.java:1)
	at org.springframework.ide.eclipse.boot.wizard.NewSpringBootWizardModel.importProject(NewSpringBootWizardModel.java:343)
	at org.springframework.ide.eclipse.boot.wizard.NewSpringBootWizardModel.performFinish(NewSpringBootWizardModel.java:322)
	at org.springframework.ide.eclipse.boot.wizard.NewSpringBootWizard$1.runInWorkspace(NewSpringBootWizard.java:239)
	at org.eclipse.core.internal.resources.InternalWorkspaceJob.run(InternalWorkspaceJob.java:43)
	at org.eclipse.core.internal.jobs.Worker.run(Worker.java:63)
Caused by: com.google.inject.OutOfScopeException: Cannot access Key[type=org.apache.maven.project.MavenProject, annotation=[none]] outside of a scoping block
	at org.apache.maven.execution.scope.internal.MojoExecutionScope$2.get(MojoExecutionScope.java:99)
	at com.google.inject.internal.InternalFactoryToProviderAdapter.get(InternalFactoryToProviderAdapter.java:45)
	at com.google.inject.internal.SingleParameterInjector.inject(SingleParameterInjector.java:40)
	at com.google.inject.internal.SingleParameterInjector.getAll(SingleParameterInjector.java:60)
	at com.google.inject.internal.ConstructorInjector.provision(ConstructorInjector.java:113)
	at com.google.inject.internal.ConstructorInjector.access$000(ConstructorInjector.java:33)
	at com.google.inject.internal.ConstructorInjector$1.call(ConstructorInjector.java:98)
	at com.google.inject.internal.ProvisionListenerStackCallback$Provision.provision(ProvisionListenerStackCallback.java:109)
	at com.google.inject.internal.ProvisionListenerStackCallback$Provision.provision(ProvisionListenerStackCallback.java:124)
	at com.google.inject.internal.ProvisionListenerStackCallback.provision(ProvisionListenerStackCallback.java:66)
	at com.google.inject.internal.ConstructorInjector.construct(ConstructorInjector.java:93)
	at com.google.inject.internal.ConstructorBindingImpl$Factory.get(ConstructorBindingImpl.java:300)
	at com.google.inject.internal.InjectorImpl$1.get(InjectorImpl.java:1101)
	... 48 common frames omitted
2026-09-13 17:15:21,442 [Worker-46: Import Getting Started Content] INFO  o.e.m.j.i.AbstractJavaProjectConfigurator - Adding source folder /booking-service/src/main/java
2026-09-13 17:15:21,444 [Worker-46: Import Getting Started Content] INFO  o.e.m.j.i.AbstractJavaProjectConfigurator - Adding resource folder /booking-service/src/main/resources
2026-09-13 17:15:21,444 [Worker-46: Import Getting Started Content] INFO  o.e.m.j.i.AbstractJavaProjectConfigurator - Adding resource folder /booking-service/src/main/resources
2026-09-13 17:15:21,444 [Worker-46: Import Getting Started Content] INFO  o.e.m.j.i.AbstractJavaProjectConfigurator - Adding source folder /booking-service/src/test/java
2026-09-13 17:15:21,444 [Worker-46: Import Getting Started Content] INFO  o.e.m.j.i.AbstractJavaProjectConfigurator - Adding resource folder /booking-service/src/test/resources
2026-09-13 17:15:23,350 [Worker-46: Import Getting Started Content] INFO  o.e.m.c.i.p.ProjectConfigurationManager - Update completed for 1 poms: local refresh takes 0.00 sec, refresh facades takes 4.00 sec, update config takes 1.00 sec 
2026-09-13 17:15:23,418 [Worker-56: Updating Maven Project] INFO  o.e.m.c.i.p.ProjectConfigurationManager - Update started
2026-09-13 17:15:24,302 [Worker-56: Updating Maven Project] INFO  o.e.m.c.i.l.LifecycleMappingFactory - Using org.eclipse.m2e.jdt.JarLifecycleMapping lifecycle mapping for MavenProject: com.flightmanagement:booking-service:0.0.1-SNAPSHOT @ C:\Users\LMANTHIN\OneDrive - Capgemini\botp\FlightManagementSystem\booking-service\pom.xml.
2026-09-13 17:15:26,032 [Worker-56: Updating Maven Project] WARN  Sisu - Error injecting: org.apache.maven.plugins.jar.JarMojo
com.google.inject.ProvisionException: Unable to provision, see the following errors:

1) [Guice/ErrorInCustomProvider]: OutOfScopeException: Cannot access Key[type=MavenProject, annotation=[none]] outside of a scoping block
  at MojoExecutionScopeModule.configure(MojoExecutionScopeModule.java:47)
      \_ installed by: WireModule -> MojoExecutionScopeModule
  at JarMojo.<init>(JarMojo.java:72)
      \_ for 1st parameter
  while locating JarMojo

Learn more:
  https://github.com/google/guice/wiki/ERROR_IN_CUSTOM_PROVIDER

1 error

======================
Full classname legend:
======================
JarMojo:                  "org.apache.maven.plugins.jar.JarMojo"
MavenProject:             "org.apache.maven.project.MavenProject"
MojoExecutionScopeModule: "org.apache.maven.execution.scope.internal.MojoExecutionScopeModule"
OutOfScopeException:      "com.google.inject.OutOfScopeException"
WireModule:               "org.eclipse.sisu.wire.WireModule"
========================
End of classname legend:
========================

	at com.google.inject.internal.InternalProvisionException.toProvisionException(InternalProvisionException.java:251)
	at com.google.inject.internal.InjectorImpl$1.get(InjectorImpl.java:1104)
	at com.google.inject.internal.InjectorImpl.getInstance(InjectorImpl.java:1139)
	at org.eclipse.sisu.space.AbstractDeferredClass.get(AbstractDeferredClass.java:50)
	at com.google.inject.internal.ProviderInternalFactory.provision(ProviderInternalFactory.java:86)
	at com.google.inject.internal.InternalFactoryToInitializableAdapter.provision(InternalFactoryToInitializableAdapter.java:57)
	at com.google.inject.internal.ProviderInternalFactory$1.call(ProviderInternalFactory.java:67)
	at com.google.inject.internal.ProvisionListenerStackCallback$Provision.provision(ProvisionListenerStackCallback.java:109)
	at com.google.inject.internal.ProvisionListenerStackCallback$Provision.provision(ProvisionListenerStackCallback.java:124)
	at com.google.inject.internal.ProvisionListenerStackCallback.provision(ProvisionListenerStackCallback.java:66)
	at com.google.inject.internal.ProviderInternalFactory.circularGet(ProviderInternalFactory.java:62)
	at com.google.inject.internal.InternalFactoryToInitializableAdapter.get(InternalFactoryToInitializableAdapter.java:47)
	at com.google.inject.internal.InjectorImpl$1.get(InjectorImpl.java:1101)
	at org.eclipse.sisu.inject.Guice4$2.get(Guice4.java:235)
	at org.eclipse.sisu.inject.LazyBeanEntry.getValue(LazyBeanEntry.java:83)
	at org.eclipse.sisu.plexus.LazyPlexusBean.getValue(LazyPlexusBean.java:53)
	at org.codehaus.plexus.DefaultPlexusContainer.lookup(DefaultPlexusContainer.java:265)
	at org.codehaus.plexus.DefaultPlexusContainer.lookup(DefaultPlexusContainer.java:257)
	at org.apache.maven.plugin.internal.DefaultMavenPluginManager.getConfiguredMojo(DefaultMavenPluginManager.java:491)
	at org.eclipse.m2e.core.internal.embedder.MavenImpl.getConfiguredMojo(MavenImpl.java:206)
	at org.eclipse.m2e.mavenarchiver.internal.AbstractMavenArchiverConfigurator.reflectManifestGeneration(AbstractMavenArchiverConfigurator.java:439)
	at org.eclipse.m2e.mavenarchiver.internal.AbstractMavenArchiverConfigurator.lambda$3(AbstractMavenArchiverConfigurator.java:398)
	at org.eclipse.m2e.core.internal.embedder.MavenExecutionContext.executeBare(MavenExecutionContext.java:458)
	at org.eclipse.m2e.core.internal.embedder.MavenExecutionContext.execute(MavenExecutionContext.java:339)
	at org.eclipse.m2e.core.internal.embedder.MavenExecutionContext.execute(MavenExecutionContext.java:278)
	at org.eclipse.m2e.mavenarchiver.internal.AbstractMavenArchiverConfigurator.generateManifest(AbstractMavenArchiverConfigurator.java:371)
	at org.eclipse.m2e.mavenarchiver.internal.AbstractMavenArchiverConfigurator.mavenProjectChanged(AbstractMavenArchiverConfigurator.java:228)
	at org.eclipse.m2e.mavenarchiver.internal.AbstractMavenArchiverConfigurator.mavenProjectChanged(AbstractMavenArchiverConfigurator.java:220)
	at org.eclipse.m2e.core.internal.project.ProjectConfigurationManager.mavenProjectChanged(ProjectConfigurationManager.java:885)
	at org.eclipse.m2e.core.internal.project.registry.ProjectRegistryManager.notifyProjectChangeListeners(ProjectRegistryManager.java:892)
	at org.eclipse.m2e.core.internal.project.registry.ProjectRegistryManager.applyMutableProjectRegistry(ProjectRegistryManager.java:1042)
	at org.eclipse.m2e.core.internal.project.registry.ProjectRegistryManager.refresh(ProjectRegistryManager.java:324)
	at org.eclipse.m2e.core.internal.project.ProjectConfigurationManager.updateProjectConfiguration0(ProjectConfigurationManager.java:388)
	at org.eclipse.m2e.core.internal.project.ProjectConfigurationManager.lambda$3(ProjectConfigurationManager.java:340)
	at org.eclipse.m2e.core.internal.embedder.MavenExecutionContext.executeBare(MavenExecutionContext.java:458)
	at org.eclipse.m2e.core.internal.embedder.MavenExecutionContext.execute(MavenExecutionContext.java:339)
	at org.eclipse.m2e.core.internal.embedder.MavenExecutionContext.execute(MavenExecutionContext.java:278)
	at org.eclipse.m2e.core.internal.embedder.MavenImpl.execute(MavenImpl.java:1053)
	at org.eclipse.m2e.core.internal.project.ProjectConfigurationManager.updateProjectConfiguration(ProjectConfigurationManager.java:339)
	at org.eclipse.m2e.core.ui.internal.UpdateMavenProjectJob.runInWorkspace(UpdateMavenProjectJob.java:80)
	at org.eclipse.core.internal.resources.InternalWorkspaceJob.run(InternalWorkspaceJob.java:43)
	at org.eclipse.core.internal.jobs.Worker.run(Worker.java:63)
Caused by: com.google.inject.OutOfScopeException: Cannot access Key[type=org.apache.maven.project.MavenProject, annotation=[none]] outside of a scoping block
	at org.apache.maven.execution.scope.internal.MojoExecutionScope$2.get(MojoExecutionScope.java:99)
	at com.google.inject.internal.InternalFactoryToProviderAdapter.get(InternalFactoryToProviderAdapter.java:45)
	at com.google.inject.internal.SingleParameterInjector.inject(SingleParameterInjector.java:40)
	at com.google.inject.internal.SingleParameterInjector.getAll(SingleParameterInjector.java:60)
	at com.google.inject.internal.ConstructorInjector.provision(ConstructorInjector.java:113)
	at com.google.inject.internal.ConstructorInjector.access$000(ConstructorInjector.java:33)
	at com.google.inject.internal.ConstructorInjector$1.call(ConstructorInjector.java:98)
	at com.google.inject.internal.ProvisionListenerStackCallback$Provision.provision(ProvisionListenerStackCallback.java:109)
	at com.google.inject.internal.ProvisionListenerStackCallback$Provision.provision(ProvisionListenerStackCallback.java:124)
	at com.google.inject.internal.ProvisionListenerStackCallback.provision(ProvisionListenerStackCallback.java:66)
	at com.google.inject.internal.ConstructorInjector.construct(ConstructorInjector.java:93)
	at com.google.inject.internal.ConstructorBindingImpl$Factory.get(ConstructorBindingImpl.java:300)
	at com.google.inject.internal.InjectorImpl$1.get(InjectorImpl.java:1101)
	... 40 common frames omitted
2026-09-13 17:15:27,141 [Worker-56: Updating Maven Project] INFO  o.e.m.j.i.AbstractJavaProjectConfigurator - Adding source folder /booking-service/src/main/java
2026-09-13 17:15:27,142 [Worker-56: Updating Maven Project] INFO  o.e.m.j.i.AbstractJavaProjectConfigurator - Adding resource folder /booking-service/src/main/resources
2026-09-13 17:15:27,144 [Worker-56: Updating Maven Project] INFO  o.e.m.j.i.AbstractJavaProjectConfigurator - Adding resource folder /booking-service/src/main/resources
2026-09-13 17:15:27,144 [Worker-56: Updating Maven Project] INFO  o.e.m.j.i.AbstractJavaProjectConfigurator - Adding source folder /booking-service/src/test/java
2026-09-13 17:15:27,146 [Worker-56: Updating Maven Project] INFO  o.e.m.j.i.AbstractJavaProjectConfigurator - Adding resource folder /booking-service/src/test/resources
2026-09-13 17:15:28,708 [Worker-56: Updating Maven Project] INFO  o.e.m.c.i.p.ProjectConfigurationManager - Update completed for 1 poms: local refresh takes 0.00 sec, refresh facades takes 3.00 sec, update config takes 1.00 sec 
2026-09-13 17:15:29,407 [Worker-51: Building] INFO  o.a.m.s.f.DefaultMavenResourcesFiltering - Copying 1 resource from src\main\resources to target\classes
2026-09-13 17:15:29,427 [Worker-51: Building] INFO  o.a.m.s.f.DefaultMavenResourcesFiltering - Copying 0 resource from src\main\resources to target\classes
2026-09-13 17:15:29,434 [Worker-51: Building] INFO  o.a.m.s.f.DefaultMavenResourcesFiltering - skip non existing resourceDirectory C:\Users\LMANTHIN\OneDrive - Capgemini\botp\FlightManagementSystem\booking-service\src\test\resources
2026-09-13 17:15:29,479 [Worker-51: Building] WARN  Sisu - Error injecting: org.apache.maven.plugins.jar.JarMojo
com.google.inject.ProvisionException: Unable to provision, see the following errors:

1) [Guice/ErrorInCustomProvider]: OutOfScopeException: Cannot access Key[type=MavenProject, annotation=[none]] outside of a scoping block
  at MojoExecutionScopeModule.configure(MojoExecutionScopeModule.java:47)
      \_ installed by: WireModule -> MojoExecutionScopeModule
  at JarMojo.<init>(JarMojo.java:72)
      \_ for 1st parameter
  while locating JarMojo

Learn more:
  https://github.com/google/guice/wiki/ERROR_IN_CUSTOM_PROVIDER

1 error

======================
Full classname legend:
======================
JarMojo:                  "org.apache.maven.plugins.jar.JarMojo"
MavenProject:             "org.apache.maven.project.MavenProject"
MojoExecutionScopeModule: "org.apache.maven.execution.scope.internal.MojoExecutionScopeModule"
OutOfScopeException:      "com.google.inject.OutOfScopeException"
WireModule:               "org.eclipse.sisu.wire.WireModule"
========================
End of classname legend:
========================

	at com.google.inject.internal.InternalProvisionException.toProvisionException(InternalProvisionException.java:251)
	at com.google.inject.internal.InjectorImpl$1.get(InjectorImpl.java:1104)
	at com.google.inject.internal.InjectorImpl.getInstance(InjectorImpl.java:1139)
	at org.eclipse.sisu.space.AbstractDeferredClass.get(AbstractDeferredClass.java:50)
	at com.google.inject.internal.ProviderInternalFactory.provision(ProviderInternalFactory.java:86)
	at com.google.inject.internal.InternalFactoryToInitializableAdapter.provision(InternalFactoryToInitializableAdapter.java:57)
	at com.google.inject.internal.ProviderInternalFactory$1.call(ProviderInternalFactory.java:67)
	at com.google.inject.internal.ProvisionListenerStackCallback$Provision.provision(ProvisionListenerStackCallback.java:109)
	at com.google.inject.internal.ProvisionListenerStackCallback$Provision.provision(ProvisionListenerStackCallback.java:124)
	at com.google.inject.internal.ProvisionListenerStackCallback.provision(ProvisionListenerStackCallback.java:66)
	at com.google.inject.internal.ProviderInternalFactory.circularGet(ProviderInternalFactory.java:62)
	at com.google.inject.internal.InternalFactoryToInitializableAdapter.get(InternalFactoryToInitializableAdapter.java:47)
	at com.google.inject.internal.InjectorImpl$1.get(InjectorImpl.java:1101)
	at org.eclipse.sisu.inject.Guice4$2.get(Guice4.java:235)
	at org.eclipse.sisu.inject.LazyBeanEntry.getValue(LazyBeanEntry.java:83)
	at org.eclipse.sisu.plexus.LazyPlexusBean.getValue(LazyPlexusBean.java:53)
	at org.codehaus.plexus.DefaultPlexusContainer.lookup(DefaultPlexusContainer.java:265)
	at org.codehaus.plexus.DefaultPlexusContainer.lookup(DefaultPlexusContainer.java:257)
	at org.apache.maven.plugin.internal.DefaultMavenPluginManager.getConfiguredMojo(DefaultMavenPluginManager.java:491)
	at org.eclipse.m2e.core.internal.embedder.MavenImpl.getConfiguredMojo(MavenImpl.java:206)
	at org.eclipse.m2e.mavenarchiver.internal.AbstractMavenArchiverConfigurator.reflectManifestGeneration(AbstractMavenArchiverConfigurator.java:439)
	at org.eclipse.m2e.mavenarchiver.internal.AbstractMavenArchiverConfigurator.lambda$3(AbstractMavenArchiverConfigurator.java:398)
	at org.eclipse.m2e.core.internal.embedder.MavenExecutionContext.executeBare(MavenExecutionContext.java:458)
	at org.eclipse.m2e.core.internal.embedder.MavenExecutionContext.execute(MavenExecutionContext.java:339)
	at org.eclipse.m2e.core.internal.embedder.MavenExecutionContext.execute(MavenExecutionContext.java:278)
	at org.eclipse.m2e.mavenarchiver.internal.AbstractMavenArchiverConfigurator.generateManifest(AbstractMavenArchiverConfigurator.java:371)
	at org.eclipse.m2e.mavenarchiver.internal.AbstractMavenArchiverConfigurator.mavenProjectChanged(AbstractMavenArchiverConfigurator.java:228)
	at org.eclipse.m2e.mavenarchiver.internal.AbstractMavenArchiverConfigurator$1.build(AbstractMavenArchiverConfigurator.java:178)
	at org.eclipse.m2e.core.internal.builder.MavenBuilderImpl.lambda$2(MavenBuilderImpl.java:159)
	at java.base/java.util.LinkedHashMap.forEach(LinkedHashMap.java:986)
	at org.eclipse.m2e.core.internal.builder.MavenBuilderImpl.build(MavenBuilderImpl.java:139)
	at org.eclipse.m2e.core.internal.builder.MavenBuilder$1.method(MavenBuilder.java:164)
	at org.eclipse.m2e.core.internal.builder.MavenBuilder$1.method(MavenBuilder.java:1)
	at org.eclipse.m2e.core.internal.builder.MavenBuilder$BuildMethod.lambda$1(MavenBuilder.java:109)
	at org.eclipse.m2e.core.internal.embedder.MavenExecutionContext.executeBare(MavenExecutionContext.java:458)
	at org.eclipse.m2e.core.internal.embedder.MavenExecutionContext.execute(MavenExecutionContext.java:292)
	at org.eclipse.m2e.core.internal.builder.MavenBuilder$BuildMethod.lambda$0(MavenBuilder.java:100)
	at org.eclipse.m2e.core.internal.embedder.MavenExecutionContext.executeBare(MavenExecutionContext.java:458)
	at org.eclipse.m2e.core.internal.embedder.MavenExecutionContext.execute(MavenExecutionContext.java:339)
	at org.eclipse.m2e.core.internal.embedder.MavenExecutionContext.execute(MavenExecutionContext.java:278)
	at org.eclipse.m2e.core.internal.builder.MavenBuilder$BuildMethod.execute(MavenBuilder.java:83)
	at org.eclipse.m2e.core.internal.builder.MavenBuilder.build(MavenBuilder.java:192)
	at org.eclipse.core.internal.events.BuildManager$2.run(BuildManager.java:1077)
	at org.eclipse.core.runtime.SafeRunner.run(SafeRunner.java:47)
	at org.eclipse.core.internal.events.BuildManager.basicBuild(BuildManager.java:296)
	at org.eclipse.core.internal.events.BuildManager.basicBuild(BuildManager.java:352)
	at org.eclipse.core.internal.events.BuildManager$1.run(BuildManager.java:441)
	at org.eclipse.core.runtime.SafeRunner.run(SafeRunner.java:47)
	at org.eclipse.core.internal.events.BuildManager.basicBuild(BuildManager.java:444)
	at org.eclipse.core.internal.events.BuildManager.basicBuildLoop(BuildManager.java:555)
	at org.eclipse.core.internal.events.BuildManager.basicBuildLoop(BuildManager.java:503)
	at org.eclipse.core.internal.events.BuildManager.build(BuildManager.java:585)
	at org.eclipse.core.internal.events.AutoBuildJob.doBuild(AutoBuildJob.java:207)
	at org.eclipse.core.internal.events.AutoBuildJob.run(AutoBuildJob.java:300)
	at org.eclipse.core.internal.jobs.Worker.run(Worker.java:63)
Caused by: com.google.inject.OutOfScopeException: Cannot access Key[type=org.apache.maven.project.MavenProject, annotation=[none]] outside of a scoping block
	at org.apache.maven.execution.scope.internal.MojoExecutionScope$2.get(MojoExecutionScope.java:99)
	at com.google.inject.internal.InternalFactoryToProviderAdapter.get(InternalFactoryToProviderAdapter.java:45)
	at com.google.inject.internal.SingleParameterInjector.inject(SingleParameterInjector.java:40)
	at com.google.inject.internal.SingleParameterInjector.getAll(SingleParameterInjector.java:60)
	at com.google.inject.internal.ConstructorInjector.provision(ConstructorInjector.java:113)
	at com.google.inject.internal.ConstructorInjector.access$000(ConstructorInjector.java:33)
	at com.google.inject.internal.ConstructorInjector$1.call(ConstructorInjector.java:98)
	at com.google.inject.internal.ProvisionListenerStackCallback$Provision.provision(ProvisionListenerStackCallback.java:109)
	at com.google.inject.internal.ProvisionListenerStackCallback$Provision.provision(ProvisionListenerStackCallback.java:124)
	at com.google.inject.internal.ProvisionListenerStackCallback.provision(ProvisionListenerStackCallback.java:66)
	at com.google.inject.internal.ConstructorInjector.construct(ConstructorInjector.java:93)
	at com.google.inject.internal.ConstructorBindingImpl$Factory.get(ConstructorBindingImpl.java:300)
	at com.google.inject.internal.InjectorImpl$1.get(InjectorImpl.java:1101)
	... 53 common frames omitted
2026-09-13 17:17:35,588 [Worker-54: Building] INFO  o.e.m.c.i.l.LifecycleMappingFactory - Using org.eclipse.m2e.jdt.JarLifecycleMapping lifecycle mapping for MavenProject: com.flightmanagement:booking-service:0.0.1-SNAPSHOT @ C:\Users\LMANTHIN\OneDrive - Capgemini\botp\FlightManagementSystem\booking-service\pom.xml.
2026-09-13 17:17:37,830 [Worker-54: Building] INFO  o.a.m.s.f.DefaultMavenResourcesFiltering - Copying 0 resource from src\main\resources to target\classes
2026-09-13 17:17:37,832 [Worker-54: Building] INFO  o.a.m.s.f.DefaultMavenResourcesFiltering - Copying 0 resource from src\main\resources to target\classes
2026-09-13 17:17:37,837 [Worker-54: Building] INFO  o.a.m.s.f.DefaultMavenResourcesFiltering - skip non existing resourceDirectory C:\Users\LMANTHIN\OneDrive - Capgemini\botp\FlightManagementSystem\booking-service\src\test\resources
2026-09-13 17:17:38,009 [Worker-54: Updating Maven Project] INFO  o.e.m.c.i.p.ProjectConfigurationManager - Update started
2026-09-13 17:17:38,907 [Worker-54: Updating Maven Project] INFO  o.e.m.c.i.l.LifecycleMappingFactory - Using org.eclipse.m2e.jdt.JarLifecycleMapping lifecycle mapping for MavenProject: com.flightmanagement:booking-service:0.0.1-SNAPSHOT @ C:\Users\LMANTHIN\OneDrive - Capgemini\botp\FlightManagementSystem\booking-service\pom.xml.
2026-09-13 17:17:41,189 [Worker-54: Updating Maven Project] INFO  o.e.m.j.i.AbstractJavaProjectConfigurator - Adding source folder /booking-service/src/main/java
2026-09-13 17:17:41,192 [Worker-54: Updating Maven Project] INFO  o.e.m.j.i.AbstractJavaProjectConfigurator - Adding resource folder /booking-service/src/main/resources
2026-09-13 17:17:41,194 [Worker-54: Updating Maven Project] INFO  o.e.m.j.i.AbstractJavaProjectConfigurator - Adding resource folder /booking-service/src/main/resources
2026-09-13 17:17:41,194 [Worker-54: Updating Maven Project] INFO  o.e.m.j.i.AbstractJavaProjectConfigurator - Adding source folder /booking-service/src/test/java
2026-09-13 17:17:41,196 [Worker-54: Updating Maven Project] INFO  o.e.m.j.i.AbstractJavaProjectConfigurator - Adding resource folder /booking-service/src/test/resources
2026-09-13 17:17:42,623 [Worker-54: Updating Maven Project] INFO  o.e.m.c.i.p.ProjectConfigurationManager - Update completed for 1 poms: local refresh takes 0.00 sec, refresh facades takes 3.00 sec, update config takes 1.00 sec 
2026-09-13 17:17:43,673 [Worker-57: Building] INFO  o.e.m.c.i.l.LifecycleMappingFactory - Using org.eclipse.m2e.jdt.JarLifecycleMapping lifecycle mapping for MavenProject: com.flightmanagement:api-gateway:0.0.1-SNAPSHOT @ C:\Users\LMANTHIN\OneDrive - Capgemini\botp\FlightManagementSystem\api-gateway\pom.xml.
2026-09-13 17:17:44,177 [Worker-57: Building] INFO  o.e.m.c.i.e.AbstractTransferListenerAdapter - Downloading https://repo.maven.apache.org/maven2/org/springframework/boot/spring-boot-properties-migrator/3.5.5/spring-boot-properties-migrator-3.5.5.pom
2026-09-13 17:17:44,203 [Worker-57: Building] INFO  o.e.m.c.i.e.AbstractTransferListenerAdapter - Downloaded https://repo.maven.apache.org/maven2/org/springframework/boot/spring-boot-properties-migrator/3.5.5/spring-boot-properties-migrator-3.5.5.pom
2026-09-13 17:17:44,252 [Worker-57: Building] INFO  o.e.m.c.i.e.AbstractTransferListenerAdapter - Downloading https://repo.maven.apache.org/maven2/org/springframework/boot/spring-boot-configuration-metadata/3.5.5/spring-boot-configuration-metadata-3.5.5.pom
2026-09-13 17:17:44,279 [Worker-57: Building] INFO  o.e.m.c.i.e.AbstractTransferListenerAdapter - Downloaded https://repo.maven.apache.org/maven2/org/springframework/boot/spring-boot-configuration-metadata/3.5.5/spring-boot-configuration-metadata-3.5.5.pom
2026-09-13 17:17:45,158 [Worker-57: Building] INFO  o.e.m.c.i.e.AbstractTransferListenerAdapter - Downloading https://repo.maven.apache.org/maven2/org/springframework/boot/spring-boot-properties-migrator/3.5.5/spring-boot-properties-migrator-3.5.5.jar
2026-09-13 17:17:45,179 [Worker-57: Building] INFO  o.e.m.c.i.e.AbstractTransferListenerAdapter - Downloaded https://repo.maven.apache.org/maven2/org/springframework/boot/spring-boot-properties-migrator/3.5.5/spring-boot-properties-migrator-3.5.5.jar
2026-09-13 17:17:45,213 [BasicRepositoryConnector-repo.maven.apache.org-8-0] INFO  o.e.m.c.i.e.AbstractTransferListenerAdapter - Downloading https://repo.maven.apache.org/maven2/org/springframework/boot/spring-boot-configuration-metadata/3.5.5/spring-boot-configuration-metadata-3.5.5.jar
2026-09-13 17:17:45,238 [BasicRepositoryConnector-repo.maven.apache.org-8-0] INFO  o.e.m.c.i.e.AbstractTransferListenerAdapter - Downloaded https://repo.maven.apache.org/maven2/org/springframework/boot/spring-boot-configuration-metadata/3.5.5/spring-boot-configuration-metadata-3.5.5.jar
2026-09-13 17:17:46,474 [Worker-57: Building] INFO  o.a.m.s.f.DefaultMavenResourcesFiltering - Copying 0 resource from src\main\resources to target\classes
2026-09-13 17:17:46,476 [Worker-57: Building] INFO  o.a.m.s.f.DefaultMavenResourcesFiltering - Copying 0 resource from src\main\resources to target\classes
2026-09-13 17:17:46,482 [Worker-57: Building] INFO  o.a.m.s.f.DefaultMavenResourcesFiltering - skip non existing resourceDirectory C:\Users\LMANTHIN\OneDrive - Capgemini\botp\FlightManagementSystem\api-gateway\src\test\resources
2026-09-13 17:17:47,071 [Worker-53: Download sources and javadoc] INFO  o.e.m.c.i.e.AbstractTransferListenerAdapter - Downloaded https://repo.maven.apache.org/maven2/org/springframework/cloud/spring-cloud-starter-gateway-server-webmvc/4.3.0/spring-cloud-starter-gateway-server-webmvc-4.3.0-javadoc.jar
2026-09-13 17:17:47,079 [Worker-53: Download sources and javadoc] ERROR o.e.m.j.internal.DownloadSourcesJob - Could not download javadoc for org.springframework.cloud:spring-cloud-starter-gateway-server-webmvc:4.3.0
org.eclipse.core.runtime.CoreException: Could not resolve artifact org.springframework.cloud:spring-cloud-starter-gateway-server-webmvc:jar:javadoc:4.3.0
	at org.eclipse.m2e.core.internal.embedder.MavenImpl.lambda$7(MavenImpl.java:540)
	at org.eclipse.m2e.core.internal.embedder.MavenExecutionContext.executeBare(MavenExecutionContext.java:458)
	at org.eclipse.m2e.core.internal.embedder.MavenExecutionContext.execute(MavenExecutionContext.java:292)
	at org.eclipse.m2e.core.internal.embedder.MavenExecutionContext.execute(MavenExecutionContext.java:278)
	at org.eclipse.m2e.core.internal.embedder.MavenImpl.resolve(MavenImpl.java:509)
	at org.eclipse.m2e.core.internal.embedder.MavenImpl.resolve(MavenImpl.java:494)
	at org.eclipse.m2e.jdt.internal.DownloadSourcesJob.download(DownloadSourcesJob.java:308)
	at org.eclipse.m2e.jdt.internal.DownloadSourcesJob.downloadAttachments(DownloadSourcesJob.java:294)
	at org.eclipse.m2e.jdt.internal.DownloadSourcesJob.downloadMaven(DownloadSourcesJob.java:252)
	at org.eclipse.m2e.jdt.internal.DownloadSourcesJob.downloadFilesAndPopulateToUpdate(DownloadSourcesJob.java:220)
	at org.eclipse.m2e.jdt.internal.DownloadSourcesJob.lambda$0(DownloadSourcesJob.java:149)
	at org.eclipse.m2e.core.internal.embedder.MavenExecutionContext.executeBare(MavenExecutionContext.java:458)
	at org.eclipse.m2e.core.internal.embedder.MavenExecutionContext.execute(MavenExecutionContext.java:339)
	at org.eclipse.m2e.core.internal.embedder.MavenExecutionContext.execute(MavenExecutionContext.java:278)
	at org.eclipse.m2e.core.embedder.IMaven.execute(IMaven.java:300)
	at org.eclipse.m2e.jdt.internal.DownloadSourcesJob.run(DownloadSourcesJob.java:149)
	at org.eclipse.core.internal.jobs.Worker.run(Worker.java:63)
2026-09-13 17:17:47,198 [Worker-53: Download sources and javadoc] INFO  o.e.m.c.i.e.AbstractTransferListenerAdapter - Downloading https://repo.maven.apache.org/maven2/org/springframework/boot/spring-boot-properties-migrator/3.5.5/spring-boot-properties-migrator-3.5.5-sources.jar
2026-09-13 17:17:47,247 [Worker-53: Download sources and javadoc] INFO  o.e.m.c.i.e.AbstractTransferListenerAdapter - Downloaded https://repo.maven.apache.org/maven2/org/springframework/boot/spring-boot-properties-migrator/3.5.5/spring-boot-properties-migrator-3.5.5-sources.jar
2026-09-13 17:17:47,261 [Worker-53: Download sources and javadoc] INFO  o.e.m.j.internal.DownloadSourcesJob - Downloaded sources for org.springframework.boot:spring-boot-properties-migrator:3.5.5
2026-09-13 17:17:47,314 [Worker-55: Updating Maven Project] INFO  o.e.m.c.i.p.ProjectConfigurationManager - Update started
2026-09-13 17:17:47,369 [Worker-53: Download sources and javadoc] INFO  o.e.m.c.i.e.AbstractTransferListenerAdapter - Downloading https://repo.maven.apache.org/maven2/org/springframework/boot/spring-boot-configuration-metadata/3.5.5/spring-boot-configuration-metadata-3.5.5-sources.jar
2026-09-13 17:17:47,431 [Worker-53: Download sources and javadoc] INFO  o.e.m.c.i.e.AbstractTransferListenerAdapter - Downloaded https://repo.maven.apache.org/maven2/org/springframework/boot/spring-boot-configuration-metadata/3.5.5/spring-boot-configuration-metadata-3.5.5-sources.jar
2026-09-13 17:17:47,446 [Worker-53: Download sources and javadoc] INFO  o.e.m.j.internal.DownloadSourcesJob - Downloaded sources for org.springframework.boot:spring-boot-configuration-metadata:3.5.5
2026-09-13 17:17:48,238 [Worker-55: Updating Maven Project] INFO  o.e.m.c.i.l.LifecycleMappingFactory - Using org.eclipse.m2e.jdt.JarLifecycleMapping lifecycle mapping for MavenProject: com.flightmanagement:api-gateway:0.0.1-SNAPSHOT @ C:\Users\LMANTHIN\OneDrive - Capgemini\botp\FlightManagementSystem\api-gateway\pom.xml.
2026-09-13 17:17:50,164 [Worker-55: Updating Maven Project] INFO  o.e.m.j.i.AbstractJavaProjectConfigurator - Adding source folder /api-gateway/src/main/java
2026-09-13 17:17:50,166 [Worker-55: Updating Maven Project] INFO  o.e.m.j.i.AbstractJavaProjectConfigurator - Adding resource folder /api-gateway/src/main/resources
2026-09-13 17:17:50,167 [Worker-55: Updating Maven Project] INFO  o.e.m.j.i.AbstractJavaProjectConfigurator - Adding resource folder /api-gateway/src/main/resources
2026-09-13 17:17:50,167 [Worker-55: Updating Maven Project] INFO  o.e.m.j.i.AbstractJavaProjectConfigurator - Adding source folder /api-gateway/src/test/java
2026-09-13 17:17:50,169 [Worker-55: Updating Maven Project] INFO  o.e.m.j.i.AbstractJavaProjectConfigurator - Adding resource folder /api-gateway/src/test/resources
2026-09-13 17:17:51,560 [Worker-55: Updating Maven Project] INFO  o.e.m.c.i.p.ProjectConfigurationManager - Update completed for 1 poms: local refresh takes 0.00 sec, refresh facades takes 2.00 sec, update config takes 1.00 sec 
2026-09-13 17:17:52,996 [Worker-44: Building] INFO  o.a.m.s.f.DefaultMavenResourcesFiltering - Copying 1 resource from src\main\resources to target\classes
2026-09-13 17:17:53,015 [Worker-44: Building] INFO  o.a.m.s.f.DefaultMavenResourcesFiltering - Copying 0 resource from src\main\resources to target\classes
2026-09-13 17:17:53,022 [Worker-44: Building] INFO  o.a.m.s.f.DefaultMavenResourcesFiltering - skip non existing resourceDirectory C:\Users\LMANTHIN\OneDrive - Capgemini\botp\FlightManagementSystem\api-gateway\src\test\resources
2026-09-13 17:17:53,806 [Worker-44: Building] INFO  o.a.m.s.f.DefaultMavenResourcesFiltering - Copying 1 resource from src\main\resources to target\classes
2026-09-13 17:17:53,825 [Worker-44: Building] INFO  o.a.m.s.f.DefaultMavenResourcesFiltering - Copying 0 resource from src\main\resources to target\classes
2026-09-13 17:17:53,831 [Worker-44: Building] INFO  o.a.m.s.f.DefaultMavenResourcesFiltering - skip non existing resourceDirectory C:\Users\LMANTHIN\OneDrive - Capgemini\botp\FlightManagementSystem\booking-service\src\test\resources
2026-09-13 17:18:29,599 [Worker-59: Building] INFO  o.e.m.c.i.l.LifecycleMappingFactory - Using org.eclipse.m2e.jdt.JarLifecycleMapping lifecycle mapping for MavenProject: com.flightmanagement:flight-service:0.0.1-SNAPSHOT @ C:\Users\LMANTHIN\OneDrive - Capgemini\botp\FlightManagementSystem\flight-service\pom.xml.
2026-09-13 17:18:32,025 [Worker-59: Building] INFO  o.a.m.s.f.DefaultMavenResourcesFiltering - Copying 0 resource from src\main\resources to target\classes
2026-09-13 17:18:32,028 [Worker-59: Building] INFO  o.a.m.s.f.DefaultMavenResourcesFiltering - Copying 0 resource from src\main\resources to target\classes
2026-09-13 17:18:32,034 [Worker-59: Building] INFO  o.a.m.s.f.DefaultMavenResourcesFiltering - skip non existing resourceDirectory C:\Users\LMANTHIN\OneDrive - Capgemini\botp\FlightManagementSystem\flight-service\src\test\resources
2026-09-13 17:18:33,204 [Worker-60: Updating Maven Project] INFO  o.e.m.c.i.p.ProjectConfigurationManager - Update started
2026-09-13 17:18:34,177 [Worker-60: Updating Maven Project] INFO  o.e.m.c.i.l.LifecycleMappingFactory - Using org.eclipse.m2e.jdt.JarLifecycleMapping lifecycle mapping for MavenProject: com.flightmanagement:flight-service:0.0.1-SNAPSHOT @ C:\Users\LMANTHIN\OneDrive - Capgemini\botp\FlightManagementSystem\flight-service\pom.xml.
2026-09-13 17:18:36,493 [Worker-60: Updating Maven Project] INFO  o.e.m.j.i.AbstractJavaProjectConfigurator - Adding source folder /flight-service/src/main/java
2026-09-13 17:18:36,495 [Worker-60: Updating Maven Project] INFO  o.e.m.j.i.AbstractJavaProjectConfigurator - Adding resource folder /flight-service/src/main/resources
2026-09-13 17:18:36,496 [Worker-60: Updating Maven Project] INFO  o.e.m.j.i.AbstractJavaProjectConfigurator - Adding resource folder /flight-service/src/main/resources
2026-09-13 17:18:36,496 [Worker-60: Updating Maven Project] INFO  o.e.m.j.i.AbstractJavaProjectConfigurator - Adding source folder /flight-service/src/test/java
2026-09-13 17:18:36,499 [Worker-60: Updating Maven Project] INFO  o.e.m.j.i.AbstractJavaProjectConfigurator - Adding resource folder /flight-service/src/test/resources
2026-09-13 17:18:38,046 [Worker-60: Updating Maven Project] INFO  o.e.m.c.i.p.ProjectConfigurationManager - Update completed for 1 poms: local refresh takes 0.00 sec, refresh facades takes 3.00 sec, update config takes 1.00 sec 
2026-09-13 17:18:38,876 [Worker-57: Building] INFO  o.a.m.s.f.DefaultMavenResourcesFiltering - Copying 1 resource from src\main\resources to target\classes
2026-09-13 17:18:38,894 [Worker-57: Building] INFO  o.a.m.s.f.DefaultMavenResourcesFiltering - Copying 0 resource from src\main\resources to target\classes
2026-09-13 17:18:38,899 [Worker-57: Building] INFO  o.a.m.s.f.DefaultMavenResourcesFiltering - skip non existing resourceDirectory C:\Users\LMANTHIN\OneDrive - Capgemini\botp\FlightManagementSystem\flight-service\src\test\resources
2026-09-13 17:24:27,422 [Worker-57: Building] INFO  o.a.m.s.f.DefaultMavenResourcesFiltering - Copying 1 resource from src\main\resources to target\classes
2026-09-13 17:24:27,440 [Worker-57: Building] INFO  o.a.m.s.f.DefaultMavenResourcesFiltering - Copying 0 resource from src\main\resources to target\classes
2026-09-13 17:24:27,444 [Worker-57: Building] INFO  o.a.m.s.f.DefaultMavenResourcesFiltering - skip non existing resourceDirectory C:\Users\LMANTHIN\OneDrive - Capgemini\botp\FlightManagementSystem\eureka-server\src\test\resources
2026-09-13 17:25:03,210 [Worker-61: Launching eureka-server - EurekaServerApplication] INFO  o.a.m.s.f.DefaultMavenResourcesFiltering - Copying 1 resource from src\main\resources to target\classes
2026-09-13 17:25:03,218 [Worker-61: Launching eureka-server - EurekaServerApplication] INFO  o.a.m.s.f.DefaultMavenResourcesFiltering - Copying 0 resource from src\main\resources to target\classes
2026-09-13 17:25:03,223 [Worker-61: Launching eureka-server - EurekaServerApplication] INFO  o.a.m.s.f.DefaultMavenResourcesFiltering - skip non existing resourceDirectory C:\Users\LMANTHIN\OneDrive - Capgemini\botp\FlightManagementSystem\eureka-server\src\test\resources
2026-09-13 17:28:01,499 [Worker-63: Building] INFO  o.a.m.s.f.DefaultMavenResourcesFiltering - Copying 1 resource from src\main\resources to target\classes
2026-09-13 17:28:01,507 [Worker-63: Building] INFO  o.a.m.s.f.DefaultMavenResourcesFiltering - Copying 0 resource from src\main\resources to target\classes
2026-09-13 17:28:01,512 [Worker-63: Building] INFO  o.a.m.s.f.DefaultMavenResourcesFiltering - skip non existing resourceDirectory C:\Users\LMANTHIN\OneDrive - Capgemini\botp\FlightManagementSystem\api-gateway\src\test\resources
2026-09-13 17:28:50,362 [Worker-63: Building] INFO  o.a.m.s.f.DefaultMavenResourcesFiltering - Copying 1 resource from src\main\resources to target\classes
2026-09-13 17:28:50,368 [Worker-63: Building] INFO  o.a.m.s.f.DefaultMavenResourcesFiltering - Copying 0 resource from src\main\resources to target\classes
2026-09-13 17:28:50,373 [Worker-63: Building] INFO  o.a.m.s.f.DefaultMavenResourcesFiltering - skip non existing resourceDirectory C:\Users\LMANTHIN\OneDrive - Capgemini\botp\FlightManagementSystem\api-gateway\src\test\resources
2026-09-13 17:31:48,837 [Worker-57: Building] INFO  o.a.m.s.f.DefaultMavenResourcesFiltering - Copying 1 resource from src\main\resources to target\classes
2026-09-13 17:31:48,849 [Worker-57: Building] INFO  o.a.m.s.f.DefaultMavenResourcesFiltering - Copying 0 resource from src\main\resources to target\classes
2026-09-13 17:31:48,854 [Worker-57: Building] INFO  o.a.m.s.f.DefaultMavenResourcesFiltering - skip non existing resourceDirectory C:\Users\LMANTHIN\OneDrive - Capgemini\botp\FlightManagementSystem\user-service\src\test\resources
2026-09-13 17:31:53,305 [Worker-61: Building] INFO  o.a.m.s.f.DefaultMavenResourcesFiltering - Copying 1 resource from src\main\resources to target\classes
2026-09-13 17:31:53,314 [Worker-61: Building] INFO  o.a.m.s.f.DefaultMavenResourcesFiltering - Copying 0 resource from src\main\resources to target\classes
2026-09-13 17:31:53,317 [Worker-61: Building] INFO  o.a.m.s.f.DefaultMavenResourcesFiltering - skip non existing resourceDirectory C:\Users\LMANTHIN\OneDrive - Capgemini\botp\FlightManagementSystem\user-service\src\test\resources
2026-09-13 17:35:52,283 [Worker-62: Building] INFO  o.a.m.s.f.DefaultMavenResourcesFiltering - Copying 1 resource from src\main\resources to target\classes
2026-09-13 17:35:52,290 [Worker-62: Building] INFO  o.a.m.s.f.DefaultMavenResourcesFiltering - Copying 0 resource from src\main\resources to target\classes
2026-09-13 17:35:52,295 [Worker-62: Building] INFO  o.a.m.s.f.DefaultMavenResourcesFiltering - skip non existing resourceDirectory C:\Users\LMANTHIN\OneDrive - Capgemini\botp\FlightManagementSystem\user-service\src\test\resources
2026-09-13 17:36:03,680 [Worker-61: Building] INFO  o.a.m.s.f.DefaultMavenResourcesFiltering - Copying 1 resource from src\main\resources to target\classes
2026-09-13 17:36:03,688 [Worker-61: Building] INFO  o.a.m.s.f.DefaultMavenResourcesFiltering - Copying 0 resource from src\main\resources to target\classes
2026-09-13 17:36:03,692 [Worker-61: Building] INFO  o.a.m.s.f.DefaultMavenResourcesFiltering - skip non existing resourceDirectory C:\Users\LMANTHIN\OneDrive - Capgemini\botp\FlightManagementSystem\user-service\src\test\resources
2026-09-13 17:37:16,111 [Worker-63: Building] INFO  o.a.m.s.f.DefaultMavenResourcesFiltering - Copying 1 resource from src\main\resources to target\classes
2026-09-13 17:37:16,118 [Worker-63: Building] INFO  o.a.m.s.f.DefaultMavenResourcesFiltering - Copying 0 resource from src\main\resources to target\classes
2026-09-13 17:37:16,123 [Worker-63: Building] INFO  o.a.m.s.f.DefaultMavenResourcesFiltering - skip non existing resourceDirectory C:\Users\LMANTHIN\OneDrive - Capgemini\botp\FlightManagementSystem\user-service\src\test\resources
2026-09-13 17:37:20,392 [Worker-66: Building] INFO  o.a.m.s.f.DefaultMavenResourcesFiltering - Copying 1 resource from src\main\resources to target\classes
2026-09-13 17:37:20,400 [Worker-66: Building] INFO  o.a.m.s.f.DefaultMavenResourcesFiltering - Copying 0 resource from src\main\resources to target\classes
2026-09-13 17:37:20,404 [Worker-66: Building] INFO  o.a.m.s.f.DefaultMavenResourcesFiltering - skip non existing resourceDirectory C:\Users\LMANTHIN\OneDrive - Capgemini\botp\FlightManagementSystem\user-service\src\test\resources
2026-09-13 17:41:02,067 [Worker-61: Building] INFO  o.a.m.s.f.DefaultMavenResourcesFiltering - Copying 1 resource from src\main\resources to target\classes
2026-09-13 17:41:02,074 [Worker-61: Building] INFO  o.a.m.s.f.DefaultMavenResourcesFiltering - Copying 0 resource from src\main\resources to target\classes
2026-09-13 17:41:02,077 [Worker-61: Building] INFO  o.a.m.s.f.DefaultMavenResourcesFiltering - skip non existing resourceDirectory C:\Users\LMANTHIN\OneDrive - Capgemini\botp\FlightManagementSystem\user-service\src\test\resources
2026-09-13 17:44:31,554 [Worker-61: Building] INFO  o.a.m.s.f.DefaultMavenResourcesFiltering - Copying 1 resource from src\main\resources to target\classes
2026-09-13 17:44:31,563 [Worker-61: Building] INFO  o.a.m.s.f.DefaultMavenResourcesFiltering - Copying 0 resource from src\main\resources to target\classes
2026-09-13 17:44:31,567 [Worker-61: Building] INFO  o.a.m.s.f.DefaultMavenResourcesFiltering - skip non existing resourceDirectory C:\Users\LMANTHIN\OneDrive - Capgemini\botp\FlightManagementSystem\user-service\src\test\resources
2026-09-13 17:45:08,808 [Worker-64: Building] INFO  o.a.m.s.f.DefaultMavenResourcesFiltering - Copying 1 resource from src\main\resources to target\classes
2026-09-13 17:45:08,815 [Worker-64: Building] INFO  o.a.m.s.f.DefaultMavenResourcesFiltering - Copying 0 resource from src\main\resources to target\classes
2026-09-13 17:45:08,819 [Worker-64: Building] INFO  o.a.m.s.f.DefaultMavenResourcesFiltering - skip non existing resourceDirectory C:\Users\LMANTHIN\OneDrive - Capgemini\botp\FlightManagementSystem\user-service\src\test\resources
2026-09-13 17:45:13,254 [Worker-63: Building] INFO  o.a.m.s.f.DefaultMavenResourcesFiltering - Copying 1 resource from src\main\resources to target\classes
2026-09-13 17:45:13,260 [Worker-63: Building] INFO  o.a.m.s.f.DefaultMavenResourcesFiltering - Copying 0 resource from src\main\resources to target\classes
2026-09-13 17:45:13,265 [Worker-63: Building] INFO  o.a.m.s.f.DefaultMavenResourcesFiltering - skip non existing resourceDirectory C:\Users\LMANTHIN\OneDrive - Capgemini\botp\FlightManagementSystem\user-service\src\test\resources
2026-09-13 17:45:44,128 [Worker-61: Building] INFO  o.a.m.s.f.DefaultMavenResourcesFiltering - Copying 1 resource from src\main\resources to target\classes
2026-09-13 17:45:44,135 [Worker-61: Building] INFO  o.a.m.s.f.DefaultMavenResourcesFiltering - Copying 0 resource from src\main\resources to target\classes
2026-09-13 17:45:44,139 [Worker-61: Building] INFO  o.a.m.s.f.DefaultMavenResourcesFiltering - skip non existing resourceDirectory C:\Users\LMANTHIN\OneDrive - Capgemini\botp\FlightManagementSystem\user-service\src\test\resources
2026-09-13 17:45:49,507 [Worker-64: Building] INFO  o.a.m.s.f.DefaultMavenResourcesFiltering - Copying 1 resource from src\main\resources to target\classes
2026-09-13 17:45:49,513 [Worker-64: Building] INFO  o.a.m.s.f.DefaultMavenResourcesFiltering - Copying 0 resource from src\main\resources to target\classes
2026-09-13 17:45:49,516 [Worker-64: Building] INFO  o.a.m.s.f.DefaultMavenResourcesFiltering - skip non existing resourceDirectory C:\Users\LMANTHIN\OneDrive - Capgemini\botp\FlightManagementSystem\user-service\src\test\resources
2026-09-13 17:49:01,426 [Worker-62: Building] INFO  o.a.m.s.f.DefaultMavenResourcesFiltering - Copying 1 resource from src\main\resources to target\classes
2026-09-13 17:49:01,435 [Worker-62: Building] INFO  o.a.m.s.f.DefaultMavenResourcesFiltering - Copying 0 resource from src\main\resources to target\classes
2026-09-13 17:49:01,440 [Worker-62: Building] INFO  o.a.m.s.f.DefaultMavenResourcesFiltering - skip non existing resourceDirectory C:\Users\LMANTHIN\OneDrive - Capgemini\botp\FlightManagementSystem\user-service\src\test\resources
2026-09-13 17:49:15,382 [Worker-62: Building] INFO  o.a.m.s.f.DefaultMavenResourcesFiltering - Copying 1 resource from src\main\resources to target\classes
2026-09-13 17:49:15,386 [Worker-62: Building] INFO  o.a.m.s.f.DefaultMavenResourcesFiltering - Copying 0 resource from src\main\resources to target\classes
2026-09-13 17:49:15,390 [Worker-62: Building] INFO  o.a.m.s.f.DefaultMavenResourcesFiltering - skip non existing resourceDirectory C:\Users\LMANTHIN\OneDrive - Capgemini\botp\FlightManagementSystem\user-service\src\test\resources
2026-09-13 17:49:44,598 [Worker-64: Building] INFO  o.a.m.s.f.DefaultMavenResourcesFiltering - Copying 1 resource from src\main\resources to target\classes
2026-09-13 17:49:44,603 [Worker-64: Building] INFO  o.a.m.s.f.DefaultMavenResourcesFiltering - Copying 0 resource from src\main\resources to target\classes
2026-09-13 17:49:44,608 [Worker-64: Building] INFO  o.a.m.s.f.DefaultMavenResourcesFiltering - skip non existing resourceDirectory C:\Users\LMANTHIN\OneDrive - Capgemini\botp\FlightManagementSystem\user-service\src\test\resources
2026-09-13 17:50:00,051 [Worker-67: Building] INFO  o.a.m.s.f.DefaultMavenResourcesFiltering - Copying 1 resource from src\main\resources to target\classes
2026-09-13 17:50:00,055 [Worker-67: Building] INFO  o.a.m.s.f.DefaultMavenResourcesFiltering - Copying 0 resource from src\main\resources to target\classes
2026-09-13 17:50:00,057 [Worker-67: Building] INFO  o.a.m.s.f.DefaultMavenResourcesFiltering - skip non existing resourceDirectory C:\Users\LMANTHIN\OneDrive - Capgemini\botp\FlightManagementSystem\user-service\src\test\resources
2026-09-13 17:50:02,670 [Worker-62: Building] INFO  o.a.m.s.f.DefaultMavenResourcesFiltering - Copying 1 resource from src\main\resources to target\classes
2026-09-13 17:50:02,676 [Worker-62: Building] INFO  o.a.m.s.f.DefaultMavenResourcesFiltering - Copying 0 resource from src\main\resources to target\classes
2026-09-13 17:50:02,679 [Worker-62: Building] INFO  o.a.m.s.f.DefaultMavenResourcesFiltering - skip non existing resourceDirectory C:\Users\LMANTHIN\OneDrive - Capgemini\botp\FlightManagementSystem\user-service\src\test\resources
2026-09-13 17:50:05,258 [Worker-63: Building] INFO  o.a.m.s.f.DefaultMavenResourcesFiltering - Copying 1 resource from src\main\resources to target\classes
2026-09-13 17:50:05,264 [Worker-63: Building] INFO  o.a.m.s.f.DefaultMavenResourcesFiltering - Copying 0 resource from src\main\resources to target\classes
2026-09-13 17:50:05,268 [Worker-63: Building] INFO  o.a.m.s.f.DefaultMavenResourcesFiltering - skip non existing resourceDirectory C:\Users\LMANTHIN\OneDrive - Capgemini\botp\FlightManagementSystem\user-service\src\test\resources
2026-09-13 17:50:52,603 [Worker-63: Building] INFO  o.a.m.s.f.DefaultMavenResourcesFiltering - Copying 1 resource from src\main\resources to target\classes
2026-09-13 17:50:52,608 [Worker-63: Building] INFO  o.a.m.s.f.DefaultMavenResourcesFiltering - Copying 0 resource from src\main\resources to target\classes
2026-09-13 17:50:52,611 [Worker-63: Building] INFO  o.a.m.s.f.DefaultMavenResourcesFiltering - skip non existing resourceDirectory C:\Users\LMANTHIN\OneDrive - Capgemini\botp\FlightManagementSystem\user-service\src\test\resources
2026-09-13 17:51:02,577 [Worker-62: Building] INFO  o.a.m.s.f.DefaultMavenResourcesFiltering - Copying 1 resource from src\main\resources to target\classes
2026-09-13 17:51:02,582 [Worker-62: Building] INFO  o.a.m.s.f.DefaultMavenResourcesFiltering - Copying 0 resource from src\main\resources to target\classes
2026-09-13 17:51:02,585 [Worker-62: Building] INFO  o.a.m.s.f.DefaultMavenResourcesFiltering - skip non existing resourceDirectory C:\Users\LMANTHIN\OneDrive - Capgemini\botp\FlightManagementSystem\user-service\src\test\resources
2026-09-13 17:51:16,505 [Worker-63: Building] INFO  o.a.m.s.f.DefaultMavenResourcesFiltering - Copying 1 resource from src\main\resources to target\classes
2026-09-13 17:51:16,513 [Worker-63: Building] INFO  o.a.m.s.f.DefaultMavenResourcesFiltering - Copying 0 resource from src\main\resources to target\classes
2026-09-13 17:51:16,516 [Worker-63: Building] INFO  o.a.m.s.f.DefaultMavenResourcesFiltering - skip non existing resourceDirectory C:\Users\LMANTHIN\OneDrive - Capgemini\botp\FlightManagementSystem\user-service\src\test\resources
2026-09-13 17:51:27,325 [Worker-64: Building] INFO  o.a.m.s.f.DefaultMavenResourcesFiltering - Copying 1 resource from src\main\resources to target\classes
2026-09-13 17:51:27,329 [Worker-64: Building] INFO  o.a.m.s.f.DefaultMavenResourcesFiltering - Copying 0 resource from src\main\resources to target\classes
2026-09-13 17:51:27,332 [Worker-64: Building] INFO  o.a.m.s.f.DefaultMavenResourcesFiltering - skip non existing resourceDirectory C:\Users\LMANTHIN\OneDrive - Capgemini\botp\FlightManagementSystem\user-service\src\test\resources
2026-09-13 17:51:44,863 [Worker-62: Building] INFO  o.a.m.s.f.DefaultMavenResourcesFiltering - Copying 1 resource from src\main\resources to target\classes
2026-09-13 17:51:44,906 [Worker-62: Building] INFO  o.a.m.s.f.DefaultMavenResourcesFiltering - Copying 0 resource from src\main\resources to target\classes
2026-09-13 17:51:44,911 [Worker-62: Building] INFO  o.a.m.s.f.DefaultMavenResourcesFiltering - skip non existing resourceDirectory C:\Users\LMANTHIN\OneDrive - Capgemini\botp\FlightManagementSystem\user-service\src\test\resources
2026-09-13 17:51:52,945 [Worker-57: Building] INFO  o.a.m.s.f.DefaultMavenResourcesFiltering - Copying 1 resource from src\main\resources to target\classes
2026-09-13 17:51:52,950 [Worker-57: Building] INFO  o.a.m.s.f.DefaultMavenResourcesFiltering - Copying 0 resource from src\main\resources to target\classes
2026-09-13 17:51:52,952 [Worker-57: Building] INFO  o.a.m.s.f.DefaultMavenResourcesFiltering - skip non existing resourceDirectory C:\Users\LMANTHIN\OneDrive - Capgemini\botp\FlightManagementSystem\user-service\src\test\resources
2026-09-13 17:54:46,647 [Worker-57: Building] INFO  o.a.m.s.f.DefaultMavenResourcesFiltering - Copying 1 resource from src\main\resources to target\classes
2026-09-13 17:54:46,653 [Worker-57: Building] INFO  o.a.m.s.f.DefaultMavenResourcesFiltering - Copying 0 resource from src\main\resources to target\classes
2026-09-13 17:54:46,657 [Worker-57: Building] INFO  o.a.m.s.f.DefaultMavenResourcesFiltering - skip non existing resourceDirectory C:\Users\LMANTHIN\OneDrive - Capgemini\botp\FlightManagementSystem\user-service\src\test\resources
2026-09-13 17:54:56,990 [Worker-57: Building] INFO  o.a.m.s.f.DefaultMavenResourcesFiltering - Copying 1 resource from src\main\resources to target\classes
2026-09-13 17:54:56,996 [Worker-57: Building] INFO  o.a.m.s.f.DefaultMavenResourcesFiltering - Copying 0 resource from src\main\resources to target\classes
2026-09-13 17:54:57,000 [Worker-57: Building] INFO  o.a.m.s.f.DefaultMavenResourcesFiltering - skip non existing resourceDirectory C:\Users\LMANTHIN\OneDrive - Capgemini\botp\FlightManagementSystem\user-service\src\test\resources
2026-09-13 17:55:40,013 [Worker-67: Building] INFO  o.e.m.c.i.l.LifecycleMappingFactory - Using org.eclipse.m2e.jdt.JarLifecycleMapping lifecycle mapping for MavenProject: com.flightmanagement:user-service:0.0.1-SNAPSHOT @ C:\Users\LMANTHIN\OneDrive - Capgemini\botp\FlightManagementSystem\user-service\pom.xml.
2026-09-13 17:55:41,191 [Worker-67: Building] INFO  o.e.m.c.i.e.AbstractTransferListenerAdapter - Downloading https://repo.maven.apache.org/maven2/io/jsonwebtoken/jjwt-api/0.12.5/jjwt-api-0.12.5.pom
2026-09-13 17:55:41,205 [Worker-67: Building] INFO  o.e.m.c.i.e.AbstractTransferListenerAdapter - Downloaded https://repo.maven.apache.org/maven2/io/jsonwebtoken/jjwt-api/0.12.5/jjwt-api-0.12.5.pom
2026-09-13 17:55:41,270 [Worker-67: Building] INFO  o.e.m.c.i.e.AbstractTransferListenerAdapter - Downloading https://repo.maven.apache.org/maven2/io/jsonwebtoken/jjwt-root/0.12.5/jjwt-root-0.12.5.pom
2026-09-13 17:55:41,292 [Worker-67: Building] INFO  o.e.m.c.i.e.AbstractTransferListenerAdapter - Downloaded https://repo.maven.apache.org/maven2/io/jsonwebtoken/jjwt-root/0.12.5/jjwt-root-0.12.5.pom
2026-09-13 17:55:41,333 [Worker-67: Building] INFO  o.e.m.c.i.e.AbstractTransferListenerAdapter - Downloading https://repo.maven.apache.org/maven2/io/jsonwebtoken/jjwt-impl/0.12.5/jjwt-impl-0.12.5.pom
2026-09-13 17:55:41,350 [Worker-67: Building] INFO  o.e.m.c.i.e.AbstractTransferListenerAdapter - Downloaded https://repo.maven.apache.org/maven2/io/jsonwebtoken/jjwt-impl/0.12.5/jjwt-impl-0.12.5.pom
2026-09-13 17:55:41,409 [Worker-67: Building] INFO  o.e.m.c.i.e.AbstractTransferListenerAdapter - Downloading https://repo.maven.apache.org/maven2/io/jsonwebtoken/jjwt-jackson/0.12.5/jjwt-jackson-0.12.5.pom
2026-09-13 17:55:41,425 [Worker-67: Building] INFO  o.e.m.c.i.e.AbstractTransferListenerAdapter - Downloaded https://repo.maven.apache.org/maven2/io/jsonwebtoken/jjwt-jackson/0.12.5/jjwt-jackson-0.12.5.pom
2026-09-13 17:55:42,341 [Worker-67: Building] INFO  o.e.m.c.i.e.AbstractTransferListenerAdapter - Downloading https://repo.maven.apache.org/maven2/io/jsonwebtoken/jjwt-api/0.12.5/jjwt-api-0.12.5.jar
2026-09-13 17:55:42,421 [Worker-67: Building] INFO  o.e.m.c.i.e.AbstractTransferListenerAdapter - Downloaded https://repo.maven.apache.org/maven2/io/jsonwebtoken/jjwt-api/0.12.5/jjwt-api-0.12.5.jar
2026-09-13 17:55:42,457 [BasicRepositoryConnector-repo.maven.apache.org-9-0] INFO  o.e.m.c.i.e.AbstractTransferListenerAdapter - Downloading https://repo.maven.apache.org/maven2/io/jsonwebtoken/jjwt-impl/0.12.5/jjwt-impl-0.12.5.jar
2026-09-13 17:55:42,521 [BasicRepositoryConnector-repo.maven.apache.org-9-1] INFO  o.e.m.c.i.e.AbstractTransferListenerAdapter - Downloading https://repo.maven.apache.org/maven2/io/jsonwebtoken/jjwt-jackson/0.12.5/jjwt-jackson-0.12.5.jar
2026-09-13 17:55:42,561 [BasicRepositoryConnector-repo.maven.apache.org-9-1] INFO  o.e.m.c.i.e.AbstractTransferListenerAdapter - Downloaded https://repo.maven.apache.org/maven2/io/jsonwebtoken/jjwt-jackson/0.12.5/jjwt-jackson-0.12.5.jar
2026-09-13 17:55:42,565 [BasicRepositoryConnector-repo.maven.apache.org-9-0] INFO  o.e.m.c.i.e.AbstractTransferListenerAdapter - Downloaded https://repo.maven.apache.org/maven2/io/jsonwebtoken/jjwt-impl/0.12.5/jjwt-impl-0.12.5.jar
2026-09-13 17:55:44,102 [Worker-67: Building] INFO  o.a.m.s.f.DefaultMavenResourcesFiltering - Copying 0 resource from src\main\resources to target\classes
2026-09-13 17:55:44,106 [Worker-67: Building] INFO  o.a.m.s.f.DefaultMavenResourcesFiltering - Copying 0 resource from src\main\resources to target\classes
2026-09-13 17:55:44,114 [Worker-67: Building] INFO  o.a.m.s.f.DefaultMavenResourcesFiltering - skip non existing resourceDirectory C:\Users\LMANTHIN\OneDrive - Capgemini\botp\FlightManagementSystem\user-service\src\test\resources
2026-09-13 17:55:44,706 [Worker-64: Download sources and javadoc] INFO  o.e.m.c.i.e.AbstractTransferListenerAdapter - Downloading https://repo.maven.apache.org/maven2/io/jsonwebtoken/jjwt-api/0.12.5/jjwt-api-0.12.5-sources.jar
2026-09-13 17:55:44,837 [Worker-64: Download sources and javadoc] INFO  o.e.m.c.i.e.AbstractTransferListenerAdapter - Downloaded https://repo.maven.apache.org/maven2/io/jsonwebtoken/jjwt-api/0.12.5/jjwt-api-0.12.5-sources.jar
2026-09-13 17:55:44,854 [Worker-64: Download sources and javadoc] INFO  o.e.m.j.internal.DownloadSourcesJob - Downloaded sources for io.jsonwebtoken:jjwt-api:0.12.5
2026-09-13 17:55:44,984 [Worker-64: Download sources and javadoc] INFO  o.e.m.c.i.e.AbstractTransferListenerAdapter - Downloading https://repo.maven.apache.org/maven2/io/jsonwebtoken/jjwt-impl/0.12.5/jjwt-impl-0.12.5-sources.jar
2026-09-13 17:55:45,152 [Worker-64: Download sources and javadoc] INFO  o.e.m.c.i.e.AbstractTransferListenerAdapter - Downloaded https://repo.maven.apache.org/maven2/io/jsonwebtoken/jjwt-impl/0.12.5/jjwt-impl-0.12.5-sources.jar
2026-09-13 17:55:45,175 [Worker-64: Download sources and javadoc] INFO  o.e.m.j.internal.DownloadSourcesJob - Downloaded sources for io.jsonwebtoken:jjwt-impl:0.12.5
2026-09-13 17:55:45,434 [Worker-64: Download sources and javadoc] INFO  o.e.m.c.i.e.AbstractTransferListenerAdapter - Downloading https://repo.maven.apache.org/maven2/io/jsonwebtoken/jjwt-jackson/0.12.5/jjwt-jackson-0.12.5-sources.jar
2026-09-13 17:55:45,469 [Worker-64: Download sources and javadoc] INFO  o.e.m.c.i.e.AbstractTransferListenerAdapter - Downloaded https://repo.maven.apache.org/maven2/io/jsonwebtoken/jjwt-jackson/0.12.5/jjwt-jackson-0.12.5-sources.jar
2026-09-13 17:55:45,483 [Worker-64: Download sources and javadoc] INFO  o.e.m.j.internal.DownloadSourcesJob - Downloaded sources for io.jsonwebtoken:jjwt-jackson:0.12.5
2026-09-13 17:55:47,330 [Worker-62: Building] INFO  o.a.m.s.f.DefaultMavenResourcesFiltering - Copying 1 resource from src\main\resources to target\classes
2026-09-13 17:55:47,357 [Worker-62: Building] INFO  o.a.m.s.f.DefaultMavenResourcesFiltering - Copying 0 resource from src\main\resources to target\classes
2026-09-13 17:55:47,362 [Worker-62: Building] INFO  o.a.m.s.f.DefaultMavenResourcesFiltering - skip non existing resourceDirectory C:\Users\LMANTHIN\OneDrive - Capgemini\botp\FlightManagementSystem\user-service\src\test\resources
2026-09-13 17:56:48,541 [Worker-62: Building] INFO  o.a.m.s.f.DefaultMavenResourcesFiltering - Copying 1 resource from src\main\resources to target\classes
2026-09-13 17:56:48,546 [Worker-62: Building] INFO  o.a.m.s.f.DefaultMavenResourcesFiltering - Copying 0 resource from src\main\resources to target\classes
2026-09-13 17:56:48,549 [Worker-62: Building] INFO  o.a.m.s.f.DefaultMavenResourcesFiltering - skip non existing resourceDirectory C:\Users\LMANTHIN\OneDrive - Capgemini\botp\FlightManagementSystem\user-service\src\test\resources
2026-09-13 17:56:57,888 [Worker-63: Building] INFO  o.a.m.s.f.DefaultMavenResourcesFiltering - Copying 1 resource from src\main\resources to target\classes
2026-09-13 17:56:57,895 [Worker-63: Building] INFO  o.a.m.s.f.DefaultMavenResourcesFiltering - Copying 0 resource from src\main\resources to target\classes
2026-09-13 17:56:57,898 [Worker-63: Building] INFO  o.a.m.s.f.DefaultMavenResourcesFiltering - skip non existing resourceDirectory C:\Users\LMANTHIN\OneDrive - Capgemini\botp\FlightManagementSystem\user-service\src\test\resources
2026-09-13 17:58:02,000 [Worker-63: Building] INFO  o.a.m.s.f.DefaultMavenResourcesFiltering - Copying 1 resource from src\main\resources to target\classes
2026-09-13 17:58:02,006 [Worker-63: Building] INFO  o.a.m.s.f.DefaultMavenResourcesFiltering - Copying 0 resource from src\main\resources to target\classes
2026-09-13 17:58:02,010 [Worker-63: Building] INFO  o.a.m.s.f.DefaultMavenResourcesFiltering - skip non existing resourceDirectory C:\Users\LMANTHIN\OneDrive - Capgemini\botp\FlightManagementSystem\user-service\src\test\resources
2026-09-13 17:58:21,698 [Worker-71: Building] INFO  o.a.m.s.f.DefaultMavenResourcesFiltering - Copying 1 resource from src\main\resources to target\classes
2026-09-13 17:58:21,711 [Worker-71: Building] INFO  o.a.m.s.f.DefaultMavenResourcesFiltering - Copying 0 resource from src\main\resources to target\classes
2026-09-13 17:58:21,715 [Worker-71: Building] INFO  o.a.m.s.f.DefaultMavenResourcesFiltering - skip non existing resourceDirectory C:\Users\LMANTHIN\OneDrive - Capgemini\botp\FlightManagementSystem\user-service\src\test\resources
2026-09-13 17:59:00,621 [Worker-67: Building] INFO  o.a.m.s.f.DefaultMavenResourcesFiltering - Copying 1 resource from src\main\resources to target\classes
2026-09-13 17:59:00,625 [Worker-67: Building] INFO  o.a.m.s.f.DefaultMavenResourcesFiltering - Copying 0 resource from src\main\resources to target\classes
2026-09-13 17:59:00,629 [Worker-67: Building] INFO  o.a.m.s.f.DefaultMavenResourcesFiltering - skip non existing resourceDirectory C:\Users\LMANTHIN\OneDrive - Capgemini\botp\FlightManagementSystem\user-service\src\test\resources
2026-09-13 17:59:11,052 [Worker-68: Building] INFO  o.a.m.s.f.DefaultMavenResourcesFiltering - Copying 1 resource from src\main\resources to target\classes
2026-09-13 17:59:11,061 [Worker-68: Building] INFO  o.a.m.s.f.DefaultMavenResourcesFiltering - Copying 0 resource from src\main\resources to target\classes
2026-09-13 17:59:11,064 [Worker-68: Building] INFO  o.a.m.s.f.DefaultMavenResourcesFiltering - skip non existing resourceDirectory C:\Users\LMANTHIN\OneDrive - Capgemini\botp\FlightManagementSystem\user-service\src\test\resources
2026-09-13 18:00:51,799 [Worker-61: Building] INFO  o.a.m.s.f.DefaultMavenResourcesFiltering - Copying 1 resource from src\main\resources to target\classes
2026-09-13 18:00:51,803 [Worker-61: Building] INFO  o.a.m.s.f.DefaultMavenResourcesFiltering - Copying 0 resource from src\main\resources to target\classes
2026-09-13 18:00:51,807 [Worker-61: Building] INFO  o.a.m.s.f.DefaultMavenResourcesFiltering - skip non existing resourceDirectory C:\Users\LMANTHIN\OneDrive - Capgemini\botp\FlightManagementSystem\user-service\src\test\resources
2026-09-13 18:01:36,338 [Worker-62: Building] INFO  o.a.m.s.f.DefaultMavenResourcesFiltering - Copying 1 resource from src\main\resources to target\classes
2026-09-13 18:01:36,346 [Worker-62: Building] INFO  o.a.m.s.f.DefaultMavenResourcesFiltering - Copying 0 resource from src\main\resources to target\classes
2026-09-13 18:01:36,349 [Worker-62: Building] INFO  o.a.m.s.f.DefaultMavenResourcesFiltering - skip non existing resourceDirectory C:\Users\LMANTHIN\OneDrive - Capgemini\botp\FlightManagementSystem\user-service\src\test\resources
2026-09-13 18:03:04,720 [Worker-63: Building] INFO  o.a.m.s.f.DefaultMavenResourcesFiltering - Copying 1 resource from src\main\resources to target\classes
2026-09-13 18:03:04,726 [Worker-63: Building] INFO  o.a.m.s.f.DefaultMavenResourcesFiltering - Copying 0 resource from src\main\resources to target\classes
2026-09-13 18:03:04,729 [Worker-63: Building] INFO  o.a.m.s.f.DefaultMavenResourcesFiltering - skip non existing resourceDirectory C:\Users\LMANTHIN\OneDrive - Capgemini\botp\FlightManagementSystem\user-service\src\test\resources
2026-09-13 18:03:17,129 [Worker-62: Building] INFO  o.a.m.s.f.DefaultMavenResourcesFiltering - Copying 1 resource from src\main\resources to target\classes
2026-09-13 18:03:17,134 [Worker-62: Building] INFO  o.a.m.s.f.DefaultMavenResourcesFiltering - Copying 0 resource from src\main\resources to target\classes
2026-09-13 18:03:17,136 [Worker-62: Building] INFO  o.a.m.s.f.DefaultMavenResourcesFiltering - skip non existing resourceDirectory C:\Users\LMANTHIN\OneDrive - Capgemini\botp\FlightManagementSystem\user-service\src\test\resources
2026-09-13 18:04:02,636 [Worker-57: Building] INFO  o.a.m.s.f.DefaultMavenResourcesFiltering - Copying 1 resource from src\main\resources to target\classes
2026-09-13 18:04:02,642 [Worker-57: Building] INFO  o.a.m.s.f.DefaultMavenResourcesFiltering - Copying 0 resource from src\main\resources to target\classes
2026-09-13 18:04:02,646 [Worker-57: Building] INFO  o.a.m.s.f.DefaultMavenResourcesFiltering - skip non existing resourceDirectory C:\Users\LMANTHIN\OneDrive - Capgemini\botp\FlightManagementSystem\user-service\src\test\resources
2026-09-13 18:09:37,789 [Worker-67: Building] INFO  o.e.m.c.i.l.LifecycleMappingFactory - Using org.eclipse.m2e.jdt.JarLifecycleMapping lifecycle mapping for MavenProject: com.flightmanagement:user-service:0.0.1-SNAPSHOT @ C:\Users\LMANTHIN\OneDrive - Capgemini\botp\FlightManagementSystem\user-service\pom.xml.
2026-09-13 18:09:40,313 [Worker-67: Building] INFO  o.a.m.s.f.DefaultMavenResourcesFiltering - Copying 0 resource from src\main\resources to target\classes
2026-09-13 18:09:40,316 [Worker-67: Building] INFO  o.a.m.s.f.DefaultMavenResourcesFiltering - Copying 0 resource from src\main\resources to target\classes
2026-09-13 18:09:40,324 [Worker-67: Building] INFO  o.a.m.s.f.DefaultMavenResourcesFiltering - skip non existing resourceDirectory C:\Users\LMANTHIN\OneDrive - Capgemini\botp\FlightManagementSystem\user-service\src\test\resources
2026-09-13 18:09:41,877 [Worker-70: Building] INFO  o.a.m.s.f.DefaultMavenResourcesFiltering - Copying 1 resource from src\main\resources to target\classes
2026-09-13 18:09:41,899 [Worker-70: Building] INFO  o.a.m.s.f.DefaultMavenResourcesFiltering - Copying 0 resource from src\main\resources to target\classes
2026-09-13 18:09:41,902 [Worker-70: Building] INFO  o.a.m.s.f.DefaultMavenResourcesFiltering - skip non existing resourceDirectory C:\Users\LMANTHIN\OneDrive - Capgemini\botp\FlightManagementSystem\user-service\src\test\resources
2026-09-13 18:12:00,770 [Worker-71: Building] INFO  o.a.m.s.f.DefaultMavenResourcesFiltering - Copying 1 resource from src\main\resources to target\classes
2026-09-13 18:12:00,775 [Worker-71: Building] INFO  o.a.m.s.f.DefaultMavenResourcesFiltering - Copying 0 resource from src\main\resources to target\classes
2026-09-13 18:12:00,779 [Worker-71: Building] INFO  o.a.m.s.f.DefaultMavenResourcesFiltering - skip non existing resourceDirectory C:\Users\LMANTHIN\OneDrive - Capgemini\botp\FlightManagementSystem\user-service\src\test\resources
2026-09-13 18:19:46,829 [Worker-68: Building] INFO  o.a.m.s.f.DefaultMavenResourcesFiltering - Copying 1 resource from src\main\resources to target\classes
2026-09-13 18:19:46,837 [Worker-68: Building] INFO  o.a.m.s.f.DefaultMavenResourcesFiltering - Copying 0 resource from src\main\resources to target\classes
2026-09-13 18:19:46,841 [Worker-68: Building] INFO  o.a.m.s.f.DefaultMavenResourcesFiltering - skip non existing resourceDirectory C:\Users\LMANTHIN\OneDrive - Capgemini\botp\FlightManagementSystem\flight-service\src\test\resources
2026-09-13 18:19:55,919 [Worker-63: Building] INFO  o.a.m.s.f.DefaultMavenResourcesFiltering - Copying 1 resource from src\main\resources to target\classes
2026-09-13 18:19:55,924 [Worker-63: Building] INFO  o.a.m.s.f.DefaultMavenResourcesFiltering - Copying 0 resource from src\main\resources to target\classes
2026-09-13 18:19:55,927 [Worker-63: Building] INFO  o.a.m.s.f.DefaultMavenResourcesFiltering - skip non existing resourceDirectory C:\Users\LMANTHIN\OneDrive - Capgemini\botp\FlightManagementSystem\flight-service\src\test\resources
2026-09-13 18:24:47,987 [Worker-77: Building] INFO  o.a.m.s.f.DefaultMavenResourcesFiltering - Copying 1 resource from src\main\resources to target\classes
2026-09-13 18:24:47,992 [Worker-77: Building] INFO  o.a.m.s.f.DefaultMavenResourcesFiltering - Copying 0 resource from src\main\resources to target\classes
2026-09-13 18:24:47,996 [Worker-77: Building] INFO  o.a.m.s.f.DefaultMavenResourcesFiltering - skip non existing resourceDirectory C:\Users\LMANTHIN\OneDrive - Capgemini\botp\FlightManagementSystem\flight-service\src\test\resources
2026-09-13 18:25:13,771 [Worker-73: Building] INFO  o.a.m.s.f.DefaultMavenResourcesFiltering - Copying 1 resource from src\main\resources to target\classes
2026-09-13 18:25:13,777 [Worker-73: Building] INFO  o.a.m.s.f.DefaultMavenResourcesFiltering - Copying 0 resource from src\main\resources to target\classes
2026-09-13 18:25:13,781 [Worker-73: Building] INFO  o.a.m.s.f.DefaultMavenResourcesFiltering - skip non existing resourceDirectory C:\Users\LMANTHIN\OneDrive - Capgemini\botp\FlightManagementSystem\flight-service\src\test\resources
2026-09-13 18:25:43,104 [Worker-57: Building] INFO  o.a.m.s.f.DefaultMavenResourcesFiltering - Copying 1 resource from src\main\resources to target\classes
2026-09-13 18:25:43,108 [Worker-57: Building] INFO  o.a.m.s.f.DefaultMavenResourcesFiltering - Copying 0 resource from src\main\resources to target\classes
2026-09-13 18:25:43,113 [Worker-57: Building] INFO  o.a.m.s.f.DefaultMavenResourcesFiltering - skip non existing resourceDirectory C:\Users\LMANTHIN\OneDrive - Capgemini\botp\FlightManagementSystem\flight-service\src\test\resources
2026-09-13 18:25:58,401 [Worker-78: Building] INFO  o.a.m.s.f.DefaultMavenResourcesFiltering - Copying 1 resource from src\main\resources to target\classes
2026-09-13 18:25:58,408 [Worker-78: Building] INFO  o.a.m.s.f.DefaultMavenResourcesFiltering - Copying 0 resource from src\main\resources to target\classes
2026-09-13 18:25:58,411 [Worker-78: Building] INFO  o.a.m.s.f.DefaultMavenResourcesFiltering - skip non existing resourceDirectory C:\Users\LMANTHIN\OneDrive - Capgemini\botp\FlightManagementSystem\flight-service\src\test\resources
2026-09-13 18:26:12,258 [Worker-81: Building] INFO  o.a.m.s.f.DefaultMavenResourcesFiltering - Copying 1 resource from src\main\resources to target\classes
2026-09-13 18:26:12,263 [Worker-81: Building] INFO  o.a.m.s.f.DefaultMavenResourcesFiltering - Copying 0 resource from src\main\resources to target\classes
2026-09-13 18:26:12,268 [Worker-81: Building] INFO  o.a.m.s.f.DefaultMavenResourcesFiltering - skip non existing resourceDirectory C:\Users\LMANTHIN\OneDrive - Capgemini\botp\FlightManagementSystem\flight-service\src\test\resources
2026-09-13 18:26:29,981 [Worker-68: Building] INFO  o.a.m.s.f.DefaultMavenResourcesFiltering - Copying 1 resource from src\main\resources to target\classes
2026-09-13 18:26:29,998 [Worker-68: Building] INFO  o.a.m.s.f.DefaultMavenResourcesFiltering - Copying 0 resource from src\main\resources to target\classes
2026-09-13 18:26:30,002 [Worker-68: Building] INFO  o.a.m.s.f.DefaultMavenResourcesFiltering - skip non existing resourceDirectory C:\Users\LMANTHIN\OneDrive - Capgemini\botp\FlightManagementSystem\flight-service\src\test\resources
2026-09-13 18:27:11,034 [Worker-82: Building] INFO  o.a.m.s.f.DefaultMavenResourcesFiltering - Copying 1 resource from src\main\resources to target\classes
2026-09-13 18:27:11,041 [Worker-82: Building] INFO  o.a.m.s.f.DefaultMavenResourcesFiltering - Copying 0 resource from src\main\resources to target\classes
2026-09-13 18:27:11,044 [Worker-82: Building] INFO  o.a.m.s.f.DefaultMavenResourcesFiltering - skip non existing resourceDirectory C:\Users\LMANTHIN\OneDrive - Capgemini\botp\FlightManagementSystem\flight-service\src\test\resources
2026-09-13 18:27:23,391 [Worker-72: Building] INFO  o.a.m.s.f.DefaultMavenResourcesFiltering - Copying 1 resource from src\main\resources to target\classes
2026-09-13 18:27:23,399 [Worker-72: Building] INFO  o.a.m.s.f.DefaultMavenResourcesFiltering - Copying 0 resource from src\main\resources to target\classes
2026-09-13 18:27:23,402 [Worker-72: Building] INFO  o.a.m.s.f.DefaultMavenResourcesFiltering - skip non existing resourceDirectory C:\Users\LMANTHIN\OneDrive - Capgemini\botp\FlightManagementSystem\flight-service\src\test\resources
2026-09-13 18:27:39,653 [Worker-75: Building] INFO  o.a.m.s.f.DefaultMavenResourcesFiltering - Copying 1 resource from src\main\resources to target\classes
2026-09-13 18:27:39,662 [Worker-75: Building] INFO  o.a.m.s.f.DefaultMavenResourcesFiltering - Copying 0 resource from src\main\resources to target\classes
2026-09-13 18:27:39,666 [Worker-75: Building] INFO  o.a.m.s.f.DefaultMavenResourcesFiltering - skip non existing resourceDirectory C:\Users\LMANTHIN\OneDrive - Capgemini\botp\FlightManagementSystem\flight-service\src\test\resources
2026-09-13 18:27:57,041 [Worker-82: Building] INFO  o.a.m.s.f.DefaultMavenResourcesFiltering - Copying 1 resource from src\main\resources to target\classes
2026-09-13 18:27:57,046 [Worker-82: Building] INFO  o.a.m.s.f.DefaultMavenResourcesFiltering - Copying 0 resource from src\main\resources to target\classes
2026-09-13 18:27:57,050 [Worker-82: Building] INFO  o.a.m.s.f.DefaultMavenResourcesFiltering - skip non existing resourceDirectory C:\Users\LMANTHIN\OneDrive - Capgemini\botp\FlightManagementSystem\flight-service\src\test\resources
2026-09-13 18:28:32,472 [Worker-61: Building] INFO  o.a.m.s.f.DefaultMavenResourcesFiltering - Copying 1 resource from src\main\resources to target\classes
2026-09-13 18:28:32,476 [Worker-61: Building] INFO  o.a.m.s.f.DefaultMavenResourcesFiltering - Copying 0 resource from src\main\resources to target\classes
2026-09-13 18:28:32,480 [Worker-61: Building] INFO  o.a.m.s.f.DefaultMavenResourcesFiltering - skip non existing resourceDirectory C:\Users\LMANTHIN\OneDrive - Capgemini\botp\FlightManagementSystem\flight-service\src\test\resources
2026-09-13 18:29:06,396 [Worker-79: Building] INFO  o.a.m.s.f.DefaultMavenResourcesFiltering - Copying 1 resource from src\main\resources to target\classes
2026-09-13 18:29:06,401 [Worker-79: Building] INFO  o.a.m.s.f.DefaultMavenResourcesFiltering - Copying 0 resource from src\main\resources to target\classes
2026-09-13 18:29:06,404 [Worker-79: Building] INFO  o.a.m.s.f.DefaultMavenResourcesFiltering - skip non existing resourceDirectory C:\Users\LMANTHIN\OneDrive - Capgemini\botp\FlightManagementSystem\flight-service\src\test\resources
2026-09-13 18:30:11,958 [Worker-75: Building] INFO  o.a.m.s.f.DefaultMavenResourcesFiltering - Copying 1 resource from src\main\resources to target\classes
2026-09-13 18:30:11,966 [Worker-75: Building] INFO  o.a.m.s.f.DefaultMavenResourcesFiltering - Copying 0 resource from src\main\resources to target\classes
2026-09-13 18:30:11,971 [Worker-75: Building] INFO  o.a.m.s.f.DefaultMavenResourcesFiltering - skip non existing resourceDirectory C:\Users\LMANTHIN\OneDrive - Capgemini\botp\FlightManagementSystem\flight-service\src\test\resources
2026-09-13 19:08:56,781 [Worker-75: Building] INFO  o.e.m.c.i.l.LifecycleMappingFactory - Using org.eclipse.m2e.jdt.JarLifecycleMapping lifecycle mapping for MavenProject: com.flightmanagement:booking-service:0.0.1-SNAPSHOT @ C:\Users\LMANTHIN\OneDrive - Capgemini\botp\FlightManagementSystem\booking-service\pom.xml.
2026-09-13 19:08:58,306 [Worker-75: Building] INFO  o.a.m.s.f.DefaultMavenResourcesFiltering - Copying 1 resource from src\main\resources to target\classes
2026-09-13 19:08:58,324 [Worker-75: Building] INFO  o.a.m.s.f.DefaultMavenResourcesFiltering - Copying 0 resource from src\main\resources to target\classes
2026-09-13 19:08:58,328 [Worker-75: Building] INFO  o.a.m.s.f.DefaultMavenResourcesFiltering - skip non existing resourceDirectory C:\Users\LMANTHIN\OneDrive - Capgemini\botp\FlightManagementSystem\booking-service\src\test\resources
2026-09-13 19:08:59,583 [Worker-67: Download sources and javadoc] INFO  o.e.m.c.i.e.AbstractTransferListenerAdapter - Downloading https://repo.maven.apache.org/maven2/org/springdoc/springdoc-openapi-starter-webmvc-ui/2.6.0/springdoc-openapi-starter-webmvc-ui-2.6.0-sources.jar
2026-09-13 19:08:59,626 [Worker-67: Download sources and javadoc] INFO  o.e.m.c.i.e.AbstractTransferListenerAdapter - Downloaded https://repo.maven.apache.org/maven2/org/springdoc/springdoc-openapi-starter-webmvc-ui/2.6.0/springdoc-openapi-starter-webmvc-ui-2.6.0-sources.jar
2026-09-13 19:08:59,648 [Worker-67: Download sources and javadoc] INFO  o.e.m.j.internal.DownloadSourcesJob - Downloaded sources for org.springdoc:springdoc-openapi-starter-webmvc-ui:2.6.0
2026-09-13 19:08:59,716 [Worker-63: Building] INFO  o.a.m.s.f.DefaultMavenResourcesFiltering - Copying 1 resource from src\main\resources to target\classes
2026-09-13 19:08:59,723 [Worker-63: Building] INFO  o.a.m.s.f.DefaultMavenResourcesFiltering - Copying 0 resource from src\main\resources to target\classes
2026-09-13 19:08:59,732 [Worker-63: Building] INFO  o.a.m.s.f.DefaultMavenResourcesFiltering - skip non existing resourceDirectory C:\Users\LMANTHIN\OneDrive - Capgemini\botp\FlightManagementSystem\booking-service\src\test\resources
2026-09-13 19:08:59,922 [Worker-67: Download sources and javadoc] INFO  o.e.m.c.i.e.AbstractTransferListenerAdapter - Downloading https://repo.maven.apache.org/maven2/org/springdoc/springdoc-openapi-starter-webmvc-api/2.6.0/springdoc-openapi-starter-webmvc-api-2.6.0-sources.jar
2026-09-13 19:08:59,982 [Worker-67: Download sources and javadoc] INFO  o.e.m.c.i.e.AbstractTransferListenerAdapter - Downloaded https://repo.maven.apache.org/maven2/org/springdoc/springdoc-openapi-starter-webmvc-api/2.6.0/springdoc-openapi-starter-webmvc-api-2.6.0-sources.jar
2026-09-13 19:09:00,000 [Worker-67: Download sources and javadoc] INFO  o.e.m.j.internal.DownloadSourcesJob - Downloaded sources for org.springdoc:springdoc-openapi-starter-webmvc-api:2.6.0
2026-09-13 19:09:00,195 [Worker-67: Download sources and javadoc] INFO  o.e.m.c.i.e.AbstractTransferListenerAdapter - Downloading https://repo.maven.apache.org/maven2/org/springdoc/springdoc-openapi-starter-common/2.6.0/springdoc-openapi-starter-common-2.6.0-sources.jar
2026-09-13 19:09:00,326 [Worker-67: Download sources and javadoc] INFO  o.e.m.c.i.e.AbstractTransferListenerAdapter - Downloaded https://repo.maven.apache.org/maven2/org/springdoc/springdoc-openapi-starter-common/2.6.0/springdoc-openapi-starter-common-2.6.0-sources.jar
2026-09-13 19:09:00,346 [Worker-67: Download sources and javadoc] INFO  o.e.m.j.internal.DownloadSourcesJob - Downloaded sources for org.springdoc:springdoc-openapi-starter-common:2.6.0
2026-09-13 19:09:00,472 [Worker-67: Download sources and javadoc] INFO  o.e.m.c.i.e.AbstractTransferListenerAdapter - Downloading https://repo.maven.apache.org/maven2/io/swagger/core/v3/swagger-core-jakarta/2.2.22/swagger-core-jakarta-2.2.22-sources.jar
2026-09-13 19:09:00,537 [Worker-67: Download sources and javadoc] INFO  o.e.m.c.i.e.AbstractTransferListenerAdapter - Downloaded https://repo.maven.apache.org/maven2/io/swagger/core/v3/swagger-core-jakarta/2.2.22/swagger-core-jakarta-2.2.22-sources.jar
2026-09-13 19:09:00,554 [Worker-67: Download sources and javadoc] INFO  o.e.m.j.internal.DownloadSourcesJob - Downloaded sources for io.swagger.core.v3:swagger-core-jakarta:2.2.22
2026-09-13 19:09:00,669 [Worker-67: Download sources and javadoc] INFO  o.e.m.c.i.e.AbstractTransferListenerAdapter - Downloading https://repo.maven.apache.org/maven2/io/swagger/core/v3/swagger-annotations-jakarta/2.2.22/swagger-annotations-jakarta-2.2.22-sources.jar
2026-09-13 19:09:00,736 [Worker-67: Download sources and javadoc] INFO  o.e.m.c.i.e.AbstractTransferListenerAdapter - Downloaded https://repo.maven.apache.org/maven2/io/swagger/core/v3/swagger-annotations-jakarta/2.2.22/swagger-annotations-jakarta-2.2.22-sources.jar
2026-09-13 19:09:00,755 [Worker-67: Download sources and javadoc] INFO  o.e.m.j.internal.DownloadSourcesJob - Downloaded sources for io.swagger.core.v3:swagger-annotations-jakarta:2.2.22
2026-09-13 19:09:00,855 [Worker-67: Download sources and javadoc] INFO  o.e.m.c.i.e.AbstractTransferListenerAdapter - Downloading https://repo.maven.apache.org/maven2/io/swagger/core/v3/swagger-models-jakarta/2.2.22/swagger-models-jakarta-2.2.22-sources.jar
2026-09-13 19:09:00,929 [Worker-67: Download sources and javadoc] INFO  o.e.m.c.i.e.AbstractTransferListenerAdapter - Downloaded https://repo.maven.apache.org/maven2/io/swagger/core/v3/swagger-models-jakarta/2.2.22/swagger-models-jakarta-2.2.22-sources.jar
2026-09-13 19:09:00,946 [Worker-67: Download sources and javadoc] INFO  o.e.m.j.internal.DownloadSourcesJob - Downloaded sources for io.swagger.core.v3:swagger-models-jakarta:2.2.22
2026-09-13 19:09:01,030 [Worker-67: Download sources and javadoc] INFO  o.e.m.c.i.e.AbstractTransferListenerAdapter - Downloaded https://repo.maven.apache.org/maven2/org/webjars/swagger-ui/5.17.14/swagger-ui-5.17.14-sources.jar
2026-09-13 19:09:01,041 [Worker-67: Download sources and javadoc] ERROR o.e.m.j.internal.DownloadSourcesJob - Could not download sources for org.webjars:swagger-ui:5.17.14
org.eclipse.core.runtime.CoreException: Could not resolve artifact org.webjars:swagger-ui:jar:sources:5.17.14
	at org.eclipse.m2e.core.internal.embedder.MavenImpl.lambda$7(MavenImpl.java:540)
	at org.eclipse.m2e.core.internal.embedder.MavenExecutionContext.executeBare(MavenExecutionContext.java:458)
	at org.eclipse.m2e.core.internal.embedder.MavenExecutionContext.execute(MavenExecutionContext.java:292)
	at org.eclipse.m2e.core.internal.embedder.MavenExecutionContext.execute(MavenExecutionContext.java:278)
	at org.eclipse.m2e.core.internal.embedder.MavenImpl.resolve(MavenImpl.java:509)
	at org.eclipse.m2e.core.internal.embedder.MavenImpl.resolve(MavenImpl.java:494)
	at org.eclipse.m2e.jdt.internal.DownloadSourcesJob.download(DownloadSourcesJob.java:308)
	at org.eclipse.m2e.jdt.internal.DownloadSourcesJob.downloadAttachments(DownloadSourcesJob.java:282)
	at org.eclipse.m2e.jdt.internal.DownloadSourcesJob.downloadMaven(DownloadSourcesJob.java:252)
	at org.eclipse.m2e.jdt.internal.DownloadSourcesJob.downloadFilesAndPopulateToUpdate(DownloadSourcesJob.java:220)
	at org.eclipse.m2e.jdt.internal.DownloadSourcesJob.lambda$0(DownloadSourcesJob.java:149)
	at org.eclipse.m2e.core.internal.embedder.MavenExecutionContext.executeBare(MavenExecutionContext.java:458)
	at org.eclipse.m2e.core.internal.embedder.MavenExecutionContext.execute(MavenExecutionContext.java:339)
	at org.eclipse.m2e.core.internal.embedder.MavenExecutionContext.execute(MavenExecutionContext.java:278)
	at org.eclipse.m2e.core.embedder.IMaven.execute(IMaven.java:300)
	at org.eclipse.m2e.jdt.internal.DownloadSourcesJob.run(DownloadSourcesJob.java:149)
	at org.eclipse.core.internal.jobs.Worker.run(Worker.java:63)
2026-09-14 14:22:21,471 [Worker-88: Building] INFO  o.e.m.c.i.l.LifecycleMappingFactory - Using org.eclipse.m2e.jdt.JarLifecycleMapping lifecycle mapping for MavenProject: com.flightmanagement:booking-service:0.0.1-SNAPSHOT @ C:\Users\LMANTHIN\OneDrive - Capgemini\botp\FlightManagementSystem\booking-service\pom.xml.
2026-09-14 14:22:32,954 [Worker-88: Building] INFO  o.a.m.s.f.DefaultMavenResourcesFiltering - Copying 1 resource from src\main\resources to target\classes
2026-09-14 14:22:32,981 [Worker-87: Download sources and javadoc] INFO  o.e.m.c.i.e.AbstractTransferListenerAdapter - Downloaded https://repo.maven.apache.org/maven2/org/webjars/swagger-ui/5.17.14/swagger-ui-5.17.14-javadoc.jar
2026-09-14 14:22:33,001 [Worker-87: Download sources and javadoc] ERROR o.e.m.j.internal.DownloadSourcesJob - Could not download javadoc for org.webjars:swagger-ui:5.17.14
org.eclipse.core.runtime.CoreException: Could not resolve artifact org.webjars:swagger-ui:jar:javadoc:5.17.14
	at org.eclipse.m2e.core.internal.embedder.MavenImpl.lambda$7(MavenImpl.java:540)
	at org.eclipse.m2e.core.internal.embedder.MavenExecutionContext.executeBare(MavenExecutionContext.java:458)
	at org.eclipse.m2e.core.internal.embedder.MavenExecutionContext.execute(MavenExecutionContext.java:292)
	at org.eclipse.m2e.core.internal.embedder.MavenExecutionContext.execute(MavenExecutionContext.java:278)
	at org.eclipse.m2e.core.internal.embedder.MavenImpl.resolve(MavenImpl.java:509)
	at org.eclipse.m2e.core.internal.embedder.MavenImpl.resolve(MavenImpl.java:494)
	at org.eclipse.m2e.jdt.internal.DownloadSourcesJob.download(DownloadSourcesJob.java:308)
	at org.eclipse.m2e.jdt.internal.DownloadSourcesJob.downloadAttachments(DownloadSourcesJob.java:294)
	at org.eclipse.m2e.jdt.internal.DownloadSourcesJob.downloadMaven(DownloadSourcesJob.java:252)
	at org.eclipse.m2e.jdt.internal.DownloadSourcesJob.downloadFilesAndPopulateToUpdate(DownloadSourcesJob.java:220)
	at org.eclipse.m2e.jdt.internal.DownloadSourcesJob.lambda$0(DownloadSourcesJob.java:149)
	at org.eclipse.m2e.core.internal.embedder.MavenExecutionContext.executeBare(MavenExecutionContext.java:458)
	at org.eclipse.m2e.core.internal.embedder.MavenExecutionContext.execute(MavenExecutionContext.java:339)
	at org.eclipse.m2e.core.internal.embedder.MavenExecutionContext.execute(MavenExecutionContext.java:278)
	at org.eclipse.m2e.core.embedder.IMaven.execute(IMaven.java:300)
	at org.eclipse.m2e.jdt.internal.DownloadSourcesJob.run(DownloadSourcesJob.java:149)
	at org.eclipse.core.internal.jobs.Worker.run(Worker.java:63)
2026-09-14 14:22:33,817 [Worker-88: Building] INFO  o.a.m.s.f.DefaultMavenResourcesFiltering - Copying 0 resource from src\main\resources to target\classes
2026-09-14 14:22:33,832 [Worker-88: Building] INFO  o.a.m.s.f.DefaultMavenResourcesFiltering - skip non existing resourceDirectory C:\Users\LMANTHIN\OneDrive - Capgemini\botp\FlightManagementSystem\booking-service\src\test\resources
2026-09-14 14:22:51,302 [Worker-88: Building] INFO  o.e.m.c.i.l.LifecycleMappingFactory - Using org.eclipse.m2e.jdt.JarLifecycleMapping lifecycle mapping for MavenProject: com.flightmanagement:eureka-server:0.0.1-SNAPSHOT @ C:\Users\LMANTHIN\OneDrive - Capgemini\botp\FlightManagementSystem\eureka-server\pom.xml.
2026-09-14 14:22:56,844 [Worker-88: Building] INFO  o.a.m.s.f.DefaultMavenResourcesFiltering - Copying 1 resource from src\main\resources to target\classes
2026-09-14 14:22:56,896 [Worker-88: Building] INFO  o.a.m.s.f.DefaultMavenResourcesFiltering - Copying 0 resource from src\main\resources to target\classes
2026-09-14 14:22:56,902 [Worker-88: Building] INFO  o.a.m.s.f.DefaultMavenResourcesFiltering - skip non existing resourceDirectory C:\Users\LMANTHIN\OneDrive - Capgemini\botp\FlightManagementSystem\eureka-server\src\test\resources
2026-09-14 14:22:58,781 [Worker-87: Building] INFO  o.a.m.s.f.DefaultMavenResourcesFiltering - Copying 1 resource from src\main\resources to target\classes
2026-09-14 14:22:58,797 [Worker-87: Building] INFO  o.a.m.s.f.DefaultMavenResourcesFiltering - Copying 0 resource from src\main\resources to target\classes
2026-09-14 14:22:58,804 [Worker-87: Building] INFO  o.a.m.s.f.DefaultMavenResourcesFiltering - skip non existing resourceDirectory C:\Users\LMANTHIN\OneDrive - Capgemini\botp\FlightManagementSystem\booking-service\src\test\resources
2026-09-14 14:24:47,586 [Worker-91: Building] INFO  o.e.m.c.i.l.LifecycleMappingFactory - Using org.eclipse.m2e.jdt.JarLifecycleMapping lifecycle mapping for MavenProject: com.flightmanagement:user-service:0.0.1-SNAPSHOT @ C:\Users\LMANTHIN\OneDrive - Capgemini\botp\FlightManagementSystem\user-service\pom.xml.
2026-09-14 14:24:50,912 [Worker-91: Building] INFO  o.a.m.s.f.DefaultMavenResourcesFiltering - Copying 1 resource from src\main\resources to target\classes
2026-09-14 14:24:50,935 [Worker-91: Building] INFO  o.a.m.s.f.DefaultMavenResourcesFiltering - Copying 0 resource from src\main\resources to target\classes
2026-09-14 14:24:50,942 [Worker-91: Building] INFO  o.a.m.s.f.DefaultMavenResourcesFiltering - skip non existing resourceDirectory C:\Users\LMANTHIN\OneDrive - Capgemini\botp\FlightManagementSystem\user-service\src\test\resources
2026-09-14 14:24:56,146 [Worker-94: Building] INFO  o.e.m.c.i.l.LifecycleMappingFactory - Using org.eclipse.m2e.jdt.JarLifecycleMapping lifecycle mapping for MavenProject: com.flightmanagement:user-service:0.0.1-SNAPSHOT @ C:\Users\LMANTHIN\OneDrive - Capgemini\botp\FlightManagementSystem\user-service\pom.xml.
2026-09-14 14:24:58,594 [Worker-94: Building] INFO  o.a.m.s.f.DefaultMavenResourcesFiltering - Copying 1 resource from src\main\resources to target\classes
2026-09-14 14:24:58,619 [Worker-94: Building] INFO  o.a.m.s.f.DefaultMavenResourcesFiltering - Copying 0 resource from src\main\resources to target\classes
2026-09-14 14:24:58,626 [Worker-94: Building] INFO  o.a.m.s.f.DefaultMavenResourcesFiltering - skip non existing resourceDirectory C:\Users\LMANTHIN\OneDrive - Capgemini\botp\FlightManagementSystem\user-service\src\test\resources
2026-09-14 14:29:50,499 [Worker-71: Building] INFO  o.a.m.s.f.DefaultMavenResourcesFiltering - Copying 1 resource from src\main\resources to target\classes
2026-09-14 14:29:50,508 [Worker-71: Building] INFO  o.a.m.s.f.DefaultMavenResourcesFiltering - Copying 0 resource from src\main\resources to target\classes
2026-09-14 14:29:50,512 [Worker-71: Building] INFO  o.a.m.s.f.DefaultMavenResourcesFiltering - skip non existing resourceDirectory C:\Users\LMANTHIN\OneDrive - Capgemini\botp\FlightManagementSystem\user-service\src\test\resources
2026-09-14 14:33:01,588 [Worker-90: Building] INFO  o.a.m.s.f.DefaultMavenResourcesFiltering - Copying 1 resource from src\main\resources to target\classes
2026-09-14 14:33:01,595 [Worker-90: Building] INFO  o.a.m.s.f.DefaultMavenResourcesFiltering - Copying 0 resource from src\main\resources to target\classes
2026-09-14 14:33:01,600 [Worker-90: Building] INFO  o.a.m.s.f.DefaultMavenResourcesFiltering - skip non existing resourceDirectory C:\Users\LMANTHIN\OneDrive - Capgemini\botp\FlightManagementSystem\user-service\src\test\resources
2026-09-14 14:39:14,822 [Worker-92: Building] INFO  o.a.m.s.f.DefaultMavenResourcesFiltering - Copying 1 resource from src\main\resources to target\classes
2026-09-14 14:39:14,830 [Worker-92: Building] INFO  o.a.m.s.f.DefaultMavenResourcesFiltering - Copying 0 resource from src\main\resources to target\classes
2026-09-14 14:39:14,835 [Worker-92: Building] INFO  o.a.m.s.f.DefaultMavenResourcesFiltering - skip non existing resourceDirectory C:\Users\LMANTHIN\OneDrive - Capgemini\botp\FlightManagementSystem\user-service\src\test\resources
2026-09-14 14:39:31,641 [Worker-71: Building] INFO  o.e.m.c.i.l.LifecycleMappingFactory - Using org.eclipse.m2e.jdt.JarLifecycleMapping lifecycle mapping for MavenProject: com.flightmanagement:flight-service:0.0.1-SNAPSHOT @ C:\Users\LMANTHIN\OneDrive - Capgemini\botp\FlightManagementSystem\flight-service\pom.xml.
2026-09-14 14:39:34,465 [Worker-71: Building] INFO  o.a.m.s.f.DefaultMavenResourcesFiltering - Copying 1 resource from src\main\resources to target\classes
2026-09-14 14:39:34,481 [Worker-71: Building] INFO  o.a.m.s.f.DefaultMavenResourcesFiltering - Copying 0 resource from src\main\resources to target\classes
2026-09-14 14:39:34,490 [Worker-71: Building] INFO  o.a.m.s.f.DefaultMavenResourcesFiltering - skip non existing resourceDirectory C:\Users\LMANTHIN\OneDrive - Capgemini\botp\FlightManagementSystem\flight-service\src\test\resources
2026-09-14 14:39:39,787 [Worker-93: Building] INFO  o.e.m.c.i.l.LifecycleMappingFactory - Using org.eclipse.m2e.jdt.JarLifecycleMapping lifecycle mapping for MavenProject: com.flightmanagement:flight-service:0.0.1-SNAPSHOT @ C:\Users\LMANTHIN\OneDrive - Capgemini\botp\FlightManagementSystem\flight-service\pom.xml.
2026-09-14 14:39:41,412 [Worker-93: Building] INFO  o.a.m.s.f.DefaultMavenResourcesFiltering - Copying 1 resource from src\main\resources to target\classes
2026-09-14 14:39:41,437 [Worker-93: Building] INFO  o.a.m.s.f.DefaultMavenResourcesFiltering - Copying 0 resource from src\main\resources to target\classes
2026-09-14 14:39:41,444 [Worker-93: Building] INFO  o.a.m.s.f.DefaultMavenResourcesFiltering - skip non existing resourceDirectory C:\Users\LMANTHIN\OneDrive - Capgemini\botp\FlightManagementSystem\flight-service\src\test\resources
2026-09-14 14:48:59,089 [Worker-92: Building] INFO  o.a.m.s.f.DefaultMavenResourcesFiltering - Copying 1 resource from src\main\resources to target\classes
2026-09-14 14:48:59,104 [Worker-92: Building] INFO  o.a.m.s.f.DefaultMavenResourcesFiltering - Copying 0 resource from src\main\resources to target\classes
2026-09-14 14:48:59,108 [Worker-92: Building] INFO  o.a.m.s.f.DefaultMavenResourcesFiltering - skip non existing resourceDirectory C:\Users\LMANTHIN\OneDrive - Capgemini\botp\FlightManagementSystem\flight-service\src\test\resources
2026-09-14 14:52:58,330 [Worker-87: Building] INFO  o.a.m.s.f.DefaultMavenResourcesFiltering - Copying 0 resource from src\main\resources to target\classes
2026-09-14 14:52:58,333 [Worker-87: Building] INFO  o.a.m.s.f.DefaultMavenResourcesFiltering - Copying 0 resource from src\main\resources to target\classes
2026-09-14 14:52:58,339 [Worker-87: Building] INFO  o.a.m.s.f.DefaultMavenResourcesFiltering - skip non existing resourceDirectory C:\Users\LMANTHIN\OneDrive - Capgemini\botp\FlightManagementSystem\flight-service\src\test\resources
2026-09-14 14:53:24,196 [Worker-93: Building] INFO  o.a.m.s.f.DefaultMavenResourcesFiltering - Copying 0 resource from src\main\resources to target\classes
2026-09-14 14:53:24,198 [Worker-93: Building] INFO  o.a.m.s.f.DefaultMavenResourcesFiltering - Copying 0 resource from src\main\resources to target\classes
2026-09-14 14:53:24,204 [Worker-93: Building] INFO  o.a.m.s.f.DefaultMavenResourcesFiltering - skip non existing resourceDirectory C:\Users\LMANTHIN\OneDrive - Capgemini\botp\FlightManagementSystem\booking-service\src\test\resources
2026-09-14 15:16:06,974 [Worker-91: Building] INFO  o.a.m.s.f.DefaultMavenResourcesFiltering - Copying 0 resource from src\main\resources to target\classes
2026-09-14 15:16:06,978 [Worker-91: Building] INFO  o.a.m.s.f.DefaultMavenResourcesFiltering - Copying 0 resource from src\main\resources to target\classes
2026-09-14 15:16:06,983 [Worker-91: Building] INFO  o.a.m.s.f.DefaultMavenResourcesFiltering - skip non existing resourceDirectory C:\Users\LMANTHIN\OneDrive - Capgemini\botp\FlightManagementSystem\booking-service\src\test\resources
2026-09-14 15:16:22,709 [Worker-93: Building] INFO  o.e.m.c.i.l.LifecycleMappingFactory - Using org.eclipse.m2e.jdt.JarLifecycleMapping lifecycle mapping for MavenProject: com.flightmanagement:api-gateway:0.0.1-SNAPSHOT @ C:\Users\LMANTHIN\OneDrive - Capgemini\botp\FlightManagementSystem\api-gateway\pom.xml.
2026-09-14 15:16:24,061 [Worker-93: Building] INFO  o.a.m.s.f.DefaultMavenResourcesFiltering - Copying 1 resource from src\main\resources to target\classes
2026-09-14 15:16:24,084 [Worker-93: Building] INFO  o.a.m.s.f.DefaultMavenResourcesFiltering - Copying 0 resource from src\main\resources to target\classes
2026-09-14 15:16:24,090 [Worker-93: Building] INFO  o.a.m.s.f.DefaultMavenResourcesFiltering - skip non existing resourceDirectory C:\Users\LMANTHIN\OneDrive - Capgemini\botp\FlightManagementSystem\api-gateway\src\test\resources
2026-09-14 15:16:24,730 [Worker-93: Building] INFO  o.a.m.s.f.DefaultMavenResourcesFiltering - Copying 1 resource from src\main\resources to target\classes
2026-09-14 15:16:24,743 [Worker-93: Building] INFO  o.a.m.s.f.DefaultMavenResourcesFiltering - Copying 0 resource from src\main\resources to target\classes
2026-09-14 15:16:24,747 [Worker-93: Building] INFO  o.a.m.s.f.DefaultMavenResourcesFiltering - skip non existing resourceDirectory C:\Users\LMANTHIN\OneDrive - Capgemini\botp\FlightManagementSystem\flight-service\src\test\resources
2026-09-14 15:16:26,314 [Worker-92: Building] INFO  o.a.m.s.f.DefaultMavenResourcesFiltering - Copying 1 resource from src\main\resources to target\classes
2026-09-14 15:16:26,321 [Worker-92: Building] INFO  o.a.m.s.f.DefaultMavenResourcesFiltering - Copying 0 resource from src\main\resources to target\classes
2026-09-14 15:16:26,327 [Worker-92: Building] INFO  o.a.m.s.f.DefaultMavenResourcesFiltering - skip non existing resourceDirectory C:\Users\LMANTHIN\OneDrive - Capgemini\botp\FlightManagementSystem\api-gateway\src\test\resources
2026-09-14 15:20:54,186 [Worker-94: Building] INFO  o.a.m.s.f.DefaultMavenResourcesFiltering - Copying 1 resource from src\main\resources to target\classes
2026-09-14 15:20:54,194 [Worker-94: Building] INFO  o.a.m.s.f.DefaultMavenResourcesFiltering - Copying 0 resource from src\main\resources to target\classes
2026-09-14 15:20:54,199 [Worker-94: Building] INFO  o.a.m.s.f.DefaultMavenResourcesFiltering - skip non existing resourceDirectory C:\Users\LMANTHIN\OneDrive - Capgemini\botp\FlightManagementSystem\api-gateway\src\test\resources
2026-09-14 15:23:18,503 [Worker-2: Loading available Gradle versions] INFO  o.e.b.c.i.u.g.PublishedGradleVersions - Gradle version information cache is up-to-date. Trying to read.
2026-09-14 15:24:06,935 [Worker-11: Building] INFO  o.a.m.s.f.DefaultMavenResourcesFiltering - Copying 1 resource from src\main\resources to target\classes
2026-09-14 15:24:06,989 [Worker-11: Building] INFO  o.a.m.s.f.DefaultMavenResourcesFiltering - Copying 0 resource from src\main\resources to target\classes
2026-09-14 15:24:07,005 [Worker-11: Building] INFO  o.a.m.s.f.DefaultMavenResourcesFiltering - skip non existing resourceDirectory C:\Users\LMANTHIN\OneDrive - Capgemini\botp\FlightManagementSystem\user-service\src\test\resources
2026-09-14 15:30:58,734 [Worker-14: Building] INFO  o.a.m.s.f.DefaultMavenResourcesFiltering - Copying 1 resource from src\main\resources to target\classes
2026-09-14 15:30:58,746 [Worker-14: Building] INFO  o.a.m.s.f.DefaultMavenResourcesFiltering - Copying 0 resource from src\main\resources to target\classes
2026-09-14 15:30:58,754 [Worker-14: Building] INFO  o.a.m.s.f.DefaultMavenResourcesFiltering - skip non existing resourceDirectory C:\Users\LMANTHIN\OneDrive - Capgemini\botp\FlightManagementSystem\user-service\src\test\resources
2026-09-14 15:40:01,976 [Worker-2: Loading available Gradle versions] INFO  o.e.b.c.i.u.g.PublishedGradleVersions - Gradle version information cache is up-to-date. Trying to read.
2026-09-14 15:40:14,199 [Worker-0: Building] INFO  o.e.m.c.i.l.LifecycleMappingFactory - Using org.eclipse.m2e.jdt.JarLifecycleMapping lifecycle mapping for MavenProject: com.flightmanagement:api-gateway:0.0.1-SNAPSHOT @ C:\Users\LMANTHIN\OneDrive - Capgemini\botp\FlightManagementSystem\api-gateway\pom.xml.
2026-09-14 15:40:17,162 [Worker-0: Building] INFO  o.a.m.s.f.DefaultMavenResourcesFiltering - Copying 1 resource from src\main\resources to target\classes
2026-09-14 15:40:17,189 [Worker-0: Building] INFO  o.a.m.s.f.DefaultMavenResourcesFiltering - Copying 0 resource from src\main\resources to target\classes
2026-09-14 15:40:17,197 [Worker-0: Building] INFO  o.a.m.s.f.DefaultMavenResourcesFiltering - skip non existing resourceDirectory C:\Users\LMANTHIN\OneDrive - Capgemini\botp\FlightManagementSystem\api-gateway\src\test\resources
2026-09-14 15:40:20,894 [Worker-2: Building] INFO  o.a.m.s.f.DefaultMavenResourcesFiltering - Copying 1 resource from src\main\resources to target\classes
2026-09-14 15:40:20,911 [Worker-2: Building] INFO  o.a.m.s.f.DefaultMavenResourcesFiltering - Copying 0 resource from src\main\resources to target\classes
2026-09-14 15:40:20,919 [Worker-2: Building] INFO  o.a.m.s.f.DefaultMavenResourcesFiltering - skip non existing resourceDirectory C:\Users\LMANTHIN\OneDrive - Capgemini\botp\FlightManagementSystem\api-gateway\src\test\resources
2026-09-14 15:46:57,710 [Worker-4: Building] INFO  o.e.m.c.i.l.LifecycleMappingFactory - Using org.eclipse.m2e.jdt.JarLifecycleMapping lifecycle mapping for MavenProject: com.flightmanagement:user-service:0.0.1-SNAPSHOT @ C:\Users\LMANTHIN\OneDrive - Capgemini\botp\FlightManagementSystem\user-service\pom.xml.
2026-09-14 15:47:00,897 [Worker-4: Building] INFO  o.a.m.s.f.DefaultMavenResourcesFiltering - Copying 1 resource from src\main\resources to target\classes
2026-09-14 15:47:00,927 [Worker-4: Building] INFO  o.a.m.s.f.DefaultMavenResourcesFiltering - Copying 0 resource from src\main\resources to target\classes
2026-09-14 15:47:00,936 [Worker-4: Building] INFO  o.a.m.s.f.DefaultMavenResourcesFiltering - skip non existing resourceDirectory C:\Users\LMANTHIN\OneDrive - Capgemini\botp\FlightManagementSystem\user-service\src\test\resources
2026-09-14 15:47:02,439 [Worker-12: Download sources and javadoc] INFO  o.e.m.c.i.e.AbstractTransferListenerAdapter - Downloading https://repo.maven.apache.org/maven2/org/springdoc/springdoc-openapi-starter-webmvc-ui/2.8.9/springdoc-openapi-starter-webmvc-ui-2.8.9-sources.jar
2026-09-14 15:47:02,480 [Worker-12: Download sources and javadoc] INFO  o.e.m.c.i.e.AbstractTransferListenerAdapter - Downloaded https://repo.maven.apache.org/maven2/org/springdoc/springdoc-openapi-starter-webmvc-ui/2.8.9/springdoc-openapi-starter-webmvc-ui-2.8.9-sources.jar
2026-09-14 15:47:02,495 [Worker-12: Download sources and javadoc] INFO  o.e.m.j.internal.DownloadSourcesJob - Downloaded sources for org.springdoc:springdoc-openapi-starter-webmvc-ui:2.8.9
2026-09-14 15:47:02,698 [Worker-12: Download sources and javadoc] INFO  o.e.m.c.i.e.AbstractTransferListenerAdapter - Downloading https://repo.maven.apache.org/maven2/org/springdoc/springdoc-openapi-starter-webmvc-api/2.8.9/springdoc-openapi-starter-webmvc-api-2.8.9-sources.jar
2026-09-14 15:47:02,768 [Worker-12: Download sources and javadoc] INFO  o.e.m.c.i.e.AbstractTransferListenerAdapter - Downloaded https://repo.maven.apache.org/maven2/org/springdoc/springdoc-openapi-starter-webmvc-api/2.8.9/springdoc-openapi-starter-webmvc-api-2.8.9-sources.jar
2026-09-14 15:47:02,780 [Worker-12: Download sources and javadoc] INFO  o.e.m.j.internal.DownloadSourcesJob - Downloaded sources for org.springdoc:springdoc-openapi-starter-webmvc-api:2.8.9
2026-09-14 15:47:02,891 [Worker-12: Download sources and javadoc] INFO  o.e.m.c.i.e.AbstractTransferListenerAdapter - Downloading https://repo.maven.apache.org/maven2/org/springdoc/springdoc-openapi-starter-common/2.8.9/springdoc-openapi-starter-common-2.8.9-sources.jar
2026-09-14 15:47:03,036 [Worker-12: Download sources and javadoc] INFO  o.e.m.c.i.e.AbstractTransferListenerAdapter - Downloaded https://repo.maven.apache.org/maven2/org/springdoc/springdoc-openapi-starter-common/2.8.9/springdoc-openapi-starter-common-2.8.9-sources.jar
2026-09-14 15:47:03,050 [Worker-12: Download sources and javadoc] INFO  o.e.m.j.internal.DownloadSourcesJob - Downloaded sources for org.springdoc:springdoc-openapi-starter-common:2.8.9
2026-09-14 15:47:03,314 [Worker-12: Download sources and javadoc] INFO  o.e.m.c.i.e.AbstractTransferListenerAdapter - Downloading https://repo.maven.apache.org/maven2/io/swagger/core/v3/swagger-core-jakarta/2.2.30/swagger-core-jakarta-2.2.30-sources.jar
2026-09-14 15:47:03,452 [Worker-12: Download sources and javadoc] INFO  o.e.m.c.i.e.AbstractTransferListenerAdapter - Downloaded https://repo.maven.apache.org/maven2/io/swagger/core/v3/swagger-core-jakarta/2.2.30/swagger-core-jakarta-2.2.30-sources.jar
2026-09-14 15:47:03,466 [Worker-12: Download sources and javadoc] INFO  o.e.m.j.internal.DownloadSourcesJob - Downloaded sources for io.swagger.core.v3:swagger-core-jakarta:2.2.30
2026-09-14 15:47:03,598 [Worker-12: Download sources and javadoc] INFO  o.e.m.c.i.e.AbstractTransferListenerAdapter - Downloading https://repo.maven.apache.org/maven2/io/swagger/core/v3/swagger-annotations-jakarta/2.2.30/swagger-annotations-jakarta-2.2.30-sources.jar
2026-09-14 15:47:03,698 [Worker-12: Download sources and javadoc] INFO  o.e.m.c.i.e.AbstractTransferListenerAdapter - Downloaded https://repo.maven.apache.org/maven2/io/swagger/core/v3/swagger-annotations-jakarta/2.2.30/swagger-annotations-jakarta-2.2.30-sources.jar
2026-09-14 15:47:03,716 [Worker-12: Download sources and javadoc] INFO  o.e.m.j.internal.DownloadSourcesJob - Downloaded sources for io.swagger.core.v3:swagger-annotations-jakarta:2.2.30
2026-09-14 15:47:03,840 [Worker-4: Building] INFO  o.a.m.s.f.DefaultMavenResourcesFiltering - Copying 1 resource from src\main\resources to target\classes
2026-09-14 15:47:03,852 [Worker-12: Download sources and javadoc] INFO  o.e.m.c.i.e.AbstractTransferListenerAdapter - Downloading https://repo.maven.apache.org/maven2/io/swagger/core/v3/swagger-models-jakarta/2.2.30/swagger-models-jakarta-2.2.30-sources.jar
2026-09-14 15:47:03,868 [Worker-4: Building] INFO  o.a.m.s.f.DefaultMavenResourcesFiltering - Copying 0 resource from src\main\resources to target\classes
2026-09-14 15:47:03,876 [Worker-4: Building] INFO  o.a.m.s.f.DefaultMavenResourcesFiltering - skip non existing resourceDirectory C:\Users\LMANTHIN\OneDrive - Capgemini\botp\FlightManagementSystem\user-service\src\test\resources
2026-09-14 15:47:03,983 [Worker-12: Download sources and javadoc] INFO  o.e.m.c.i.e.AbstractTransferListenerAdapter - Downloaded https://repo.maven.apache.org/maven2/io/swagger/core/v3/swagger-models-jakarta/2.2.30/swagger-models-jakarta-2.2.30-sources.jar
2026-09-14 15:47:04,001 [Worker-12: Download sources and javadoc] INFO  o.e.m.j.internal.DownloadSourcesJob - Downloaded sources for io.swagger.core.v3:swagger-models-jakarta:2.2.30
2026-09-14 15:47:04,429 [Worker-12: Download sources and javadoc] INFO  o.e.m.c.i.e.AbstractTransferListenerAdapter - Downloaded https://repo.maven.apache.org/maven2/org/webjars/swagger-ui/5.21.0/swagger-ui-5.21.0-sources.jar
2026-09-14 15:47:04,438 [Worker-12: Download sources and javadoc] ERROR o.e.m.j.internal.DownloadSourcesJob - Could not download sources for org.webjars:swagger-ui:5.21.0
org.eclipse.core.runtime.CoreException: Could not resolve artifact org.webjars:swagger-ui:jar:sources:5.21.0
	at org.eclipse.m2e.core.internal.embedder.MavenImpl.lambda$7(MavenImpl.java:540)
	at org.eclipse.m2e.core.internal.embedder.MavenExecutionContext.executeBare(MavenExecutionContext.java:458)
	at org.eclipse.m2e.core.internal.embedder.MavenExecutionContext.execute(MavenExecutionContext.java:292)
	at org.eclipse.m2e.core.internal.embedder.MavenExecutionContext.execute(MavenExecutionContext.java:278)
	at org.eclipse.m2e.core.internal.embedder.MavenImpl.resolve(MavenImpl.java:509)
	at org.eclipse.m2e.core.internal.embedder.MavenImpl.resolve(MavenImpl.java:494)
	at org.eclipse.m2e.jdt.internal.DownloadSourcesJob.download(DownloadSourcesJob.java:308)
	at org.eclipse.m2e.jdt.internal.DownloadSourcesJob.downloadAttachments(DownloadSourcesJob.java:282)
	at org.eclipse.m2e.jdt.internal.DownloadSourcesJob.downloadMaven(DownloadSourcesJob.java:252)
	at org.eclipse.m2e.jdt.internal.DownloadSourcesJob.downloadFilesAndPopulateToUpdate(DownloadSourcesJob.java:220)
	at org.eclipse.m2e.jdt.internal.DownloadSourcesJob.lambda$0(DownloadSourcesJob.java:149)
	at org.eclipse.m2e.core.internal.embedder.MavenExecutionContext.executeBare(MavenExecutionContext.java:458)
	at org.eclipse.m2e.core.internal.embedder.MavenExecutionContext.execute(MavenExecutionContext.java:339)
	at org.eclipse.m2e.core.internal.embedder.MavenExecutionContext.execute(MavenExecutionContext.java:278)
	at org.eclipse.m2e.core.embedder.IMaven.execute(IMaven.java:300)
	at org.eclipse.m2e.jdt.internal.DownloadSourcesJob.run(DownloadSourcesJob.java:149)
	at org.eclipse.core.internal.jobs.Worker.run(Worker.java:63)
2026-09-14 15:47:04,617 [Worker-12: Download sources and javadoc] INFO  o.e.m.c.i.e.AbstractTransferListenerAdapter - Downloading https://repo.maven.apache.org/maven2/org/webjars/webjars-locator-lite/1.1.0/webjars-locator-lite-1.1.0-sources.jar
2026-09-14 15:47:04,685 [Worker-12: Download sources and javadoc] INFO  o.e.m.c.i.e.AbstractTransferListenerAdapter - Downloaded https://repo.maven.apache.org/maven2/org/webjars/webjars-locator-lite/1.1.0/webjars-locator-lite-1.1.0-sources.jar
2026-09-14 15:47:04,699 [Worker-12: Download sources and javadoc] INFO  o.e.m.j.internal.DownloadSourcesJob - Downloaded sources for org.webjars:webjars-locator-lite:1.1.0
2026-09-14 15:47:45,016 [Worker-3: Download sources and javadoc] INFO  o.e.m.c.i.e.AbstractTransferListenerAdapter - Downloaded https://repo.maven.apache.org/maven2/org/webjars/swagger-ui/5.21.0/swagger-ui-5.21.0-javadoc.jar
2026-09-14 15:47:45,023 [Worker-3: Download sources and javadoc] ERROR o.e.m.j.internal.DownloadSourcesJob - Could not download javadoc for org.webjars:swagger-ui:5.21.0
org.eclipse.core.runtime.CoreException: Could not resolve artifact org.webjars:swagger-ui:jar:javadoc:5.21.0
	at org.eclipse.m2e.core.internal.embedder.MavenImpl.lambda$7(MavenImpl.java:540)
	at org.eclipse.m2e.core.internal.embedder.MavenExecutionContext.executeBare(MavenExecutionContext.java:458)
	at org.eclipse.m2e.core.internal.embedder.MavenExecutionContext.execute(MavenExecutionContext.java:292)
	at org.eclipse.m2e.core.internal.embedder.MavenExecutionContext.execute(MavenExecutionContext.java:278)
	at org.eclipse.m2e.core.internal.embedder.MavenImpl.resolve(MavenImpl.java:509)
	at org.eclipse.m2e.core.internal.embedder.MavenImpl.resolve(MavenImpl.java:494)
	at org.eclipse.m2e.jdt.internal.DownloadSourcesJob.download(DownloadSourcesJob.java:308)
	at org.eclipse.m2e.jdt.internal.DownloadSourcesJob.downloadAttachments(DownloadSourcesJob.java:294)
	at org.eclipse.m2e.jdt.internal.DownloadSourcesJob.downloadMaven(DownloadSourcesJob.java:252)
	at org.eclipse.m2e.jdt.internal.DownloadSourcesJob.downloadFilesAndPopulateToUpdate(DownloadSourcesJob.java:220)
	at org.eclipse.m2e.jdt.internal.DownloadSourcesJob.lambda$0(DownloadSourcesJob.java:149)
	at org.eclipse.m2e.core.internal.embedder.MavenExecutionContext.executeBare(MavenExecutionContext.java:458)
	at org.eclipse.m2e.core.internal.embedder.MavenExecutionContext.execute(MavenExecutionContext.java:339)
	at org.eclipse.m2e.core.internal.embedder.MavenExecutionContext.execute(MavenExecutionContext.java:278)
	at org.eclipse.m2e.core.embedder.IMaven.execute(IMaven.java:300)
	at org.eclipse.m2e.jdt.internal.DownloadSourcesJob.run(DownloadSourcesJob.java:149)
	at org.eclipse.core.internal.jobs.Worker.run(Worker.java:63)
2026-09-14 15:50:38,532 [Worker-1: Loading available Gradle versions] INFO  o.e.b.c.i.u.g.PublishedGradleVersions - Gradle version information cache is up-to-date. Trying to read.
2026-09-14 15:51:01,297 [Worker-12: Building] INFO  o.e.m.c.i.l.LifecycleMappingFactory - Using org.eclipse.m2e.jdt.JarLifecycleMapping lifecycle mapping for MavenProject: com.flightmanagement:api-gateway:0.0.1-SNAPSHOT @ C:\Users\LMANTHIN\OneDrive - Capgemini\botp\FlightManagementSystem\api-gateway\pom.xml.
2026-09-14 15:51:06,644 [Worker-12: Building] INFO  o.a.m.s.f.DefaultMavenResourcesFiltering - Copying 1 resource from src\main\resources to target\classes
2026-09-14 15:51:06,677 [Worker-12: Building] INFO  o.a.m.s.f.DefaultMavenResourcesFiltering - Copying 0 resource from src\main\resources to target\classes
2026-09-14 15:51:06,685 [Worker-12: Building] INFO  o.a.m.s.f.DefaultMavenResourcesFiltering - skip non existing resourceDirectory C:\Users\LMANTHIN\OneDrive - Capgemini\botp\FlightManagementSystem\api-gateway\src\test\resources
2026-09-14 15:51:15,062 [Worker-12: Building] INFO  o.e.m.c.i.l.LifecycleMappingFactory - Using org.eclipse.m2e.jdt.JarLifecycleMapping lifecycle mapping for MavenProject: com.flightmanagement:booking-service:0.0.1-SNAPSHOT @ C:\Users\LMANTHIN\OneDrive - Capgemini\botp\FlightManagementSystem\booking-service\pom.xml.
2026-09-14 15:51:20,054 [Worker-12: Building] INFO  o.a.m.s.f.DefaultMavenResourcesFiltering - Copying 1 resource from src\main\resources to target\classes
2026-09-14 15:51:20,084 [Worker-12: Building] INFO  o.a.m.s.f.DefaultMavenResourcesFiltering - Copying 0 resource from src\main\resources to target\classes
2026-09-14 15:51:20,147 [Worker-12: Building] INFO  o.a.m.s.f.DefaultMavenResourcesFiltering - skip non existing resourceDirectory C:\Users\LMANTHIN\OneDrive - Capgemini\botp\FlightManagementSystem\booking-service\src\test\resources
2026-09-14 15:51:27,387 [Worker-12: Building] INFO  o.e.m.c.i.l.LifecycleMappingFactory - Using org.eclipse.m2e.jdt.JarLifecycleMapping lifecycle mapping for MavenProject: com.flightmanagement:flight-service:0.0.1-SNAPSHOT @ C:\Users\LMANTHIN\OneDrive - Capgemini\botp\FlightManagementSystem\flight-service\pom.xml.
2026-09-14 15:51:31,943 [Worker-12: Building] INFO  o.a.m.s.f.DefaultMavenResourcesFiltering - Copying 1 resource from src\main\resources to target\classes
2026-09-14 15:51:31,973 [Worker-12: Building] INFO  o.a.m.s.f.DefaultMavenResourcesFiltering - Copying 0 resource from src\main\resources to target\classes
2026-09-14 15:51:31,983 [Worker-12: Building] INFO  o.a.m.s.f.DefaultMavenResourcesFiltering - skip non existing resourceDirectory C:\Users\LMANTHIN\OneDrive - Capgemini\botp\FlightManagementSystem\flight-service\src\test\resources
2026-09-14 15:51:38,514 [Worker-11: Building] INFO  o.a.m.s.f.DefaultMavenResourcesFiltering - Copying 1 resource from src\main\resources to target\classes
2026-09-14 15:51:38,534 [Worker-11: Building] INFO  o.a.m.s.f.DefaultMavenResourcesFiltering - Copying 0 resource from src\main\resources to target\classes
2026-09-14 15:51:38,542 [Worker-11: Building] INFO  o.a.m.s.f.DefaultMavenResourcesFiltering - skip non existing resourceDirectory C:\Users\LMANTHIN\OneDrive - Capgemini\botp\FlightManagementSystem\api-gateway\src\test\resources
2026-09-14 15:51:42,712 [Worker-11: Building] INFO  o.a.m.s.f.DefaultMavenResourcesFiltering - Copying 1 resource from src\main\resources to target\classes
2026-09-14 15:51:42,765 [Worker-11: Building] INFO  o.a.m.s.f.DefaultMavenResourcesFiltering - Copying 0 resource from src\main\resources to target\classes
2026-09-14 15:51:42,783 [Worker-11: Building] INFO  o.a.m.s.f.DefaultMavenResourcesFiltering - skip non existing resourceDirectory C:\Users\LMANTHIN\OneDrive - Capgemini\botp\FlightManagementSystem\booking-service\src\test\resources
2026-09-14 15:51:49,327 [Worker-11: Building] INFO  o.a.m.s.f.DefaultMavenResourcesFiltering - Copying 1 resource from src\main\resources to target\classes
2026-09-14 15:51:49,352 [Worker-11: Building] INFO  o.a.m.s.f.DefaultMavenResourcesFiltering - Copying 0 resource from src\main\resources to target\classes
2026-09-14 15:51:49,444 [Worker-11: Building] INFO  o.a.m.s.f.DefaultMavenResourcesFiltering - skip non existing resourceDirectory C:\Users\LMANTHIN\OneDrive - Capgemini\botp\FlightManagementSystem\flight-service\src\test\resources
2026-09-14 17:08:09,578 [Worker-20: Building] INFO  o.e.m.c.i.l.LifecycleMappingFactory - Using org.eclipse.m2e.jdt.JarLifecycleMapping lifecycle mapping for MavenProject: com.flightmanagement:api-gateway:0.0.1-SNAPSHOT @ C:\Users\LMANTHIN\OneDrive - Capgemini\botp\FlightManagementSystem\api-gateway\pom.xml.
2026-09-14 17:08:12,298 [Worker-20: Building] INFO  o.a.m.s.f.DefaultMavenResourcesFiltering - Copying 1 resource from src\main\resources to target\classes
2026-09-14 17:08:12,318 [Worker-20: Building] INFO  o.a.m.s.f.DefaultMavenResourcesFiltering - Copying 0 resource from src\main\resources to target\classes
2026-09-14 17:08:12,327 [Worker-20: Building] INFO  o.a.m.s.f.DefaultMavenResourcesFiltering - skip non existing resourceDirectory C:\Users\LMANTHIN\OneDrive - Capgemini\botp\FlightManagementSystem\api-gateway\src\test\resources
2026-09-14 17:08:12,614 [Worker-20: Building] INFO  o.a.m.s.f.DefaultMavenResourcesFiltering - Copying 1 resource from src\main\resources to target\classes
2026-09-14 17:08:12,619 [Worker-20: Building] INFO  o.a.m.s.f.DefaultMavenResourcesFiltering - Copying 0 resource from src\main\resources to target\classes
2026-09-14 17:08:12,624 [Worker-20: Building] INFO  o.a.m.s.f.DefaultMavenResourcesFiltering - skip non existing resourceDirectory C:\Users\LMANTHIN\OneDrive - Capgemini\botp\FlightManagementSystem\booking-service\src\test\resources
2026-09-14 17:08:16,657 [Worker-20: Building] INFO  o.a.m.s.f.DefaultMavenResourcesFiltering - Copying 1 resource from src\main\resources to target\classes
2026-09-14 17:08:16,702 [Worker-20: Building] INFO  o.a.m.s.f.DefaultMavenResourcesFiltering - Copying 0 resource from src\main\resources to target\classes
2026-09-14 17:08:16,716 [Worker-20: Building] INFO  o.a.m.s.f.DefaultMavenResourcesFiltering - skip non existing resourceDirectory C:\Users\LMANTHIN\OneDrive - Capgemini\botp\FlightManagementSystem\eureka-server\src\test\resources
2026-09-14 17:08:17,176 [Worker-20: Building] INFO  o.a.m.s.f.DefaultMavenResourcesFiltering - Copying 1 resource from src\main\resources to target\classes
2026-09-14 17:08:17,184 [Worker-20: Building] INFO  o.a.m.s.f.DefaultMavenResourcesFiltering - Copying 0 resource from src\main\resources to target\classes
2026-09-14 17:08:17,191 [Worker-20: Building] INFO  o.a.m.s.f.DefaultMavenResourcesFiltering - skip non existing resourceDirectory C:\Users\LMANTHIN\OneDrive - Capgemini\botp\FlightManagementSystem\flight-service\src\test\resources
2026-09-14 17:08:21,252 [Worker-20: Building] INFO  o.a.m.s.f.DefaultMavenResourcesFiltering - Copying 1 resource from src\main\resources to target\classes
2026-09-14 17:08:21,277 [Worker-20: Building] INFO  o.a.m.s.f.DefaultMavenResourcesFiltering - Copying 0 resource from src\main\resources to target\classes
2026-09-14 17:08:21,285 [Worker-20: Building] INFO  o.a.m.s.f.DefaultMavenResourcesFiltering - skip non existing resourceDirectory C:\Users\LMANTHIN\OneDrive - Capgemini\botp\FlightManagementSystem\user-service\src\test\resources
2026-09-14 17:08:23,231 [Worker-20: Building] INFO  o.a.m.s.f.DefaultMavenResourcesFiltering - Copying 1 resource from src\main\resources to target\classes
2026-09-14 17:08:23,249 [Worker-20: Building] INFO  o.a.m.s.f.DefaultMavenResourcesFiltering - Copying 0 resource from src\main\resources to target\classes
2026-09-14 17:08:23,256 [Worker-20: Building] INFO  o.a.m.s.f.DefaultMavenResourcesFiltering - skip non existing resourceDirectory C:\Users\LMANTHIN\OneDrive - Capgemini\botp\FlightManagementSystem\api-gateway\src\test\resources
2026-09-14 17:44:40,789 [Worker-24: Building] INFO  o.e.m.c.i.l.LifecycleMappingFactory - Using org.eclipse.m2e.jdt.JarLifecycleMapping lifecycle mapping for MavenProject: com.flightmanagement:api-gateway:0.0.1-SNAPSHOT @ C:\Users\LMANTHIN\OneDrive - Capgemini\botp\FlightManagementSystem\api-gateway\pom.xml.
2026-09-14 17:44:43,864 [Worker-24: Building] INFO  o.a.m.s.f.DefaultMavenResourcesFiltering - Copying 1 resource from src\main\resources to target\classes
2026-09-14 17:44:43,889 [Worker-24: Building] INFO  o.a.m.s.f.DefaultMavenResourcesFiltering - Copying 0 resource from src\main\resources to target\classes
2026-09-14 17:44:43,900 [Worker-24: Building] INFO  o.a.m.s.f.DefaultMavenResourcesFiltering - skip non existing resourceDirectory C:\Users\LMANTHIN\OneDrive - Capgemini\botp\FlightManagementSystem\api-gateway\src\test\resources
2026-09-14 18:06:04,612 [Worker-1: Loading available Gradle versions] INFO  o.e.b.c.i.u.g.PublishedGradleVersions - Gradle version information cache is out-of-date. Trying to update.
2026-09-14 18:06:23,061 [Worker-11: Building] INFO  o.a.m.s.f.DefaultMavenResourcesFiltering - Copying 1 resource from src\main\resources to target\classes
2026-09-14 18:06:23,084 [Worker-11: Building] INFO  o.a.m.s.f.DefaultMavenResourcesFiltering - Copying 0 resource from src\main\resources to target\classes
2026-09-14 18:06:23,093 [Worker-11: Building] INFO  o.a.m.s.f.DefaultMavenResourcesFiltering - skip non existing resourceDirectory C:\Users\LMANTHIN\OneDrive - Capgemini\botp\FlightManagementSystem\api-gateway\src\test\resources
2026-09-14 18:06:28,229 [Worker-17: Building] INFO  o.a.m.s.f.DefaultMavenResourcesFiltering - Copying 1 resource from src\main\resources to target\classes
2026-09-14 18:06:28,254 [Worker-17: Building] INFO  o.a.m.s.f.DefaultMavenResourcesFiltering - Copying 0 resource from src\main\resources to target\classes
2026-09-14 18:06:28,263 [Worker-17: Building] INFO  o.a.m.s.f.DefaultMavenResourcesFiltering - skip non existing resourceDirectory C:\Users\LMANTHIN\OneDrive - Capgemini\botp\FlightManagementSystem\user-service\src\test\resources
